timestamp,status,voltage_v,current_a,active_power_w,reactive_power_var,apparent_power_va,power_factor,frequency_hz,energy_kwh_meter,kwh_log,kvarh_ind_log,kvarh_cap_log,read_ms,error
2026-10-09T13:40:01+07:00,OK,211.1,7.758,1618.9,202.3,1637.7,0.988,49.98,22.65,0.00000,0.00000,0.00000,78.0,
2026-10-09T13:40:03+07:00,OK,211.1,7.775,1621.2,202.0,1641.3,0.987,49.98,22.65,0.00091,0.00011,0.00000,94.0,
2026-10-09T13:40:05+07:00,OK,210.9,7.753,1615.0,200.9,1635.1,0.987,50.0,22.65,0.00181,0.00023,0.00000,94.0,
2026-10-09T13:40:07+07:00,OK,210.8,7.76,1616.7,200.3,1635.8,0.988,49.99,22.65,0.00270,0.00034,0.00000,109.0,
2026-10-09T13:40:09+07:00,OK,210.8,7.761,1617.2,199.8,1636.0,0.988,50.01,22.65,0.00360,0.00045,0.00000,110.0,
2026-10-09T13:40:11+07:00,OK,211.0,7.765,1619.5,200.3,1638.4,0.988,49.97,22.65,0.00449,0.00056,0.00000,93.0,
2026-10-09T13:40:13+07:00,OK,210.9,7.745,1615.2,200.0,1633.4,0.988,49.98,22.65,0.00539,0.00067,0.00000,93.0,
2026-10-09T13:40:15+07:00,OK,210.8,7.748,1615.1,200.7,1633.3,0.988,49.99,22.65,0.00630,0.00078,0.00000,78.0,
2026-10-09T13:40:17+07:00,OK,210.7,7.747,1612.7,199.6,1632.3,0.988,49.97,22.65,0.00719,0.00089,0.00000,94.0,
2026-10-09T13:40:19+07:00,OK,210.5,7.785,1618.0,200.0,1638.7,0.987,49.98,22.65,0.00808,0.00100,0.00000,109.0,
2026-10-09T13:40:21+07:00,OK,210.8,7.786,1621.4,201.0,1641.3,0.987,49.96,22.66,0.00899,0.00111,0.00000,110.0,
2026-10-09T13:40:23+07:00,OK,210.8,7.756,1616.2,201.4,1635.0,0.988,49.93,22.66,0.00989,0.00123,0.00000,78.0,
2026-10-09T13:40:25+07:00,OK,211.0,7.758,1617.5,202.3,1636.9,0.988,49.97,22.66,0.01079,0.00134,0.00000,94.0,
2026-10-09T13:40:27+07:00,OK,211.0,7.753,1615.8,202.4,1635.9,0.987,49.94,22.66,0.01169,0.00145,0.00000,78.0,
2026-10-09T13:40:29+07:00,OK,211.1,7.78,1621.4,202.4,1642.4,0.987,49.97,22.66,0.01259,0.00156,0.00000,78.0,
2026-10-09T13:40:31+07:00,OK,211.2,7.752,1617.3,203.0,1637.2,0.987,49.99,22.66,0.01348,0.00168,0.00000,93.0,
2026-10-09T13:40:33+07:00,OK,211.3,7.747,1618.2,203.1,1636.9,0.988,49.98,22.66,0.01438,0.00179,0.00000,78.0,
2026-10-09T13:40:35+07:00,OK,211.3,7.744,1616.9,202.1,1636.3,0.988,49.99,22.66,0.01528,0.00190,0.00000,78.0,
2026-10-09T13:40:37+07:00,OK,211.2,7.748,1616.4,202.0,1636.4,0.987,50.0,22.66,0.01618,0.00201,0.00000,94.0,
2026-10-09T13:40:39+07:00,OK,211.2,7.861,1640.1,200.0,1660.2,0.987,50.01,22.66,0.01709,0.00213,0.00000,78.0,
2026-10-09T13:40:41+07:00,OK,211.1,7.747,1616.8,200.6,1635.4,0.988,50.0,22.66,0.01799,0.00224,0.00000,94.0,
2026-10-09T13:40:43+07:00,OK,211.1,7.741,1615.5,200.2,1634.1,0.988,50.0,22.67,0.01889,0.00235,0.00000,78.0,
2026-10-09T13:40:45+07:00,OK,211.1,7.752,1617.0,200.6,1636.4,0.988,50.02,22.67,0.01979,0.00246,0.00000,78.0,
2026-10-09T13:40:47+07:00,OK,211.0,7.755,1616.6,199.8,1636.3,0.987,50.01,22.67,0.02068,0.00257,0.00000,94.0,
2026-10-09T13:40:49+07:00,OK,211.2,7.781,1623.3,199.9,1643.3,0.987,50.02,22.67,0.02158,0.00268,0.00000,78.0,
2026-10-09T13:40:51+07:00,OK,211.1,7.747,1616.6,199.2,1635.4,0.988,50.02,22.67,0.02248,0.00279,0.00000,93.0,
2026-10-09T13:40:53+07:00,OK,211.1,7.741,1615.5,197.6,1634.1,0.988,50.02,22.67,0.02338,0.00290,0.00000,94.0,
2026-10-09T13:40:55+07:00,OK,211.0,7.747,1615.4,197.7,1634.6,0.988,50.04,22.67,0.02428,0.00301,0.00000,78.0,
2026-10-09T13:40:57+07:00,OK,211.1,7.748,1616.0,198.4,1635.6,0.988,50.03,22.67,0.02518,0.00312,0.00000,78.0,
2026-10-09T13:40:59+07:00,OK,210.9,8.483,1771.3,197.8,1789.1,0.99,50.05,22.67,0.02611,0.00323,0.00000,93.0,
2026-10-09T13:41:01+07:00,OK,210.8,8.481,1769.9,196.9,1787.8,0.99,50.04,22.67,0.02710,0.00334,0.00000,78.0,
2026-10-09T13:41:03+07:00,OK,210.8,8.477,1769.1,196.8,1787.0,0.99,50.04,22.68,0.02808,0.00345,0.00000,94.0,
2026-10-09T13:41:05+07:00,OK,211.0,8.473,1769.4,197.4,1787.8,0.989,50.02,22.68,0.02907,0.00356,0.00000,78.0,
2026-10-09T13:41:07+07:00,OK,211.0,8.472,1769.4,198.1,1787.6,0.989,50.05,22.68,0.03005,0.00367,0.00000,78.0,
2026-10-09T13:41:09+07:00,OK,211.0,8.482,1770.9,197.9,1789.7,0.989,50.04,22.68,0.03103,0.00378,0.00000,94.0,
2026-10-09T13:41:11+07:00,OK,210.9,8.492,1773.8,195.7,1791.0,0.99,50.02,22.68,0.03202,0.00389,0.00000,78.0,
2026-10-09T13:41:13+07:00,OK,211.0,8.468,1769.3,198.0,1786.7,0.99,50.02,22.68,0.03300,0.00400,0.00000,94.0,
2026-10-09T13:41:15+07:00,OK,210.8,8.487,1770.9,197.3,1789.1,0.989,50.03,22.68,0.03398,0.00411,0.00000,93.0,
2026-10-09T13:41:17+07:00,OK,210.8,8.478,1768.3,197.3,1787.2,0.989,50.04,22.68,0.03497,0.00422,0.00000,78.0,
2026-10-09T13:41:19+07:00,OK,210.8,8.466,1766.3,197.0,1784.6,0.989,50.03,22.68,0.03595,0.00433,0.00000,94.0,
2026-10-09T13:41:21+07:00,OK,211.0,8.469,1768.0,197.8,1787.0,0.989,50.03,22.68,0.03693,0.00444,0.00000,94.0,
2026-10-09T13:41:23+07:00,OK,210.8,8.462,1766.1,197.0,1783.8,0.99,50.03,22.68,0.03791,0.00455,0.00000,93.0,
2026-10-09T13:41:25+07:00,OK,210.7,8.497,1772.4,196.1,1790.3,0.99,50.04,22.69,0.03889,0.00466,0.00000,93.0,
2026-10-09T13:41:27+07:00,OK,210.7,8.466,1766.5,196.9,1783.8,0.99,50.02,22.69,0.03987,0.00477,0.00000,78.0,
2026-10-09T13:41:29+07:00,OK,210.9,8.469,1767.2,198.1,1786.1,0.989,50.02,22.69,0.04085,0.00488,0.00000,93.0,
2026-10-09T13:41:31+07:00,OK,210.5,8.46,1762.7,196.4,1780.8,0.989,50.03,22.69,0.04183,0.00498,0.00000,93.0,
2026-10-09T13:41:33+07:00,OK,210.5,8.466,1763.9,196.1,1782.1,0.989,50.01,22.69,0.04282,0.00509,0.00000,94.0,
2026-10-09T13:41:35+07:00,OK,210.5,8.48,1767.3,196.5,1785.0,0.99,50.03,22.69,0.04380,0.00520,0.00000,125.0,
2026-10-09T13:41:37+07:00,OK,210.9,8.468,1767.0,197.5,1785.9,0.989,50.03,22.69,0.04478,0.00531,0.00000,78.0,
2026-10-09T13:41:39+07:00,OK,210.8,8.504,1774.2,197.2,1792.6,0.989,50.01,22.69,0.04577,0.00542,0.00000,94.0,
2026-10-09T13:41:41+07:00,OK,210.8,8.464,1766.0,196.5,1784.2,0.989,50.0,22.69,0.04674,0.00553,0.00000,93.0,
2026-10-09T13:41:43+07:00,OK,210.8,8.477,1768.4,197.0,1787.0,0.989,50.06,22.69,0.04773,0.00564,0.00000,109.0,
2026-10-09T13:41:45+07:00,OK,210.8,8.467,1765.6,197.6,1784.8,0.989,50.03,22.7,0.04871,0.00575,0.00000,109.0,
2026-10-09T13:41:47+07:00,OK,210.4,8.461,1762.2,195.9,1780.2,0.989,50.04,22.7,0.04969,0.00586,0.00000,93.0,
2026-10-09T13:41:49+07:00,OK,210.7,7.755,1614.6,197.0,1634.0,0.988,50.03,22.7,0.05063,0.00597,0.00000,94.0,
2026-10-09T13:41:51+07:00,OK,210.7,7.726,1609.4,197.2,1627.9,0.988,50.02,22.7,0.05153,0.00608,0.00000,78.0,
2026-10-09T13:41:53+07:00,OK,211.0,7.762,1618.2,197.5,1637.8,0.988,50.03,22.7,0.05242,0.00619,0.00000,78.0,
2026-10-09T13:41:55+07:00,OK,211.0,7.721,1610.0,198.5,1629.1,0.988,50.05,22.7,0.05332,0.00630,0.00000,94.0,
2026-10-09T13:41:57+07:00,OK,211.4,6.766,1385.8,199.1,1430.3,0.968,50.03,22.7,0.05415,0.00641,0.00000,78.0,
2026-10-09T13:41:59+07:00,OK,211.9,5.445,1125.5,190.2,1153.8,0.975,50.04,22.7,0.05485,0.00652,0.00000,94.0,
2026-10-09T13:42:01+07:00,OK,211.9,5.409,1119.0,189.9,1146.2,0.976,50.02,22.7,0.05547,0.00662,0.00000,78.0,
2026-10-09T13:42:03+07:00,OK,211.8,5.435,1124.5,189.1,1151.1,0.976,50.0,22.7,0.05609,0.00673,0.00000,93.0,
2026-10-09T13:42:05+07:00,OK,211.8,5.404,1119.2,189.2,1144.6,0.977,50.03,22.7,0.05672,0.00683,0.00000,78.0,
2026-10-09T13:42:07+07:00,OK,212.1,5.41,1121.5,190.2,1147.5,0.977,50.03,22.7,0.05734,0.00694,0.00000,94.0,
2026-10-09T13:42:09+07:00,OK,212.0,5.428,1123.9,190.7,1150.7,0.976,50.0,22.7,0.05796,0.00704,0.00000,93.0,
2026-10-09T13:42:11+07:00,OK,211.8,5.44,1124.8,189.2,1152.2,0.976,50.01,22.71,0.05859,0.00715,0.00000,93.0,
2026-10-09T13:42:13+07:00,OK,212.0,5.442,1125.2,189.8,1153.7,0.975,50.02,22.71,0.05922,0.00726,0.00000,94.0,
2026-10-09T13:42:15+07:00,OK,212.1,5.42,1122.2,190.7,1149.6,0.976,50.04,22.71,0.05984,0.00736,0.00000,78.0,
2026-10-09T13:42:17+07:00,OK,212.0,5.426,1124.3,190.8,1150.3,0.977,50.04,22.71,0.06047,0.00747,0.00000,78.0,
2026-10-09T13:42:19+07:00,OK,211.9,5.458,1130.3,190.9,1156.6,0.977,50.05,22.71,0.06109,0.00757,0.00000,94.0,
2026-10-09T13:42:21+07:00,OK,212.0,5.465,1130.3,190.9,1158.6,0.975,50.02,22.71,0.06171,0.00768,0.00000,93.0,
2026-10-09T13:42:23+07:00,OK,211.6,5.731,1185.7,187.9,1212.7,0.977,50.02,22.71,0.06236,0.00778,0.00000,93.0,
2026-10-09T13:42:25+07:00,OK,211.5,5.629,1165.6,188.4,1190.5,0.979,50.02,22.71,0.06301,0.00789,0.00000,93.0,
2026-10-09T13:42:27+07:00,OK,211.4,5.643,1166.6,187.8,1192.9,0.977,50.01,22.71,0.06366,0.00799,0.00000,78.0,
2026-10-09T13:42:29+07:00,OK,211.6,5.636,1166.7,188.3,1192.6,0.978,50.01,22.71,0.06431,0.00810,0.00000,78.0,
2026-10-09T13:42:31+07:00,OK,211.7,5.598,1160.7,189.4,1185.1,0.979,50.01,22.71,0.06496,0.00820,0.00000,94.0,
2026-10-09T13:42:33+07:00,OK,211.4,5.624,1163.4,187.8,1188.9,0.978,50.02,22.71,0.06560,0.00831,0.00000,93.0,
2026-10-09T13:42:35+07:00,OK,211.5,5.614,1160.9,188.6,1187.4,0.977,50.03,22.71,0.06624,0.00841,0.00000,93.0,
2026-10-09T13:42:37+07:00,OK,211.8,5.617,1162.5,189.8,1189.7,0.977,50.01,22.71,0.06689,0.00852,0.00000,93.0,
2026-10-09T13:42:39+07:00,OK,211.7,5.641,1168.5,189.7,1194.2,0.978,50.01,22.71,0.06754,0.00862,0.00000,78.0,
2026-10-09T13:42:41+07:00,OK,211.4,5.66,1171.5,187.9,1196.5,0.979,50.01,22.72,0.06819,0.00873,0.00000,93.0,
2026-10-09T13:42:43+07:00,OK,211.4,5.62,1163.1,187.2,1188.1,0.979,50.0,22.72,0.06884,0.00883,0.00000,93.0,
2026-10-09T13:42:45+07:00,OK,211.6,5.609,1160.9,189.0,1186.9,0.978,50.0,22.72,0.06949,0.00894,0.00000,78.0,
2026-10-09T13:42:47+07:00,OK,211.4,5.612,1160.0,188.8,1186.4,0.977,49.98,22.72,0.07013,0.00904,0.00000,78.0,
2026-10-09T13:42:49+07:00,OK,211.6,5.633,1165.6,189.0,1191.9,0.977,49.98,22.72,0.07078,0.00915,0.00000,94.0,
2026-10-09T13:42:51+07:00,OK,211.7,5.602,1160.9,189.6,1185.9,0.978,49.98,22.72,0.07142,0.00925,0.00000,78.0,
2026-10-09T13:42:53+07:00,OK,211.5,5.657,1171.5,189.4,1196.5,0.979,50.0,22.72,0.07207,0.00936,0.00000,94.0,
2026-10-09T13:42:55+07:00,OK,211.3,5.616,1160.7,189.2,1186.7,0.978,49.98,22.72,0.07272,0.00946,0.00000,78.0,
2026-10-09T13:42:57+07:00,OK,211.2,5.627,1162.3,188.9,1188.4,0.978,49.99,22.72,0.07336,0.00957,0.00000,94.0,
2026-10-09T13:42:59+07:00,OK,211.4,5.634,1164.4,189.6,1191.0,0.977,49.99,22.72,0.07401,0.00967,0.00000,78.0,
2026-10-09T13:43:01+07:00,OK,210.6,7.449,1534.3,240.4,1568.8,0.978,50.0,22.72,0.07476,0.00979,0.00000,94.0,
2026-10-09T13:43:03+07:00,OK,211.3,5.625,1163.7,190.9,1188.6,0.979,49.98,22.72,0.07551,0.00991,0.00000,110.0,
2026-10-09T13:43:05+07:00,OK,211.6,5.599,1159.6,190.0,1184.7,0.978,49.98,22.72,0.07615,0.01002,0.00000,93.0,
2026-10-09T13:43:07+07:00,OK,211.5,5.595,1158.7,189.8,1183.3,0.979,50.01,22.72,0.07679,0.01012,0.00000,93.0,
2026-10-09T13:43:09+07:00,OK,211.4,5.614,1161.0,189.2,1186.8,0.978,50.0,22.72,0.07744,0.01023,0.00000,93.0,
2026-10-09T13:43:11+07:00,OK,211.5,5.596,1157.5,189.5,1183.6,0.978,50.0,22.73,0.07809,0.01033,0.00000,94.0,
2026-10-09T13:43:13+07:00,OK,211.5,5.593,1156.6,189.8,1182.9,0.977,50.0,22.73,0.07873,0.01044,0.00000,110.0,
2026-10-09T13:43:15+07:00,OK,211.6,5.598,1158.8,190.7,1184.5,0.978,49.99,22.73,0.07937,0.01054,0.00000,93.0,
2026-10-09T13:43:17+07:00,OK,211.7,5.597,1159.6,191.2,1184.9,0.978,50.01,22.73,0.08001,0.01065,0.00000,93.0,
2026-10-09T13:43:19+07:00,OK,211.4,5.363,1112.6,167.6,1133.7,0.981,50.0,22.73,0.08065,0.01075,0.00000,78.0,
2026-10-09T13:43:21+07:00,OK,211.4,5.305,1103.0,129.5,1121.5,0.983,50.03,22.73,0.08126,0.01083,0.00000,94.0,
2026-10-09T13:43:23+07:00,OK,211.6,5.304,1103.4,128.1,1122.3,0.983,50.01,22.73,0.08188,0.01090,0.00000,78.0,
2026-10-09T13:43:25+07:00,OK,211.6,5.305,1104.3,128.1,1122.5,0.983,50.0,22.73,0.08249,0.01097,0.00000,94.0,
2026-10-09T13:43:27+07:00,OK,211.6,5.302,1104.4,128.2,1121.9,0.984,50.0,22.73,0.08310,0.01105,0.00000,93.0,
2026-10-09T13:43:29+07:00,OK,212.0,5.287,1103.7,129.4,1120.8,0.984,49.99,22.73,0.08372,0.01112,0.00000,78.0,
2026-10-09T13:43:31+07:00,OK,211.8,5.287,1101.7,128.6,1119.8,0.983,50.03,22.73,0.08433,0.01119,0.00000,94.0,
2026-10-09T13:43:33+07:00,OK,211.9,5.302,1104.4,128.9,1123.5,0.983,50.02,22.73,0.08494,0.01126,0.00000,78.0,
2026-10-09T13:43:35+07:00,OK,211.8,5.298,1103.7,128.9,1122.1,0.983,50.02,22.73,0.08556,0.01133,0.00000,94.0,
2026-10-09T13:43:37+07:00,OK,211.5,6.22,1277.3,173.6,1315.5,0.97,50.01,22.73,0.08622,0.01142,0.00000,78.0,
2026-10-09T13:43:39+07:00,OK,211.9,5.293,1104.9,130.7,1121.6,0.985,49.99,22.73,0.08688,0.01150,0.00000,94.0,
2026-10-09T13:43:41+07:00,OK,211.7,5.296,1103.5,128.5,1121.2,0.984,50.01,22.73,0.08749,0.01157,0.00000,78.0,
2026-10-09T13:43:43+07:00,OK,211.7,5.306,1104.4,127.6,1123.3,0.983,50.01,22.74,0.08811,0.01164,0.00000,78.0,
2026-10-09T13:43:45+07:00,OK,212.0,5.302,1105.4,128.7,1124.0,0.983,50.02,22.74,0.08872,0.01172,0.00000,78.0,
2026-10-09T13:43:47+07:00,OK,212.1,5.303,1107.5,128.9,1124.8,0.984,50.03,22.74,0.08933,0.01179,0.00000,78.0,
2026-10-09T13:43:49+07:00,OK,212.1,5.29,1105.1,129.2,1122.0,0.984,50.02,22.74,0.08994,0.01186,0.00000,78.0,
2026-10-09T13:43:51+07:00,OK,212.0,5.296,1104.9,129.2,1122.8,0.984,50.02,22.74,0.09056,0.01193,0.00000,94.0,
2026-10-09T13:43:53+07:00,OK,211.9,5.309,1106.0,128.4,1125.0,0.983,50.01,22.74,0.09118,0.01200,0.00000,78.0,
2026-10-09T13:43:55+07:00,OK,212.1,5.3,1105.1,128.5,1124.1,0.983,50.01,22.74,0.09179,0.01207,0.00000,94.0,
2026-10-09T13:43:57+07:00,OK,212.1,5.293,1104.3,129.0,1122.6,0.983,50.01,22.74,0.09240,0.01214,0.00000,93.0,
2026-10-09T13:43:59+07:00,OK,212.0,5.293,1104.7,128.1,1122.1,0.984,50.02,22.74,0.09301,0.01222,0.00000,93.0,
2026-10-09T13:44:01+07:00,OK,212.0,5.279,1102.4,128.6,1119.1,0.985,50.04,22.74,0.09363,0.01229,0.00000,93.0,
2026-10-09T13:44:03+07:00,OK,211.7,5.306,1105.6,128.2,1123.3,0.984,50.02,22.74,0.09424,0.01236,0.00000,93.0,
2026-10-09T13:44:05+07:00,OK,211.6,5.293,1102.1,128.1,1120.0,0.984,50.01,22.74,0.09485,0.01243,0.00000,93.0,
2026-10-09T13:44:07+07:00,OK,211.0,7.546,1575.1,188.6,1592.2,0.989,50.02,22.74,0.09560,0.01252,0.00000,78.0,
2026-10-09T13:44:09+07:00,OK,212.0,5.287,1101.9,131.3,1120.8,0.983,50.0,22.74,0.09635,0.01261,0.00000,94.0,
2026-10-09T13:44:11+07:00,OK,212.0,5.272,1099.5,128.6,1117.7,0.983,50.01,22.74,0.09695,0.01268,0.00000,93.0,
2026-10-09T13:44:13+07:00,OK,212.0,5.344,1114.4,127.3,1132.9,0.983,50.0,22.74,0.09757,0.01275,0.00000,94.0,
2026-10-09T13:44:15+07:00,OK,211.8,5.271,1099.0,128.1,1116.4,0.984,50.03,22.75,0.09818,0.01282,0.00000,93.0,
2026-10-09T13:44:17+07:00,OK,211.8,5.284,1101.4,128.8,1119.2,0.984,49.99,22.75,0.09880,0.01289,0.00000,78.0,
2026-10-09T13:44:19+07:00,OK,212.1,5.274,1101.5,129.0,1118.6,0.984,50.01,22.75,0.09941,0.01296,0.00000,94.0,
2026-10-09T13:44:21+07:00,OK,212.2,5.279,1101.9,129.7,1120.2,0.983,50.01,22.75,0.10002,0.01304,0.00000,78.0,
2026-10-09T13:44:23+07:00,OK,211.8,5.283,1100.8,129.2,1118.9,0.983,50.0,22.75,0.10063,0.01311,0.00000,94.0,
2026-10-09T13:44:25+07:00,OK,211.6,5.321,1106.6,128.6,1125.9,0.982,50.0,22.75,0.10125,0.01318,0.00000,78.0,
2026-10-09T13:44:27+07:00,OK,211.7,5.296,1102.6,129.5,1121.2,0.983,49.99,22.75,0.10186,0.01325,0.00000,94.0,
2026-10-09T13:44:29+07:00,OK,211.7,5.313,1106.2,128.8,1124.8,0.983,49.99,22.75,0.10247,0.01332,0.00000,109.0,
2026-10-09T13:44:31+07:00,OK,212.1,5.275,1101.5,129.3,1118.8,0.984,49.99,22.75,0.10309,0.01339,0.00000,110.0,
2026-10-09T13:44:33+07:00,OK,212.1,5.28,1101.8,129.3,1119.9,0.983,49.98,22.75,0.10370,0.01347,0.00000,93.0,
2026-10-09T13:44:35+07:00,OK,212.1,5.323,1110.8,129.7,1129.0,0.983,49.99,22.75,0.10432,0.01354,0.00000,94.0,
2026-10-09T13:44:37+07:00,OK,211.9,5.279,1101.9,129.9,1118.6,0.985,49.99,22.75,0.10493,0.01361,0.00000,78.0,
2026-10-09T13:44:39+07:00,OK,211.4,5.284,1100.1,129.1,1117.0,0.984,49.99,22.75,0.10554,0.01368,0.00000,94.0,
2026-10-09T13:44:41+07:00,OK,211.7,5.287,1100.7,129.1,1119.3,0.983,49.98,22.75,0.10615,0.01375,0.00000,125.0,
2026-10-09T13:44:43+07:00,OK,210.7,8.248,1667.0,262.2,1737.9,0.959,49.97,22.75,0.10692,0.01386,0.00000,94.0,
2026-10-09T13:44:45+07:00,OK,211.8,5.321,1106.5,135.6,1127.0,0.981,49.95,22.75,0.10769,0.01397,0.00000,93.0,
2026-10-09T13:44:47+07:00,OK,212.0,5.302,1104.7,131.1,1124.0,0.982,49.97,22.76,0.10830,0.01405,0.00000,93.0,
2026-10-09T13:44:49+07:00,OK,210.9,5.288,1098.2,128.4,1115.2,0.984,49.97,22.76,0.10891,0.01412,0.00000,93.0,
2026-10-09T13:44:51+07:00,OK,211.8,5.301,1105.0,128.1,1122.8,0.984,49.98,22.76,0.10953,0.01419,0.00000,93.0,
2026-10-09T13:44:53+07:00,OK,211.9,5.284,1102.0,129.8,1119.7,0.984,49.98,22.76,0.11014,0.01426,0.00000,78.0,
2026-10-09T13:44:55+07:00,OK,211.7,5.302,1103.6,129.7,1122.4,0.983,49.99,22.76,0.11076,0.01433,0.00000,94.0,
2026-10-09T13:44:57+07:00,OK,211.5,5.299,1102.1,128.9,1120.7,0.983,49.97,22.76,0.11137,0.01441,0.00000,78.0,
2026-10-09T13:44:59+07:00,OK,211.5,5.382,1119.5,128.3,1138.3,0.983,49.97,22.76,0.11199,0.01448,0.00000,94.0,
2026-10-09T13:45:01+07:00,OK,211.3,5.305,1103.1,127.9,1120.9,0.984,49.97,22.76,0.11260,0.01455,0.00000,93.0,
2026-10-09T13:45:03+07:00,OK,211.5,5.296,1102.5,128.9,1120.1,0.984,49.97,22.76,0.11321,0.01462,0.00000,93.0,
2026-10-09T13:45:05+07:00,OK,211.7,5.295,1102.5,129.5,1121.0,0.983,49.97,22.76,0.11383,0.01469,0.00000,78.0,
2026-10-09T13:45:07+07:00,OK,211.9,5.299,1103.0,129.9,1122.9,0.982,49.98,22.76,0.11445,0.01476,0.00000,78.0,
2026-10-09T13:45:09+07:00,OK,212.1,5.292,1103.2,128.6,1122.4,0.982,49.99,22.76,0.11505,0.01484,0.00000,94.0,
2026-10-09T13:45:11+07:00,OK,211.8,5.307,1105.7,128.4,1124.0,0.983,50.0,22.76,0.11567,0.01491,0.00000,94.0,
2026-10-09T13:45:13+07:00,OK,211.9,5.286,1102.8,129.2,1120.1,0.984,50.0,22.76,0.11628,0.01498,0.00000,93.0,
2026-10-09T13:45:15+07:00,OK,211.7,5.297,1103.9,127.9,1121.4,0.984,50.0,22.76,0.11689,0.01505,0.00000,93.0,
2026-10-09T13:45:17+07:00,OK,211.7,5.3,1104.3,127.7,1122.0,0.984,50.03,22.76,0.11750,0.01512,0.00000,93.0,
2026-10-09T13:45:19+07:00,OK,211.7,5.298,1102.9,127.2,1121.6,0.983,50.01,22.77,0.11812,0.01519,0.00000,94.0,
2026-10-09T13:45:21+07:00,OK,211.8,5.3,1103.9,127.9,1122.5,0.983,50.02,22.77,0.11873,0.01526,0.00000,78.0,
2026-10-09T13:45:23+07:00,OK,211.9,5.302,1105.3,127.2,1123.5,0.983,50.03,22.77,0.11935,0.01533,0.00000,78.0,
2026-10-09T13:45:25+07:00,OK,211.6,5.306,1105.2,127.3,1122.7,0.984,50.0,22.77,0.11996,0.01540,0.00000,78.0,
2026-10-09T13:45:27+07:00,OK,211.5,5.315,1106.3,125.6,1124.1,0.984,50.03,22.77,0.12058,0.01547,0.00000,94.0,
2026-10-09T13:45:29+07:00,OK,211.6,5.283,1100.1,126.3,1117.9,0.984,50.03,22.77,0.12119,0.01554,0.00000,78.0,
2026-10-09T13:45:31+07:00,OK,211.6,5.292,1101.2,126.5,1119.8,0.983,50.03,22.77,0.12180,0.01561,0.00000,78.0,
2026-10-09T13:45:33+07:00,OK,211.9,5.288,1101.9,127.6,1120.5,0.983,50.02,22.77,0.12241,0.01568,0.00000,93.0,
2026-10-09T13:45:35+07:00,OK,210.9,7.609,1588.7,195.2,1604.7,0.99,50.04,22.77,0.12316,0.01578,0.00000,94.0,
2026-10-09T13:45:37+07:00,OK,211.8,5.284,1101.8,131.1,1119.2,0.984,50.02,22.77,0.12390,0.01587,0.00000,93.0,
2026-10-09T13:45:39+07:00,OK,211.7,5.292,1103.2,127.2,1120.3,0.984,50.04,22.77,0.12451,0.01594,0.00000,93.0,
2026-10-09T13:45:41+07:00,OK,211.7,5.278,1100.7,126.6,1117.4,0.985,50.03,22.77,0.12513,0.01601,0.00000,78.0,
2026-10-09T13:45:43+07:00,OK,211.6,5.288,1101.0,126.8,1118.9,0.984,50.03,22.77,0.12574,0.01608,0.00000,94.0,
2026-10-09T13:45:45+07:00,OK,211.9,5.317,1108.0,125.5,1126.7,0.983,50.03,22.77,0.12636,0.01615,0.00000,78.0,
2026-10-09T13:45:47+07:00,OK,211.8,5.294,1101.9,127.2,1121.3,0.982,50.04,22.77,0.12697,0.01622,0.00000,94.0,
2026-10-09T13:45:49+07:00,OK,211.8,5.282,1099.7,127.3,1118.7,0.983,50.04,22.77,0.12758,0.01629,0.00000,93.0,
2026-10-09T13:45:51+07:00,OK,211.7,5.278,1098.6,127.3,1117.4,0.983,50.05,22.78,0.12819,0.01636,0.00000,78.0,
2026-10-09T13:45:53+07:00,OK,211.8,5.301,1104.6,127.7,1122.8,0.983,50.04,22.78,0.12880,0.01643,0.00000,94.0,
2026-10-09T13:45:55+07:00,OK,211.7,5.279,1100.6,127.2,1117.6,0.984,50.02,22.78,0.12941,0.01650,0.00000,109.0,
2026-10-09T13:45:57+07:00,OK,211.8,5.292,1103.5,127.3,1120.8,0.984,50.02,22.78,0.13003,0.01657,0.00000,110.0,
2026-10-09T13:45:59+07:00,OK,212.0,5.283,1102.8,127.8,1120.0,0.984,50.03,22.78,0.13064,0.01664,0.00000,93.0,
2026-10-09T13:46:01+07:00,OK,212.3,5.289,1105.9,127.9,1122.9,0.984,50.05,22.78,0.13126,0.01671,0.00000,78.0,
2026-10-09T13:46:03+07:00,OK,212.2,5.285,1104.1,128.8,1121.5,0.984,50.03,22.78,0.13187,0.01679,0.00000,78.0,
2026-10-09T13:46:05+07:00,OK,211.9,5.286,1101.8,128.1,1120.1,0.983,50.05,22.78,0.13248,0.01686,0.00000,94.0,
2026-10-09T13:46:07+07:00,OK,211.8,5.282,1100.1,127.7,1118.7,0.983,50.03,22.78,0.13309,0.01693,0.00000,110.0,
2026-10-09T13:46:09+07:00,OK,211.5,5.283,1099.1,126.8,1117.4,0.983,50.02,22.78,0.13370,0.01700,0.00000,78.0,
2026-10-09T13:46:11+07:00,OK,211.7,5.281,1100.6,126.9,1118.0,0.984,50.05,22.78,0.13432,0.01707,0.00000,78.0,
2026-10-09T13:46:13+07:00,OK,211.8,5.28,1101.5,127.7,1118.3,0.984,50.03,22.78,0.13493,0.01714,0.00000,78.0,
2026-10-09T13:46:15+07:00,OK,211.9,5.313,1107.0,128.0,1125.8,0.983,50.03,22.78,0.13554,0.01721,0.00000,94.0,
2026-10-09T13:46:17+07:00,OK,211.8,5.303,1104.2,128.2,1123.2,0.983,50.04,22.78,0.13616,0.01728,0.00000,78.0,
2026-10-09T13:46:19+07:00,OK,211.8,5.29,1101.8,127.9,1120.4,0.983,50.03,22.78,0.13677,0.01735,0.00000,78.0,
2026-10-09T13:46:21+07:00,OK,211.8,5.292,1102.6,127.6,1120.8,0.983,50.0,22.78,0.13738,0.01742,0.00000,94.0,
2026-10-09T13:46:23+07:00,OK,212.2,5.291,1104.6,128.4,1122.8,0.983,50.02,22.79,0.13799,0.01749,0.00000,93.0,
2026-10-09T13:46:25+07:00,OK,212.1,5.319,1109.9,128.8,1128.2,0.983,50.04,22.79,0.13860,0.01757,0.00000,93.0,
2026-10-09T13:46:27+07:00,OK,212.2,5.367,1119.0,128.4,1138.9,0.982,50.01,22.79,0.13922,0.01764,0.00000,93.0,
2026-10-09T13:46:29+07:00,OK,212.2,5.283,1102.1,128.9,1121.1,0.983,50.02,22.79,0.13984,0.01771,0.00000,78.0,
2026-10-09T13:46:31+07:00,OK,212.2,5.149,1071.9,127.7,1092.6,0.981,50.03,22.79,0.14045,0.01778,0.00000,94.0,
2026-10-09T13:46:33+07:00,OK,212.3,5.1,1062.6,129.9,1082.7,0.981,50.0,22.79,0.14104,0.01785,0.00000,78.0,
2026-10-09T13:46:35+07:00,OK,212.3,5.116,1066.2,130.2,1086.1,0.981,50.01,22.79,0.14163,0.01792,0.00000,94.0,
2026-10-09T13:46:37+07:00,OK,212.3,5.101,1064.6,130.4,1082.9,0.983,50.01,22.79,0.14222,0.01800,0.00000,93.0,
2026-10-09T13:46:39+07:00,OK,212.3,5.098,1064.4,129.9,1082.3,0.983,49.98,22.79,0.14282,0.01807,0.00000,78.0,
2026-10-09T13:46:41+07:00,OK,212.3,5.094,1063.5,129.3,1081.5,0.983,50.01,22.79,0.14341,0.01814,0.00000,78.0,
2026-10-09T13:46:43+07:00,OK,212.3,5.102,1064.2,131.2,1083.2,0.982,50.0,22.79,0.14399,0.01821,0.00000,93.0,
2026-10-09T13:46:45+07:00,OK,212.4,5.108,1065.0,130.6,1084.9,0.981,49.99,22.79,0.14458,0.01829,0.00000,93.0,
2026-10-09T13:46:47+07:00,OK,212.4,5.102,1063.6,130.4,1083.7,0.981,49.97,22.79,0.14518,0.01836,0.00000,93.0,
2026-10-09T13:46:49+07:00,OK,212.7,5.1,1065.0,130.7,1084.8,0.981,49.98,22.79,0.14577,0.01843,0.00000,78.0,
2026-10-09T13:46:51+07:00,OK,212.4,5.124,1069.1,130.4,1088.3,0.982,49.98,22.79,0.14636,0.01850,0.00000,78.0,
2026-10-09T13:46:53+07:00,OK,212.2,5.1,1064.0,130.3,1082.2,0.983,50.01,22.79,0.14696,0.01858,0.00000,94.0,
2026-10-09T13:46:55+07:00,OK,212.3,5.194,1081.5,157.2,1102.7,0.98,49.97,22.79,0.14755,0.01866,0.00000,78.0,
2026-10-09T13:46:57+07:00,OK,212.2,5.167,1075.7,130.8,1096.4,0.981,50.01,22.8,0.14815,0.01874,0.00000,78.0,
2026-10-09T13:46:59+07:00,OK,212.1,5.116,1065.1,128.5,1085.1,0.981,49.99,22.8,0.14875,0.01881,0.00000,94.0,
2026-10-09T13:47:01+07:00,OK,211.9,5.133,1067.3,129.0,1087.7,0.981,49.99,22.8,0.14934,0.01888,0.00000,78.0,
2026-10-09T13:47:03+07:00,OK,212.2,5.114,1065.3,130.1,1085.2,0.981,50.0,22.8,0.14993,0.01895,0.00000,78.0,
2026-10-09T13:47:05+07:00,OK,212.1,5.106,1064.4,129.7,1083.0,0.982,49.99,22.8,0.15052,0.01902,0.00000,94.0,
2026-10-09T13:47:07+07:00,OK,212.2,5.089,1062.4,129.9,1079.9,0.983,49.98,22.8,0.15111,0.01910,0.00000,93.0,
2026-10-09T13:47:09+07:00,OK,212.3,5.112,1066.8,129.6,1085.3,0.983,50.0,22.8,0.15170,0.01917,0.00000,93.0,
2026-10-09T13:47:11+07:00,OK,212.0,5.095,1061.8,129.2,1080.1,0.983,49.99,22.8,0.15229,0.01924,0.00000,93.0,
2026-10-09T13:47:13+07:00,OK,212.0,5.11,1063.5,129.7,1083.3,0.981,49.98,22.8,0.15288,0.01931,0.00000,78.0,
2026-10-09T13:47:15+07:00,OK,212.0,5.11,1063.8,129.5,1083.3,0.981,50.01,22.8,0.15348,0.01938,0.00000,78.0,
2026-10-09T13:47:17+07:00,OK,212.1,5.111,1064.8,127.7,1084.0,0.982,50.0,22.8,0.15407,0.01946,0.00000,94.0,
2026-10-09T13:47:19+07:00,OK,211.5,5.124,1064.9,128.1,1083.7,0.982,50.02,22.8,0.15466,0.01953,0.00000,93.0,
2026-10-09T13:47:21+07:00,OK,211.5,5.092,1059.8,127.7,1077.0,0.984,50.0,22.8,0.15525,0.01960,0.00000,109.0,
2026-10-09T13:47:23+07:00,OK,210.8,5.101,1057.8,126.9,1075.3,0.983,50.01,22.8,0.15584,0.01967,0.00000,110.0,
2026-10-09T13:47:25+07:00,OK,211.8,5.087,1060.0,128.1,1077.4,0.983,49.99,22.8,0.15642,0.01974,0.00000,78.0,
2026-10-09T13:47:27+07:00,OK,211.8,5.079,1058.5,128.7,1075.7,0.984,49.93,22.8,0.15702,0.01981,0.00000,94.0,
2026-10-09T13:47:29+07:00,OK,211.9,5.088,1059.9,129.1,1078.1,0.983,50.01,22.81,0.15760,0.01988,0.00000,109.0,
2026-10-09T13:47:31+07:00,OK,211.9,5.089,1059.3,129.2,1078.4,0.982,50.01,22.81,0.15819,0.01995,0.00000,109.0,
2026-10-09T13:47:33+07:00,OK,212.0,5.099,1061.5,129.2,1081.0,0.982,49.99,22.81,0.15878,0.02003,0.00000,109.0,
2026-10-09T13:47:35+07:00,OK,212.0,5.095,1061.4,129.7,1080.1,0.982,49.97,22.81,0.15937,0.02010,0.00000,110.0,
2026-10-09T13:47:37+07:00,OK,211.8,5.08,1058.2,129.2,1075.9,0.983,49.98,22.81,0.15996,0.02017,0.00000,78.0,
2026-10-09T13:47:39+07:00,OK,212.0,5.088,1060.3,129.9,1078.7,0.983,49.97,22.81,0.16055,0.02024,0.00000,78.0,
2026-10-09T13:47:41+07:00,OK,211.9,5.084,1058.8,129.5,1077.3,0.982,49.97,22.81,0.16114,0.02031,0.00000,78.0,
2026-10-09T13:47:43+07:00,OK,211.9,5.107,1061.7,130.2,1082.2,0.981,49.96,22.81,0.16173,0.02039,0.00000,78.0,
2026-10-09T13:47:45+07:00,OK,211.9,5.099,1060.6,130.5,1080.5,0.981,49.95,22.81,0.16232,0.02046,0.00000,94.0,
2026-10-09T13:47:47+07:00,OK,212.1,5.088,1060.2,131.0,1079.2,0.982,49.95,22.81,0.16290,0.02053,0.00000,93.0,
2026-10-09T13:47:49+07:00,OK,212.0,5.094,1061.8,130.1,1079.9,0.983,49.96,22.81,0.16350,0.02060,0.00000,94.0,
2026-10-09T13:47:51+07:00,OK,211.8,5.079,1058.4,130.1,1075.7,0.983,49.95,22.81,0.16408,0.02068,0.00000,78.0,
2026-10-09T13:47:53+07:00,OK,211.8,5.081,1058.3,130.1,1076.2,0.983,49.96,22.81,0.16468,0.02075,0.00000,78.0,
2026-10-09T13:47:55+07:00,OK,211.8,5.109,1062.8,129.7,1082.1,0.982,49.98,22.81,0.16526,0.02082,0.00000,93.0,
2026-10-09T13:47:57+07:00,OK,211.7,5.606,1167.4,129.2,1186.8,0.983,49.97,22.81,0.16588,0.02089,0.00000,94.0,
2026-10-09T13:47:59+07:00,OK,211.5,5.827,1214.4,128.0,1232.4,0.985,49.97,22.81,0.16654,0.02096,0.00000,78.0,
2026-10-09T13:48:01+07:00,OK,211.5,5.823,1214.6,128.3,1231.6,0.986,49.96,22.81,0.16721,0.02103,0.00000,93.0,
2026-10-09T13:48:03+07:00,OK,211.6,5.836,1218.5,128.1,1234.9,0.986,49.97,22.82,0.16789,0.02111,0.00000,94.0,
2026-10-09T13:48:05+07:00,OK,211.6,5.826,1215.5,128.2,1232.8,0.986,49.99,22.82,0.16856,0.02118,0.00000,78.0,
2026-10-09T13:48:07+07:00,OK,211.7,5.824,1216.1,127.6,1232.9,0.986,49.99,22.82,0.16924,0.02125,0.00000,78.0,
2026-10-09T13:48:09+07:00,OK,211.7,5.843,1218.7,127.1,1237.0,0.985,50.01,22.82,0.16992,0.02132,0.00000,78.0,
2026-10-09T13:48:11+07:00,OK,211.7,5.835,1216.6,127.7,1235.3,0.984,50.02,22.82,0.17060,0.02139,0.00000,78.0,
2026-10-09T13:48:13+07:00,OK,211.7,5.825,1217.0,127.4,1233.2,0.986,50.03,22.82,0.17127,0.02146,0.00000,78.0,
2026-10-09T13:48:15+07:00,OK,211.5,5.863,1222.6,126.6,1240.0,0.985,50.05,22.82,0.17195,0.02153,0.00000,78.0,
2026-10-09T13:48:17+07:00,OK,211.6,5.822,1216.4,126.2,1231.9,0.987,50.04,22.82,0.17263,0.02160,0.00000,78.0,
2026-10-09T13:48:19+07:00,OK,210.9,8.144,1702.5,188.9,1717.6,0.991,50.06,22.82,0.17343,0.02169,0.00000,78.0,
2026-10-09T13:48:21+07:00,OK,211.4,5.847,1218.1,128.3,1236.1,0.985,50.05,22.82,0.17425,0.02178,0.00000,94.0,
2026-10-09T13:48:23+07:00,OK,211.4,5.831,1215.6,126.0,1232.7,0.986,50.04,22.82,0.17493,0.02185,0.00000,78.0,
2026-10-09T13:48:25+07:00,OK,211.6,5.846,1219.6,126.6,1237.0,0.985,50.03,22.82,0.17560,0.02192,0.00000,78.0,
2026-10-09T13:48:27+07:00,OK,211.9,5.82,1217.4,127.2,1233.3,0.987,50.04,22.82,0.17628,0.02199,0.00000,93.0,
2026-10-09T13:48:29+07:00,OK,211.8,5.876,1226.9,126.1,1244.5,0.985,50.06,22.82,0.17695,0.02206,0.00000,93.0,
2026-10-09T13:48:31+07:00,OK,211.9,5.838,1219.1,126.4,1237.1,0.985,50.05,22.82,0.17764,0.02213,0.00000,94.0,
2026-10-09T13:48:33+07:00,OK,212.0,5.944,1240.8,126.4,1260.1,0.984,50.04,22.83,0.17832,0.02220,0.00000,78.0,
2026-10-09T13:48:35+07:00,OK,212.0,5.837,1219.3,127.5,1237.4,0.985,50.06,22.83,0.17900,0.02227,0.00000,93.0,
2026-10-09T13:48:37+07:00,OK,211.9,5.838,1220.4,127.3,1237.1,0.986,50.04,22.83,0.17968,0.02234,0.00000,78.0,
2026-10-09T13:48:39+07:00,OK,211.7,5.866,1224.1,127.1,1241.8,0.985,50.05,22.83,0.18036,0.02241,0.00000,78.0,
2026-10-09T13:48:41+07:00,OK,211.8,5.842,1220.4,127.1,1237.3,0.986,50.04,22.83,0.18104,0.02248,0.00000,94.0,
2026-10-09T13:48:43+07:00,OK,211.6,5.845,1218.0,127.0,1236.8,0.984,50.03,22.83,0.18172,0.02255,0.00000,94.0,
2026-10-09T13:48:45+07:00,OK,211.6,5.84,1217.7,126.6,1235.7,0.985,50.04,22.83,0.18239,0.02262,0.00000,93.0,
2026-10-09T13:48:47+07:00,OK,211.8,5.098,1061.7,127.3,1079.8,0.983,50.06,22.83,0.18303,0.02269,0.00000,94.0,
2026-10-09T13:48:49+07:00,OK,212.1,5.123,1068.1,127.4,1086.6,0.983,50.05,22.83,0.18361,0.02276,0.00000,109.0,
2026-10-09T13:48:51+07:00,OK,211.8,5.101,1063.0,127.7,1080.4,0.983,50.04,22.83,0.18421,0.02283,0.00000,110.0,
2026-10-09T13:48:53+07:00,OK,212.0,5.102,1064.2,128.1,1081.6,0.983,50.05,22.83,0.18480,0.02291,0.00000,94.0,
2026-10-09T13:48:55+07:00,OK,212.0,5.1,1064.0,127.9,1081.2,0.984,50.02,22.83,0.18539,0.02298,0.00000,93.0,
2026-10-09T13:48:57+07:00,OK,212.2,5.124,1068.6,128.5,1087.3,0.982,50.05,22.83,0.18599,0.02305,0.00000,94.0,
2026-10-09T13:48:59+07:00,OK,212.0,5.309,1106.7,128.1,1125.5,0.983,50.03,22.83,0.18659,0.02312,0.00000,109.0,
2026-10-09T13:49:01+07:00,OK,211.9,5.307,1106.0,128.0,1124.6,0.983,50.03,22.83,0.18720,0.02319,0.00000,110.0,
2026-10-09T13:49:03+07:00,OK,211.8,5.302,1105.5,128.2,1123.0,0.984,50.03,22.84,0.18782,0.02326,0.00000,78.0,
2026-10-09T13:49:05+07:00,OK,211.8,5.299,1106.0,128.3,1122.3,0.985,50.03,22.84,0.18843,0.02333,0.00000,78.0,
2026-10-09T13:49:07+07:00,OK,211.6,5.289,1102.1,127.5,1119.2,0.984,50.02,22.84,0.18904,0.02340,0.00000,78.0,
2026-10-09T13:49:09+07:00,OK,211.6,5.308,1104.9,127.3,1123.2,0.983,50.01,22.84,0.18966,0.02347,0.00000,93.0,
2026-10-09T13:49:11+07:00,OK,211.8,5.296,1103.3,127.8,1121.7,0.983,50.03,22.84,0.19027,0.02355,0.00000,78.0,
2026-10-09T13:49:13+07:00,OK,211.9,5.303,1105.5,128.7,1123.7,0.983,50.02,22.84,0.19089,0.02362,0.00000,94.0,
2026-10-09T13:49:15+07:00,OK,211.8,5.296,1104.2,128.4,1121.7,0.984,50.03,22.84,0.19150,0.02369,0.00000,78.0,
2026-10-09T13:49:17+07:00,OK,211.7,5.266,1098.5,127.7,1114.8,0.985,50.0,22.84,0.19211,0.02376,0.00000,94.0,
2026-10-09T13:49:19+07:00,OK,211.9,5.364,1118.2,127.2,1136.6,0.983,50.02,22.84,0.19273,0.02383,0.00000,78.0,
2026-10-09T13:49:21+07:00,OK,212.1,5.273,1100.3,128.8,1118.4,0.983,50.03,22.84,0.19334,0.02390,0.00000,78.0,
2026-10-09T13:49:23+07:00,OK,211.8,5.278,1099.2,128.3,1117.9,0.983,50.02,22.84,0.19395,0.02397,0.00000,93.0,
2026-10-09T13:49:25+07:00,OK,211.9,5.278,1099.4,128.3,1118.4,0.983,50.02,22.84,0.19457,0.02404,0.00000,78.0,
2026-10-09T13:49:27+07:00,OK,212.5,5.266,1100.4,129.0,1119.0,0.983,50.02,22.84,0.19518,0.02412,0.00000,78.0,
2026-10-09T13:49:29+07:00,OK,212.3,5.277,1102.3,130.0,1120.3,0.983,50.05,22.84,0.19579,0.02419,0.00000,94.0,
2026-10-09T13:49:31+07:00,OK,212.6,5.265,1101.9,130.3,1119.3,0.984,50.02,22.84,0.19640,0.02426,0.00000,78.0,
2026-10-09T13:49:33+07:00,OK,210.8,10.313,2044.1,307.0,2174.0,0.94,50.02,22.84,0.19728,0.02438,0.00000,78.0,
2026-10-09T13:49:35+07:00,OK,212.6,5.268,1102.9,138.0,1120.0,0.984,50.04,22.85,0.19815,0.02450,0.00000,94.0,
2026-10-09T13:49:37+07:00,OK,212.5,5.273,1102.4,129.9,1120.5,0.983,50.04,22.85,0.19876,0.02458,0.00000,78.0,
2026-10-09T13:49:39+07:00,OK,212.6,5.326,1112.7,130.5,1132.3,0.982,50.03,22.85,0.19938,0.02465,0.00000,94.0,
2026-10-09T13:49:41+07:00,OK,212.7,5.284,1104.6,131.1,1123.9,0.982,50.03,22.85,0.19999,0.02472,0.00000,93.0,
2026-10-09T13:49:43+07:00,OK,212.7,5.28,1104.0,130.9,1123.1,0.983,50.02,22.85,0.20061,0.02480,0.00000,78.0,
2026-10-09T13:49:45+07:00,OK,212.7,5.275,1103.1,130.2,1122.0,0.983,50.02,22.85,0.20122,0.02487,0.00000,94.0,
2026-10-09T13:49:47+07:00,OK,212.8,5.265,1102.2,130.8,1120.4,0.983,50.01,22.85,0.20183,0.02494,0.00000,78.0,
2026-10-09T13:49:49+07:00,OK,211.5,8.797,1793.3,209.6,1860.6,0.963,50.0,22.85,0.20264,0.02504,0.00000,78.0,
2026-10-09T13:49:51+07:00,OK,212.7,5.611,1168.1,192.9,1193.5,0.978,50.03,22.85,0.20346,0.02515,0.00000,78.0,
2026-10-09T13:49:53+07:00,OK,212.6,5.609,1166.5,191.5,1192.5,0.978,50.02,22.85,0.20411,0.02526,0.00000,78.0,
2026-10-09T13:49:55+07:00,OK,212.6,5.631,1170.3,191.6,1197.2,0.977,50.01,22.85,0.20476,0.02536,0.00000,78.0,
2026-10-09T13:49:57+07:00,OK,212.6,5.612,1166.1,192.1,1193.1,0.977,50.02,22.85,0.20541,0.02547,0.00000,78.0,
2026-10-09T13:49:59+07:00,OK,212.4,5.633,1169.6,191.8,1196.4,0.977,50.01,22.85,0.20605,0.02557,0.00000,93.0,
2026-10-09T13:50:01+07:00,OK,212.4,5.621,1168.1,191.6,1193.9,0.978,50.01,22.85,0.20670,0.02568,0.00000,93.0,
2026-10-09T13:50:03+07:00,OK,212.4,5.598,1163.8,190.9,1189.0,0.978,50.01,22.85,0.20735,0.02579,0.00000,93.0,
2026-10-09T13:50:05+07:00,OK,212.5,5.635,1171.7,191.1,1197.4,0.978,50.01,22.85,0.20800,0.02589,0.00000,93.0,
2026-10-09T13:50:07+07:00,OK,212.5,5.595,1163.6,192.4,1188.9,0.978,50.01,22.86,0.20864,0.02600,0.00000,78.0,
2026-10-09T13:50:09+07:00,OK,212.4,5.625,1168.0,192.0,1194.7,0.977,50.0,22.86,0.20930,0.02611,0.00000,94.0,
2026-10-09T13:50:11+07:00,OK,212.2,5.618,1165.6,191.3,1192.1,0.977,50.01,22.86,0.20995,0.02621,0.00000,78.0,
2026-10-09T13:50:13+07:00,OK,212.3,5.61,1164.9,191.6,1191.0,0.978,50.03,22.86,0.21060,0.02632,0.00000,78.0,
2026-10-09T13:50:15+07:00,OK,212.5,5.605,1164.1,192.1,1191.1,0.977,50.01,22.86,0.21124,0.02643,0.00000,94.0,
2026-10-09T13:50:17+07:00,OK,212.2,5.599,1162.8,191.6,1188.1,0.978,50.02,22.86,0.21188,0.02653,0.00000,125.0,
2026-10-09T13:50:19+07:00,OK,212.1,5.604,1162.2,190.8,1188.6,0.977,50.01,22.86,0.21253,0.02664,0.00000,78.0,
2026-10-09T13:50:21+07:00,OK,212.2,5.593,1161.0,189.4,1186.8,0.978,50.0,22.86,0.21318,0.02674,0.00000,94.0,
2026-10-09T13:50:23+07:00,OK,212.2,5.573,1157.3,189.7,1182.6,0.978,50.01,22.86,0.21382,0.02685,0.00000,93.0,
2026-10-09T13:50:25+07:00,OK,211.8,5.571,1155.2,189.5,1179.9,0.979,49.99,22.86,0.21446,0.02696,0.00000,94.0,
2026-10-09T13:50:27+07:00,OK,212.1,5.573,1156.9,190.1,1182.0,0.978,50.01,22.86,0.21511,0.02706,0.00000,94.0,
2026-10-09T13:50:29+07:00,OK,211.9,5.571,1155.6,190.3,1180.5,0.978,49.98,22.86,0.21575,0.02717,0.00000,94.0,
2026-10-09T13:50:31+07:00,OK,212.0,5.629,1167.6,190.1,1193.3,0.978,49.99,22.86,0.21639,0.02727,0.00000,94.0,
2026-10-09T13:50:33+07:00,OK,211.9,5.574,1156.3,190.8,1181.1,0.979,50.0,22.86,0.21703,0.02738,0.00000,93.0,
2026-10-09T13:50:35+07:00,OK,211.7,5.58,1156.0,190.4,1181.3,0.978,49.99,22.86,0.21768,0.02748,0.00000,94.0,
2026-10-09T13:50:37+07:00,OK,211.9,5.61,1161.6,190.7,1188.8,0.977,49.97,22.87,0.21832,0.02759,0.00000,93.0,
2026-10-09T13:50:39+07:00,OK,211.9,5.622,1165.1,189.6,1191.3,0.978,50.0,22.87,0.21897,0.02770,0.00000,78.0,
2026-10-09T13:50:41+07:00,OK,212.1,5.595,1160.6,191.6,1186.7,0.978,50.02,22.87,0.21962,0.02780,0.00000,78.0,
2026-10-09T13:50:43+07:00,OK,211.8,5.591,1159.4,190.5,1184.2,0.979,50.0,22.87,0.22026,0.02791,0.00000,78.0,
2026-10-09T13:50:45+07:00,OK,212.0,5.579,1158.0,190.5,1182.7,0.979,49.99,22.87,0.22091,0.02801,0.00000,94.0,
2026-10-09T13:50:47+07:00,OK,212.0,5.602,1162.0,190.9,1187.6,0.978,50.0,22.87,0.22154,0.02812,0.00000,93.0,
2026-10-09T13:50:49+07:00,OK,212.2,5.598,1162.1,191.3,1187.9,0.978,50.02,22.87,0.22220,0.02823,0.00000,78.0,
2026-10-09T13:50:51+07:00,OK,212.0,5.681,1176.7,209.5,1204.4,0.977,50.02,22.87,0.22285,0.02834,0.00000,94.0,
2026-10-09T13:50:53+07:00,OK,211.8,5.592,1158.0,190.1,1184.4,0.977,49.99,22.87,0.22349,0.02845,0.00000,78.0,
2026-10-09T13:50:55+07:00,OK,211.8,5.59,1158.1,189.6,1184.0,0.978,50.02,22.87,0.22414,0.02855,0.00000,94.0,
2026-10-09T13:50:57+07:00,OK,211.7,5.585,1156.7,189.3,1182.3,0.978,50.03,22.87,0.22478,0.02866,0.00000,78.0,
2026-10-09T13:50:59+07:00,OK,211.9,5.602,1162.2,189.8,1187.1,0.979,50.01,22.87,0.22542,0.02876,0.00000,94.0,
2026-10-09T13:51:01+07:00,OK,211.9,5.648,1171.6,189.2,1196.8,0.978,50.01,22.87,0.22607,0.02887,0.00000,93.0,
2026-10-09T13:51:03+07:00,OK,211.9,5.6,1161.6,188.8,1186.6,0.978,50.02,22.87,0.22672,0.02897,0.00000,93.0,
2026-10-09T13:51:05+07:00,OK,212.0,5.592,1159.4,189.9,1185.5,0.977,50.03,22.87,0.22737,0.02908,0.00000,94.0,
2026-10-09T13:51:07+07:00,OK,212.2,5.585,1158.7,190.2,1185.1,0.977,50.0,22.88,0.22800,0.02918,0.00000,93.0,
2026-10-09T13:51:09+07:00,OK,212.2,5.62,1166.1,190.2,1192.6,0.977,50.04,22.88,0.22865,0.02929,0.00000,78.0,
2026-10-09T13:51:11+07:00,OK,211.9,5.58,1157.2,189.2,1182.4,0.978,50.0,22.88,0.22930,0.02940,0.00000,93.0,
2026-10-09T13:51:13+07:00,OK,211.9,5.569,1155.2,189.6,1180.1,0.978,50.0,22.88,0.22994,0.02950,0.00000,94.0,
2026-10-09T13:51:15+07:00,OK,211.9,5.56,1153.2,189.4,1178.2,0.978,50.0,22.88,0.23058,0.02961,0.00000,78.0,
2026-10-09T13:51:17+07:00,OK,212.1,5.559,1154.5,190.1,1179.1,0.979,49.98,22.88,0.23122,0.02971,0.00000,94.0,
2026-10-09T13:51:19+07:00,OK,211.9,5.597,1160.0,190.2,1186.0,0.978,49.99,22.88,0.23187,0.02982,0.00000,94.0,
2026-10-09T13:51:21+07:00,OK,212.0,5.571,1154.7,191.0,1181.1,0.977,49.99,22.88,0.23251,0.02992,0.00000,78.0,
2026-10-09T13:51:23+07:00,OK,212.2,5.557,1152.4,191.0,1179.2,0.977,49.99,22.88,0.23315,0.03003,0.00000,94.0,
2026-10-09T13:51:25+07:00,OK,212.3,5.556,1153.1,191.5,1179.5,0.977,49.97,22.88,0.23379,0.03013,0.00000,93.0,
2026-10-09T13:51:27+07:00,OK,212.2,5.556,1152.0,191.2,1179.0,0.977,49.99,22.88,0.23443,0.03024,0.00000,78.0,
2026-10-09T13:51:29+07:00,OK,212.1,5.591,1158.2,191.4,1185.9,0.976,50.0,22.88,0.23507,0.03035,0.00000,78.0,
2026-10-09T13:51:31+07:00,OK,212.0,5.564,1153.2,190.9,1179.6,0.977,50.02,22.88,0.23572,0.03045,0.00000,94.0,
2026-10-09T13:51:33+07:00,OK,211.8,5.56,1152.3,190.2,1177.6,0.978,50.0,22.88,0.23635,0.03056,0.00000,93.0,
2026-10-09T13:51:35+07:00,OK,212.0,5.561,1153.6,190.3,1178.9,0.978,50.01,22.88,0.23699,0.03067,0.00000,93.0,
2026-10-09T13:51:37+07:00,OK,211.6,5.562,1152.5,189.6,1176.9,0.979,50.01,22.88,0.23764,0.03077,0.00000,78.0,
2026-10-09T13:51:39+07:00,OK,211.6,5.569,1153.2,189.9,1178.4,0.978,50.02,22.89,0.23828,0.03088,0.00000,78.0,
2026-10-09T13:51:41+07:00,OK,211.6,5.575,1153.9,189.4,1179.7,0.978,50.01,22.89,0.23892,0.03098,0.00000,94.0,
2026-10-09T13:51:43+07:00,OK,211.7,5.567,1152.7,189.8,1178.5,0.978,50.0,22.89,0.23956,0.03109,0.00000,110.0,
2026-10-09T13:51:45+07:00,OK,212.0,5.553,1152.0,190.0,1177.2,0.978,49.98,22.89,0.24019,0.03119,0.00000,78.0,
2026-10-09T13:51:47+07:00,OK,211.9,5.575,1155.2,190.3,1181.3,0.977,50.0,22.89,0.24084,0.03130,0.00000,78.0,
2026-10-09T13:51:49+07:00,OK,211.9,5.569,1152.8,190.5,1180.1,0.976,49.97,22.89,0.24148,0.03140,0.00000,78.0,
2026-10-09T13:51:51+07:00,OK,211.8,5.58,1155.2,190.6,1181.8,0.977,50.01,22.89,0.24212,0.03151,0.00000,94.0,
2026-10-09T13:51:53+07:00,OK,211.9,5.595,1159.4,189.7,1185.6,0.977,49.98,22.89,0.24276,0.03162,0.00000,109.0,
2026-10-09T13:51:55+07:00,OK,211.8,5.57,1154.3,190.6,1179.7,0.978,50.02,22.89,0.24341,0.03172,0.00000,110.0,
2026-10-09T13:51:57+07:00,OK,211.7,5.587,1157.7,190.3,1182.8,0.978,49.96,22.89,0.24405,0.03183,0.00000,93.0,
2026-10-09T13:51:59+07:00,OK,211.8,5.59,1158.3,190.7,1184.0,0.978,49.99,22.89,0.24469,0.03193,0.00000,93.0,
2026-10-09T13:52:01+07:00,OK,211.9,5.607,1161.0,190.6,1188.1,0.977,49.99,22.89,0.24534,0.03204,0.00000,94.0,
2026-10-09T13:52:03+07:00,OK,211.8,5.612,1161.4,190.6,1188.6,0.977,49.99,22.89,0.24598,0.03214,0.00000,78.0,
2026-10-09T13:52:05+07:00,OK,211.7,5.645,1166.7,216.2,1195.0,0.976,49.98,22.89,0.24663,0.03226,0.00000,94.0,
2026-10-09T13:52:07+07:00,OK,211.7,5.56,1152.0,191.2,1177.1,0.978,49.98,22.89,0.24727,0.03237,0.00000,78.0,
2026-10-09T13:52:09+07:00,OK,211.9,5.582,1157.3,190.6,1182.8,0.978,50.0,22.9,0.24792,0.03248,0.00000,94.0,
2026-10-09T13:52:11+07:00,OK,212.1,5.571,1155.2,191.7,1181.6,0.977,49.99,22.9,0.24855,0.03258,0.00000,93.0,
2026-10-09T13:52:13+07:00,OK,211.9,5.594,1157.7,191.6,1185.4,0.976,49.99,22.9,0.24920,0.03269,0.00000,93.0,
2026-10-09T13:52:15+07:00,OK,212.0,5.562,1153.1,191.2,1179.1,0.977,50.0,22.9,0.24984,0.03280,0.00000,93.0,
2026-10-09T13:52:17+07:00,OK,212.1,5.566,1154.8,191.5,1180.5,0.978,50.0,22.9,0.25048,0.03290,0.00000,93.0,
2026-10-09T13:52:19+07:00,OK,212.3,5.603,1163.4,192.5,1189.5,0.978,49.99,22.9,0.25113,0.03301,0.00000,78.0,
2026-10-09T13:52:21+07:00,OK,212.4,5.56,1155.3,192.6,1180.9,0.978,49.97,22.9,0.25178,0.03312,0.00000,94.0,
2026-10-09T13:52:23+07:00,OK,212.3,5.616,1164.9,191.5,1192.3,0.977,49.99,22.9,0.25242,0.03322,0.00000,94.0,
2026-10-09T13:52:25+07:00,OK,212.0,5.58,1155.1,191.6,1183.0,0.976,49.99,22.9,0.25306,0.03333,0.00000,93.0,
2026-10-09T13:52:27+07:00,OK,212.3,5.581,1157.6,192.1,1184.8,0.977,49.97,22.9,0.25370,0.03344,0.00000,93.0,
2026-10-09T13:52:29+07:00,OK,212.6,5.602,1164.0,192.7,1191.0,0.977,49.98,22.9,0.25435,0.03354,0.00000,78.0,
2026-10-09T13:52:31+07:00,OK,212.4,5.565,1156.1,193.8,1182.0,0.978,49.99,22.9,0.25499,0.03365,0.00000,78.0,
2026-10-09T13:52:33+07:00,OK,212.5,5.595,1162.4,192.3,1188.9,0.977,49.99,22.9,0.25564,0.03376,0.00000,94.0,
2026-10-09T13:52:35+07:00,OK,212.5,5.562,1155.2,192.9,1181.9,0.977,50.0,22.9,0.25628,0.03386,0.00000,93.0,
2026-10-09T13:52:37+07:00,OK,212.7,5.558,1155.1,194.1,1182.2,0.977,49.99,22.9,0.25692,0.03397,0.00000,93.0,
2026-10-09T13:52:39+07:00,OK,212.6,5.605,1163.5,193.8,1191.6,0.976,49.98,22.91,0.25757,0.03408,0.00000,78.0,
2026-10-09T13:52:41+07:00,OK,212.5,5.558,1154.3,192.5,1181.1,0.977,50.0,22.91,0.25821,0.03419,0.00000,94.0,
2026-10-09T13:52:43+07:00,OK,212.3,5.598,1162.0,191.6,1188.5,0.977,49.99,22.91,0.25885,0.03429,0.00000,93.0,
2026-10-09T13:52:45+07:00,OK,212.1,5.568,1155.6,192.0,1181.0,0.978,49.98,22.91,0.25949,0.03440,0.00000,78.0,
2026-10-09T13:52:47+07:00,OK,212.3,5.563,1155.7,191.8,1181.0,0.978,49.98,22.91,0.26014,0.03451,0.00000,78.0,
2026-10-09T13:52:49+07:00,OK,212.2,5.564,1155.4,192.6,1180.7,0.978,49.96,22.91,0.26078,0.03461,0.00000,93.0,
2026-10-09T13:52:51+07:00,OK,212.1,5.569,1154.3,192.0,1181.2,0.977,49.97,22.91,0.26142,0.03472,0.00000,78.0,
2026-10-09T13:52:53+07:00,OK,212.2,5.651,1171.6,191.7,1199.1,0.977,49.98,22.91,0.26207,0.03483,0.00000,78.0,
2026-10-09T13:52:55+07:00,OK,212.5,5.565,1155.7,193.4,1182.6,0.977,49.96,22.91,0.26272,0.03493,0.00000,94.0,
2026-10-09T13:52:57+07:00,OK,212.4,5.56,1154.7,193.6,1180.9,0.977,49.97,22.91,0.26335,0.03504,0.00000,78.0,
2026-10-09T13:52:59+07:00,OK,212.4,5.55,1153.2,193.9,1178.8,0.978,49.99,22.91,0.26400,0.03515,0.00000,78.0,
2026-10-09T13:53:01+07:00,OK,212.4,5.553,1154.3,192.9,1179.5,0.978,50.01,22.91,0.26464,0.03526,0.00000,94.0,
2026-10-09T13:53:03+07:00,OK,212.0,5.633,1167.5,190.7,1194.2,0.977,49.99,22.91,0.26528,0.03536,0.00000,78.0,
2026-10-09T13:53:05+07:00,OK,212.1,5.579,1156.9,189.9,1183.3,0.977,50.02,22.91,0.26593,0.03547,0.00000,78.0,
2026-10-09T13:53:07+07:00,OK,212.2,5.566,1154.3,191.9,1181.1,0.977,50.01,22.91,0.26657,0.03558,0.00000,94.0,
2026-10-09T13:53:09+07:00,OK,211.9,6.086,1217.6,192.3,1289.6,0.944,50.02,22.91,0.26723,0.03568,0.00000,94.0,
2026-10-09T13:53:11+07:00,OK,212.1,5.588,1159.7,207.5,1185.2,0.978,50.04,22.92,0.26789,0.03579,0.00000,110.0,
2026-10-09T13:53:13+07:00,OK,212.1,5.594,1160.5,191.8,1186.5,0.978,50.02,22.92,0.26854,0.03590,0.00000,94.0,
2026-10-09T13:53:15+07:00,OK,212.2,5.559,1154.6,191.0,1179.6,0.978,50.02,22.92,0.26917,0.03601,0.00000,93.0,
2026-10-09T13:53:17+07:00,OK,212.1,5.579,1157.2,190.3,1183.3,0.977,50.04,22.92,0.26982,0.03612,0.00000,93.0,
2026-10-09T13:53:19+07:00,OK,211.8,5.587,1156.9,189.0,1183.3,0.977,50.04,22.92,0.27046,0.03622,0.00000,94.0,
2026-10-09T13:53:21+07:00,OK,211.8,5.528,1155.6,107.2,1170.8,0.987,50.05,22.92,0.27111,0.03630,0.00000,110.0,
2026-10-09T13:53:23+07:00,OK,211.8,5.539,1158.7,99.9,1173.2,0.987,50.06,22.92,0.27174,0.03636,0.00000,78.0,
2026-10-09T13:53:25+07:00,OK,212.1,5.553,1162.9,99.5,1177.8,0.987,50.04,22.92,0.27240,0.03642,0.00000,78.0,
2026-10-09T13:53:27+07:00,OK,212.3,5.552,1162.0,101.1,1178.7,0.985,50.06,22.92,0.27304,0.03647,0.00000,94.0,
2026-10-09T13:53:29+07:00,OK,211.8,5.565,1162.3,100.4,1178.7,0.986,50.04,22.92,0.27368,0.03653,0.00000,94.0,
2026-10-09T13:53:31+07:00,OK,212.0,5.534,1158.7,100.1,1173.2,0.987,50.03,22.92,0.27433,0.03658,0.00000,78.0,
2026-10-09T13:53:33+07:00,OK,212.0,5.339,1117.3,100.1,1131.9,0.987,50.04,22.92,0.27496,0.03664,0.00000,78.0,
2026-10-09T13:53:35+07:00,OK,212.1,5.342,1117.7,99.9,1133.0,0.986,50.03,22.92,0.27558,0.03670,0.00000,78.0,
2026-10-09T13:53:37+07:00,OK,212.0,5.363,1119.8,100.5,1137.0,0.984,50.05,22.92,0.27620,0.03675,0.00000,94.0,
2026-10-09T13:53:39+07:00,OK,212.0,5.121,1072.1,50.8,1085.7,0.987,50.05,22.92,0.27681,0.03679,0.00000,78.0,
2026-10-09T13:53:41+07:00,OK,211.9,5.069,1062.6,38.7,1074.1,0.989,50.05,22.93,0.27741,0.03682,0.00000,94.0,
2026-10-09T13:53:43+07:00,OK,211.9,5.064,1062.0,37.9,1073.1,0.989,50.05,22.93,0.27799,0.03684,0.00000,93.0,
2026-10-09T13:53:45+07:00,OK,212.2,5.076,1064.6,38.9,1077.1,0.988,50.05,22.93,0.27859,0.03686,0.00000,78.0,
2026-10-09T13:53:47+07:00,OK,212.0,5.082,1064.0,38.5,1077.4,0.987,50.06,22.93,0.27918,0.03688,0.00000,94.0,
2026-10-09T13:53:49+07:00,OK,212.0,5.115,1070.6,38.7,1084.4,0.987,50.04,22.93,0.27977,0.03690,0.00000,78.0,
2026-10-09T13:53:51+07:00,OK,212.1,5.097,1068.4,38.1,1081.1,0.988,50.03,22.93,0.28037,0.03692,0.00000,94.0,
2026-10-09T13:53:53+07:00,OK,212.2,5.077,1066.0,38.5,1077.3,0.989,50.03,22.93,0.28096,0.03695,0.00000,78.0,
2026-10-09T13:53:55+07:00,OK,212.3,5.075,1065.1,38.7,1077.4,0.988,50.04,22.93,0.28155,0.03697,0.00000,94.0,
2026-10-09T13:53:57+07:00,OK,212.3,5.074,1063.9,39.4,1077.2,0.987,50.05,22.93,0.28214,0.03699,0.00000,93.0,
2026-10-09T13:53:59+07:00,OK,212.2,5.09,1066.3,39.0,1080.1,0.987,50.04,22.93,0.28273,0.03701,0.00000,93.0,
2026-10-09T13:54:01+07:00,OK,212.0,5.064,1061.3,38.0,1073.6,0.988,50.03,22.93,0.28332,0.03703,0.00000,93.0,
2026-10-09T13:54:03+07:00,OK,212.1,5.066,1062.9,38.9,1074.5,0.989,50.04,22.93,0.28391,0.03705,0.00000,94.0,
2026-10-09T13:54:05+07:00,OK,212.3,5.071,1064.9,39.9,1076.6,0.989,50.04,22.93,0.28450,0.03708,0.00000,93.0,
2026-10-09T13:54:07+07:00,OK,212.2,5.094,1067.2,39.8,1080.9,0.987,50.03,22.93,0.28509,0.03710,0.00000,125.0,
2026-10-09T13:54:09+07:00,OK,212.1,5.073,1062.4,39.3,1076.0,0.987,50.02,22.93,0.28569,0.03712,0.00000,78.0,
2026-10-09T13:54:11+07:00,OK,212.3,5.064,1062.4,39.1,1075.1,0.988,50.02,22.93,0.28628,0.03714,0.00000,78.0,
2026-10-09T13:54:13+07:00,OK,210.9,7.387,1542.7,121.1,1557.9,0.99,50.04,22.93,0.28700,0.03719,0.00000,94.0,
2026-10-09T13:54:15+07:00,OK,212.4,5.07,1064.5,43.6,1076.9,0.988,50.05,22.94,0.28772,0.03723,0.00000,93.0,
2026-10-09T13:54:17+07:00,OK,212.3,5.062,1062.1,39.9,1074.7,0.988,50.03,22.94,0.28832,0.03725,0.00000,78.0,
2026-10-09T13:54:19+07:00,OK,212.0,5.084,1059.0,74.6,1077.8,0.982,50.05,22.94,0.28891,0.03729,0.00000,78.0,
2026-10-09T13:54:21+07:00,OK,212.0,5.09,1059.5,125.9,1079.1,0.981,50.04,22.94,0.28949,0.03734,0.00000,78.0,
2026-10-09T13:54:23+07:00,OK,212.0,5.084,1058.6,128.0,1077.8,0.982,50.03,22.94,0.29008,0.03741,0.00000,93.0,
2026-10-09T13:54:25+07:00,OK,212.0,5.144,1071.9,127.3,1090.5,0.982,50.04,22.94,0.29067,0.03748,0.00000,93.0,
2026-10-09T13:54:27+07:00,OK,211.9,5.086,1060.8,128.4,1077.7,0.984,50.03,22.94,0.29127,0.03755,0.00000,94.0,
2026-10-09T13:54:29+07:00,OK,212.3,5.079,1061.1,128.7,1078.3,0.984,50.05,22.94,0.29185,0.03763,0.00000,93.0,
2026-10-09T13:54:31+07:00,OK,211.9,5.075,1057.8,127.9,1075.4,0.983,50.05,22.94,0.29245,0.03770,0.00000,78.0,
2026-10-09T13:54:33+07:00,OK,212.0,5.096,1061.6,128.2,1080.4,0.982,50.04,22.94,0.29303,0.03777,0.00000,94.0,
2026-10-09T13:54:35+07:00,OK,212.0,5.094,1060.6,127.9,1079.9,0.982,50.05,22.94,0.29362,0.03784,0.00000,109.0,
2026-10-09T13:54:37+07:00,OK,211.9,5.105,1062.5,127.3,1081.7,0.982,50.06,22.94,0.29421,0.03791,0.00000,110.0,
2026-10-09T13:54:39+07:00,OK,211.9,5.105,1062.6,127.8,1081.7,0.982,50.05,22.94,0.29480,0.03798,0.00000,78.0,
2026-10-09T13:54:41+07:00,OK,212.0,5.099,1061.8,126.7,1081.0,0.982,50.04,22.94,0.29539,0.03805,0.00000,78.0,
2026-10-09T13:54:43+07:00,OK,212.0,5.08,1059.0,128.1,1077.0,0.983,50.06,22.94,0.29598,0.03812,0.00000,93.0,
2026-10-09T13:54:45+07:00,OK,211.9,5.084,1059.9,128.6,1077.3,0.983,50.04,22.94,0.29657,0.03819,0.00000,94.0,
2026-10-09T13:54:47+07:00,OK,211.6,5.089,1059.4,127.9,1076.8,0.983,50.03,22.94,0.29716,0.03827,0.00000,110.0,
2026-10-09T13:54:49+07:00,OK,211.9,5.143,1071.0,127.6,1089.8,0.982,50.04,22.95,0.29775,0.03834,0.00000,93.0,
2026-10-09T13:54:51+07:00,OK,212.1,5.094,1060.9,128.4,1080.4,0.981,50.04,22.95,0.29834,0.03841,0.00000,78.0,
2026-10-09T13:54:53+07:00,OK,212.1,5.113,1065.0,128.5,1084.5,0.982,50.03,22.95,0.29893,0.03848,0.00000,78.0,
2026-10-09T13:54:55+07:00,OK,212.2,5.091,1061.8,128.5,1080.3,0.982,50.04,22.95,0.29953,0.03855,0.00000,78.0,
2026-10-09T13:54:57+07:00,OK,212.1,5.089,1062.2,128.5,1079.4,0.984,50.05,22.95,0.30012,0.03862,0.00000,78.0,
2026-10-09T13:54:59+07:00,OK,212.1,5.116,1067.0,128.4,1085.1,0.983,50.04,22.95,0.30071,0.03869,0.00000,94.0,
2026-10-09T13:55:01+07:00,OK,212.1,5.087,1060.2,128.9,1079.0,0.982,50.04,22.95,0.30129,0.03876,0.00000,93.0,
2026-10-09T13:55:03+07:00,OK,212.2,5.091,1060.6,128.9,1080.3,0.981,50.05,22.95,0.30189,0.03884,0.00000,78.0,
2026-10-09T13:55:05+07:00,OK,212.1,5.153,1072.6,128.0,1093.0,0.981,50.04,22.95,0.30248,0.03891,0.00000,78.0,
2026-10-09T13:55:07+07:00,OK,212.0,5.084,1059.9,128.4,1077.8,0.983,50.03,22.95,0.30307,0.03898,0.00000,94.0,
2026-10-09T13:55:09+07:00,OK,212.0,5.085,1060.2,129.0,1078.0,0.983,50.01,22.95,0.30366,0.03905,0.00000,78.0,
2026-10-09T13:55:11+07:00,OK,211.8,5.916,1235.6,126.5,1253.0,0.986,50.04,22.95,0.30430,0.03912,0.00000,94.0,
2026-10-09T13:55:13+07:00,OK,212.0,5.808,1217.9,43.3,1231.3,0.989,50.02,22.95,0.30498,0.03917,0.00000,78.0,
2026-10-09T13:55:15+07:00,OK,212.0,5.813,1218.5,39.7,1232.4,0.988,50.01,22.95,0.30566,0.03919,0.00000,78.0,
2026-10-09T13:55:17+07:00,OK,211.8,5.793,1215.4,39.1,1227.0,0.99,50.03,22.95,0.30633,0.03921,0.00000,94.0,
2026-10-09T13:55:19+07:00,OK,211.8,5.792,1215.3,38.7,1226.7,0.99,50.05,22.95,0.30700,0.03923,0.00000,93.0,
2026-10-09T13:55:21+07:00,OK,211.6,6.181,1285.5,78.6,1307.9,0.982,50.04,22.96,0.30770,0.03927,0.00000,78.0,
2026-10-09T13:55:23+07:00,OK,211.8,5.805,1218.6,40.1,1229.5,0.991,50.04,22.96,0.30840,0.03930,0.00000,78.0,
2026-10-09T13:55:25+07:00,OK,211.7,5.816,1217.2,39.1,1231.2,0.988,50.06,22.96,0.30908,0.03932,0.00000,78.0,
2026-10-09T13:55:27+07:00,OK,212.0,5.864,1229.7,39.6,1243.2,0.989,50.04,22.96,0.30975,0.03934,0.00000,94.0,
2026-10-09T13:55:29+07:00,OK,211.8,6.234,1306.8,32.8,1320.4,0.989,50.03,22.96,0.31045,0.03936,0.00000,93.0,
2026-10-09T13:55:31+07:00,OK,212.0,6.172,1295.7,32.2,1308.5,0.99,50.03,22.96,0.31118,0.03938,0.00000,93.0,
2026-10-09T13:55:33+07:00,OK,211.8,6.158,1293.0,32.4,1304.3,0.991,50.04,22.96,0.31190,0.03940,0.00000,78.0,
2026-10-09T13:55:35+07:00,OK,211.8,6.185,1295.7,32.6,1310.0,0.989,50.05,22.96,0.31262,0.03942,0.00000,94.0,
2026-10-09T13:55:37+07:00,OK,211.8,6.169,1293.9,32.3,1306.6,0.99,50.06,22.96,0.31334,0.03944,0.00000,78.0,
2026-10-09T13:55:39+07:00,OK,211.7,6.178,1294.4,32.2,1307.9,0.989,50.02,22.96,0.31405,0.03945,0.00000,93.0,
2026-10-09T13:55:41+07:00,OK,211.7,6.159,1291.5,31.8,1303.9,0.99,50.06,22.96,0.31478,0.03947,0.00000,78.0,
2026-10-09T13:55:43+07:00,OK,211.8,6.145,1290.3,33.0,1301.5,0.991,50.04,22.96,0.31549,0.03949,0.00000,78.0,
2026-10-09T13:55:45+07:00,OK,210.4,9.707,2006.4,198.6,2042.4,0.982,50.04,22.96,0.31640,0.03955,0.00000,93.0,
2026-10-09T13:55:47+07:00,OK,211.6,6.562,1369.4,150.8,1388.5,0.986,50.06,22.97,0.31735,0.03965,0.00000,78.0,
2026-10-09T13:55:49+07:00,OK,211.4,6.563,1368.0,144.8,1387.4,0.986,50.05,22.97,0.31811,0.03973,0.00000,94.0,
2026-10-09T13:55:51+07:00,OK,211.6,6.522,1361.8,145.7,1380.1,0.986,50.04,22.97,0.31887,0.03981,0.00000,78.0,
2026-10-09T13:55:53+07:00,OK,211.6,6.079,1274.7,69.6,1286.3,0.99,50.06,22.97,0.31960,0.03987,0.00000,94.0,
2026-10-09T13:55:55+07:00,OK,211.4,6.086,1272.7,33.6,1286.6,0.989,50.05,22.97,0.32030,0.03990,0.00000,93.0,
2026-10-09T13:55:57+07:00,OK,211.2,6.279,1314.3,31.6,1326.1,0.991,50.03,22.97,0.32102,0.03992,0.00000,93.0,
2026-10-09T13:55:59+07:00,OK,211.5,5.54,1159.2,33.1,1171.7,0.989,50.04,22.97,0.32171,0.03994,0.00000,78.0,
2026-10-09T13:56:01+07:00,OK,211.5,5.534,1158.8,33.0,1170.4,0.99,50.04,22.97,0.32236,0.03996,0.00000,94.0,
2026-10-09T13:56:03+07:00,OK,211.7,5.516,1156.3,33.3,1167.7,0.99,50.01,22.97,0.32300,0.03998,0.00000,94.0,
2026-10-09T13:56:05+07:00,OK,211.6,5.544,1159.8,33.4,1173.1,0.988,50.01,22.97,0.32364,0.03999,0.00000,93.0,
2026-10-09T13:56:07+07:00,OK,211.9,5.513,1155.9,33.7,1168.2,0.989,50.02,22.97,0.32428,0.04001,0.00000,93.0,
2026-10-09T13:56:09+07:00,OK,211.8,5.577,1162.5,82.4,1181.2,0.984,50.02,22.97,0.32493,0.04004,0.00000,93.0,
2026-10-09T13:56:11+07:00,OK,211.9,5.539,1155.0,121.4,1173.7,0.984,50.0,22.97,0.32557,0.04010,0.00000,93.0,
2026-10-09T13:56:13+07:00,OK,211.6,5.56,1158.7,122.6,1176.5,0.984,50.01,22.97,0.32622,0.04017,0.00000,94.0,
2026-10-09T13:56:15+07:00,OK,211.1,5.55,1155.0,122.1,1171.6,0.985,50.01,22.97,0.32686,0.04024,0.00000,110.0,
2026-10-09T13:56:17+07:00,OK,211.0,5.536,1151.5,121.0,1168.1,0.985,50.01,22.98,0.32749,0.04030,0.00000,93.0,
2026-10-09T13:56:19+07:00,OK,211.1,5.562,1155.5,121.0,1174.1,0.984,50.0,22.98,0.32814,0.04037,0.00000,94.0,
2026-10-09T13:56:21+07:00,OK,210.9,5.562,1155.4,121.0,1173.0,0.984,49.99,22.98,0.32878,0.04044,0.00000,93.0,
2026-10-09T13:56:23+07:00,OK,211.3,5.592,1163.9,122.2,1181.6,0.985,50.0,22.98,0.32943,0.04051,0.00000,78.0,
2026-10-09T13:56:25+07:00,OK,211.0,5.566,1156.8,122.6,1174.4,0.985,49.98,22.98,0.33007,0.04058,0.00000,78.0,
2026-10-09T13:56:27+07:00,OK,211.0,5.579,1158.3,137.9,1177.2,0.984,49.97,22.98,0.33071,0.04065,0.00000,94.0,
2026-10-09T13:56:29+07:00,OK,210.9,6.203,1270.1,230.2,1308.2,0.97,49.98,22.98,0.33138,0.04075,0.00000,93.0,
2026-10-09T13:56:31+07:00,OK,210.8,6.017,1236.9,233.8,1268.4,0.975,49.99,22.98,0.33209,0.04088,0.00000,78.0,
2026-10-09T13:56:33+07:00,OK,210.7,6.021,1236.4,233.9,1268.6,0.974,49.98,22.98,0.33277,0.04101,0.00000,94.0,
2026-10-09T13:56:35+07:00,OK,210.8,6.021,1235.7,234.0,1269.2,0.973,49.96,22.98,0.33345,0.04114,0.00000,93.0,
2026-10-09T13:56:37+07:00,OK,210.8,6.042,1240.4,233.9,1273.7,0.973,49.98,22.98,0.33414,0.04127,0.00000,93.0,
2026-10-09T13:56:39+07:00,OK,210.9,6.02,1237.1,234.4,1269.6,0.974,49.97,22.98,0.33483,0.04140,0.00000,93.0,
2026-10-09T13:56:41+07:00,OK,211.1,5.993,1233.3,235.3,1265.1,0.974,49.97,22.98,0.33552,0.04153,0.00000,93.0,
2026-10-09T13:56:43+07:00,OK,211.4,5.577,1160.4,133.7,1179.0,0.984,49.96,22.98,0.33619,0.04163,0.00000,78.0,
2026-10-09T13:56:45+07:00,OK,211.3,5.565,1156.7,123.4,1175.9,0.983,49.97,22.99,0.33683,0.04170,0.00000,94.0,
2026-10-09T13:56:47+07:00,OK,211.3,5.544,1153.4,123.7,1171.4,0.984,49.97,22.99,0.33747,0.04177,0.00000,93.0,
2026-10-09T13:56:49+07:00,OK,211.3,5.557,1156.9,122.8,1174.2,0.985,49.98,22.99,0.33811,0.04184,0.00000,93.0,
2026-10-09T13:56:51+07:00,OK,211.4,5.538,1153.8,123.0,1170.7,0.985,49.99,22.99,0.33875,0.04191,0.00000,93.0,
2026-10-09T13:56:53+07:00,OK,211.5,5.586,1162.1,123.0,1181.4,0.983,49.96,22.99,0.33939,0.04198,0.00000,93.0,
2026-10-09T13:56:55+07:00,OK,211.3,5.556,1155.6,123.0,1174.0,0.984,49.97,22.99,0.34004,0.04204,0.00000,93.0,
2026-10-09T13:56:57+07:00,OK,211.3,5.528,1151.1,123.3,1168.1,0.985,49.98,22.99,0.34068,0.04211,0.00000,93.0,
2026-10-09T13:56:59+07:00,OK,211.5,5.545,1155.4,123.2,1172.8,0.985,49.99,22.99,0.34132,0.04218,0.00000,93.0,
2026-10-09T13:57:01+07:00,OK,211.6,5.523,1150.7,123.7,1168.7,0.984,49.98,22.99,0.34196,0.04225,0.00000,93.0,
2026-10-09T13:57:03+07:00,OK,211.7,5.534,1152.9,123.3,1171.5,0.984,49.99,22.99,0.34260,0.04232,0.00000,78.0,
2026-10-09T13:57:05+07:00,OK,211.6,5.539,1154.0,123.4,1172.1,0.984,50.0,22.99,0.34324,0.04239,0.00000,94.0,
2026-10-09T13:57:07+07:00,OK,211.7,5.565,1160.1,123.0,1178.1,0.984,49.98,22.99,0.34389,0.04246,0.00000,78.0,
2026-10-09T13:57:09+07:00,OK,211.7,5.557,1158.0,123.1,1176.4,0.984,49.99,22.99,0.34453,0.04252,0.00000,94.0,
2026-10-09T13:57:11+07:00,OK,211.8,5.542,1154.8,123.7,1173.8,0.983,50.01,22.99,0.34517,0.04259,0.00000,78.0,
2026-10-09T13:57:13+07:00,OK,211.6,5.586,1168.9,40.2,1182.0,0.989,50.01,22.99,0.34582,0.04264,0.00000,78.0,
2026-10-09T13:57:15+07:00,OK,211.3,5.521,1154.7,33.8,1166.6,0.989,50.01,22.99,0.34647,0.04266,0.00000,78.0,
2026-10-09T13:57:17+07:00,OK,211.0,5.52,1152.3,33.2,1164.7,0.989,50.04,23.0,0.34711,0.04268,0.00000,78.0,
2026-10-09T13:57:19+07:00,OK,211.2,5.553,1158.8,32.3,1172.8,0.988,50.05,23.0,0.34775,0.04270,0.00000,78.0,
2026-10-09T13:57:21+07:00,OK,211.4,5.513,1152.5,32.9,1165.4,0.988,50.03,23.0,0.34839,0.04271,0.00000,93.0,
2026-10-09T13:57:23+07:00,OK,211.4,5.498,1150.7,33.4,1162.3,0.99,50.04,23.0,0.34902,0.04273,0.00000,93.0,
2026-10-09T13:57:25+07:00,OK,211.3,5.513,1151.8,33.6,1164.9,0.988,50.03,23.0,0.34966,0.04275,0.00000,93.0,
2026-10-09T13:57:27+07:00,OK,211.3,5.506,1150.3,33.8,1163.4,0.988,50.03,23.0,0.35030,0.04277,0.00000,93.0,
2026-10-09T13:57:29+07:00,OK,210.5,7.866,1637.1,120.0,1655.8,0.988,50.03,23.0,0.35108,0.04281,0.00000,94.0,
2026-10-09T13:57:31+07:00,OK,211.4,5.604,1172.1,37.1,1184.7,0.989,50.03,23.0,0.35186,0.04286,0.00000,125.0,
2026-10-09T13:57:33+07:00,OK,211.4,5.621,1176.3,33.2,1188.3,0.989,50.04,23.0,0.35252,0.04288,0.00000,78.0,
2026-10-09T13:57:35+07:00,OK,211.2,5.556,1161.6,33.0,1173.4,0.989,50.04,23.0,0.35317,0.04289,0.00000,94.0,
2026-10-09T13:57:37+07:00,OK,211.2,5.586,1166.2,33.0,1179.8,0.988,50.01,23.0,0.35381,0.04291,0.00000,93.0,
2026-10-09T13:57:39+07:00,OK,211.3,5.569,1163.2,32.3,1176.7,0.988,50.02,23.0,0.35446,0.04293,0.00000,94.0,
2026-10-09T13:57:41+07:00,OK,211.7,5.546,1160.3,33.5,1174.1,0.988,50.04,23.0,0.35510,0.04295,0.00000,125.0,
2026-10-09T13:57:43+07:00,OK,211.6,5.545,1160.7,34.5,1173.3,0.989,50.04,23.0,0.35575,0.04297,0.00000,78.0,
2026-10-09T13:57:45+07:00,OK,211.4,5.548,1161.0,33.6,1172.8,0.989,50.05,23.0,0.35639,0.04299,0.00000,93.0,
2026-10-09T13:57:47+07:00,OK,211.4,5.561,1163.0,33.4,1175.6,0.989,50.06,23.01,0.35704,0.04301,0.00000,78.0,
2026-10-09T13:57:49+07:00,OK,211.2,5.504,1149.2,33.3,1162.4,0.988,50.04,23.01,0.35768,0.04302,0.00000,94.0,
2026-10-09T13:57:51+07:00,OK,211.2,5.514,1151.9,33.3,1164.6,0.989,50.04,23.01,0.35832,0.04304,0.00000,78.0,
2026-10-09T13:57:53+07:00,OK,211.7,5.541,1160.7,34.2,1173.0,0.989,50.04,23.01,0.35896,0.04306,0.00000,94.0,
2026-10-09T13:57:55+07:00,OK,211.5,5.506,1151.5,35.0,1164.5,0.988,50.03,23.01,0.35960,0.04308,0.00000,93.0,
2026-10-09T13:57:57+07:00,OK,211.6,5.491,1148.3,34.6,1161.9,0.988,50.06,23.01,0.36024,0.04310,0.00000,78.0,
2026-10-09T13:57:59+07:00,OK,211.8,5.48,1148.3,34.6,1160.7,0.989,50.05,23.01,0.36088,0.04312,0.00000,94.0,
2026-10-09T13:58:01+07:00,OK,211.8,5.484,1149.7,34.4,1161.5,0.989,50.04,23.01,0.36152,0.04314,0.00000,94.0,
2026-10-09T13:58:03+07:00,OK,211.9,5.504,1153.3,35.0,1166.3,0.988,50.03,23.01,0.36216,0.04316,0.00000,78.0,
2026-10-09T13:58:05+07:00,OK,211.8,5.483,1147.6,35.4,1161.3,0.988,50.05,23.01,0.36279,0.04318,0.00000,93.0,
2026-10-09T13:58:07+07:00,OK,211.8,5.55,1162.1,34.7,1175.5,0.988,50.04,23.01,0.36344,0.04320,0.00000,78.0,
2026-10-09T13:58:09+07:00,OK,211.8,5.506,1154.0,34.5,1166.2,0.989,50.05,23.01,0.36408,0.04322,0.00000,94.0,
2026-10-09T13:58:11+07:00,OK,211.9,5.495,1147.6,73.3,1164.4,0.985,50.04,23.01,0.36472,0.04325,0.00000,78.0,
2026-10-09T13:58:13+07:00,OK,211.9,5.509,1149.6,122.1,1167.4,0.984,50.06,23.01,0.36537,0.04330,0.00000,78.0,
2026-10-09T13:58:15+07:00,OK,212.2,5.523,1152.3,124.3,1172.0,0.983,50.05,23.01,0.36600,0.04337,0.00000,94.0,
2026-10-09T13:58:17+07:00,OK,212.0,5.526,1152.8,123.9,1171.5,0.984,50.03,23.01,0.36664,0.04344,0.00000,93.0,
2026-10-09T13:58:19+07:00,OK,212.0,5.562,1161.1,123.7,1179.1,0.984,50.04,23.02,0.36728,0.04351,0.00000,93.0,
2026-10-09T13:58:21+07:00,OK,212.1,5.517,1152.8,123.8,1170.2,0.985,50.05,23.02,0.36792,0.04357,0.00000,93.0,
2026-10-09T13:58:23+07:00,OK,212.3,5.552,1160.2,124.2,1178.7,0.984,50.05,23.02,0.36856,0.04364,0.00000,93.0,
2026-10-09T13:58:25+07:00,OK,212.4,5.509,1151.6,125.0,1170.1,0.984,50.07,23.02,0.36921,0.04371,0.00000,94.0,
2026-10-09T13:58:27+07:00,OK,212.0,5.534,1154.3,123.7,1173.2,0.983,50.04,23.02,0.36985,0.04378,0.00000,78.0,
2026-10-09T13:58:29+07:00,OK,211.9,5.538,1155.0,123.5,1173.5,0.984,50.05,23.02,0.37049,0.04385,0.00000,78.0,
2026-10-09T13:58:31+07:00,OK,211.9,5.504,1149.3,123.6,1166.3,0.985,50.07,23.02,0.37113,0.04392,0.00000,78.0,
2026-10-09T13:58:33+07:00,OK,209.9,11.967,2296.5,288.4,2511.9,0.914,50.04,23.02,0.37209,0.04403,0.00000,94.0,
2026-10-09T13:58:35+07:00,OK,212.2,5.525,1153.9,135.2,1172.4,0.984,50.02,23.02,0.37305,0.04415,0.00000,78.0,
2026-10-09T13:58:37+07:00,OK,212.4,5.508,1150.7,125.5,1169.9,0.983,50.07,23.02,0.37369,0.04422,0.00000,94.0,
2026-10-09T13:58:39+07:00,OK,212.1,5.506,1149.9,124.4,1167.8,0.984,50.05,23.02,0.37432,0.04429,0.00000,93.0,
2026-10-09T13:58:41+07:00,OK,211.8,5.502,1148.7,124.1,1165.3,0.985,50.05,23.02,0.37497,0.04436,0.00000,78.0,
2026-10-09T13:58:43+07:00,OK,212.0,5.548,1158.0,124.8,1176.2,0.984,50.05,23.02,0.37561,0.04443,0.00000,78.0,
2026-10-09T13:58:45+07:00,OK,212.0,5.777,1204.0,123.1,1224.7,0.983,50.04,23.02,0.37626,0.04450,0.00000,78.0,
2026-10-09T13:58:47+07:00,OK,211.8,5.538,1154.6,123.6,1172.9,0.984,50.04,23.02,0.37691,0.04457,0.00000,93.0,
2026-10-09T13:58:49+07:00,OK,211.8,5.515,1149.7,123.7,1168.1,0.984,50.06,23.03,0.37756,0.04464,0.00000,78.0,
2026-10-09T13:58:51+07:00,OK,211.7,5.637,1173.9,123.3,1193.4,0.983,50.05,23.03,0.37820,0.04471,0.00000,93.0,
2026-10-09T13:58:53+07:00,OK,212.0,5.546,1156.3,124.4,1175.8,0.983,50.03,23.03,0.37885,0.04477,0.00000,93.0,
2026-10-09T14:00:27+07:00,OK,212.0,5.792,1202.4,185.0,1227.9,0.979,50.06,23.06,0.37885,0.04477,0.00000,93.0,
2026-10-09T14:00:29+07:00,OK,211.9,5.845,1213.7,185.0,1238.6,0.979,50.05,23.06,0.37952,0.04488,0.00000,94.0,
2026-10-09T14:00:31+07:00,OK,211.9,5.804,1205.3,184.9,1229.9,0.98,50.07,23.06,0.38019,0.04498,0.00000,93.0,
2026-10-09T14:00:33+07:00,OK,211.9,5.809,1205.6,184.9,1230.9,0.979,50.02,23.06,0.38086,0.04508,0.00000,93.0,
2026-10-09T14:00:35+07:00,OK,212.1,5.808,1206.0,185.6,1231.9,0.979,50.06,23.06,0.38153,0.04519,0.00000,93.0,
2026-10-09T14:00:37+07:00,OK,211.9,5.799,1203.3,185.2,1228.8,0.979,50.06,23.06,0.38220,0.04529,0.00000,93.0,
2026-10-09T14:00:39+07:00,OK,211.7,5.816,1205.6,185.3,1231.2,0.979,50.07,23.06,0.38287,0.04539,0.00000,94.0,
2026-10-09T14:00:41+07:00,OK,211.8,5.839,1210.9,200.6,1236.7,0.979,50.04,23.06,0.38354,0.04550,0.00000,93.0,
2026-10-09T14:00:43+07:00,OK,212.0,5.811,1207.1,186.7,1231.9,0.979,50.02,23.06,0.38421,0.04561,0.00000,93.0,
2026-10-09T14:00:45+07:00,OK,211.9,5.802,1204.0,186.5,1229.4,0.979,50.02,23.06,0.38489,0.04571,0.00000,78.0,
2026-10-09T14:00:47+07:00,OK,211.9,5.605,1161.2,186.1,1187.7,0.977,50.02,23.06,0.38554,0.04581,0.00000,78.0,
2026-10-09T14:00:49+07:00,OK,212.0,5.617,1163.5,186.6,1190.8,0.977,50.01,23.07,0.38619,0.04592,0.00000,78.0,
2026-10-09T14:00:51+07:00,OK,212.0,5.637,1168.7,187.6,1195.0,0.977,50.0,23.07,0.38684,0.04602,0.00000,94.0,
2026-10-09T14:00:53+07:00,OK,212.3,5.649,1173.1,189.0,1199.3,0.978,50.0,23.07,0.38748,0.04613,0.00000,93.0,
2026-10-09T14:00:55+07:00,OK,212.3,5.63,1167.7,188.5,1195.2,0.976,50.0,23.07,0.38813,0.04623,0.00000,93.0,
2026-10-09T14:00:57+07:00,OK,211.8,5.622,1163.8,186.4,1190.7,0.977,50.0,23.07,0.38878,0.04633,0.00000,93.0,
2026-10-09T14:00:59+07:00,OK,211.7,5.624,1164.7,186.3,1190.6,0.978,49.99,23.07,0.38943,0.04644,0.00000,78.0,
2026-10-09T14:01:01+07:00,OK,211.9,5.629,1166.0,186.5,1192.8,0.977,49.99,23.07,0.39008,0.04654,0.00000,78.0,
2026-10-09T14:01:03+07:00,OK,212.1,5.671,1174.3,187.0,1202.8,0.976,49.98,23.07,0.39072,0.04665,0.00000,78.0,
2026-10-09T14:01:05+07:00,OK,212.1,5.612,1163.2,187.8,1190.3,0.977,50.0,23.07,0.39138,0.04675,0.00000,94.0,
2026-10-09T14:01:07+07:00,OK,212.0,5.605,1161.9,187.2,1188.3,0.977,50.01,23.07,0.39202,0.04685,0.00000,93.0,
2026-10-09T14:01:09+07:00,OK,212.0,5.61,1163.3,187.7,1189.3,0.978,50.0,23.07,0.39267,0.04696,0.00000,94.0,
2026-10-09T14:01:11+07:00,OK,211.9,5.631,1165.9,187.0,1193.2,0.977,49.97,23.07,0.39332,0.04706,0.00000,94.0,
2026-10-09T14:01:13+07:00,OK,212.2,5.615,1163.7,188.3,1191.5,0.976,49.98,23.07,0.39396,0.04717,0.00000,125.0,
2026-10-09T14:01:15+07:00,OK,212.1,5.622,1165.6,188.1,1192.4,0.977,50.02,23.07,0.39461,0.04727,0.00000,93.0,
2026-10-09T14:01:17+07:00,OK,211.9,5.613,1161.7,187.5,1189.4,0.976,50.01,23.07,0.39526,0.04738,0.00000,78.0,
2026-10-09T14:01:19+07:00,OK,211.9,5.613,1162.3,186.0,1189.4,0.977,49.99,23.08,0.39590,0.04748,0.00000,110.0,
2026-10-09T14:01:21+07:00,OK,211.8,6.06,1250.8,219.8,1283.5,0.974,50.0,23.08,0.39657,0.04759,0.00000,109.0,
2026-10-09T14:01:23+07:00,OK,212.2,5.618,1165.6,189.0,1192.1,0.977,50.05,23.08,0.39724,0.04770,0.00000,125.0,
2026-10-09T14:01:25+07:00,OK,211.3,7.913,1651.9,215.3,1672.0,0.987,49.99,23.08,0.39802,0.04782,0.00000,93.0,
2026-10-09T14:01:27+07:00,OK,210.9,7.96,1658.6,198.9,1678.8,0.988,50.0,23.08,0.39894,0.04793,0.00000,93.0,
2026-10-09T14:01:29+07:00,OK,211.8,5.609,1160.5,188.1,1188.0,0.976,50.02,23.08,0.39973,0.04804,0.00000,93.0,
2026-10-09T14:01:31+07:00,OK,211.6,5.617,1162.7,186.1,1188.6,0.978,50.01,23.08,0.40038,0.04814,0.00000,78.0,
2026-10-09T14:01:33+07:00,OK,211.7,5.606,1161.5,186.1,1186.8,0.978,49.99,23.08,0.40102,0.04825,0.00000,78.0,
2026-10-09T14:01:35+07:00,OK,211.7,5.621,1164.0,185.9,1190.0,0.978,50.01,23.08,0.40167,0.04835,0.00000,78.0,
2026-10-09T14:01:37+07:00,OK,211.5,5.604,1158.0,185.8,1185.2,0.977,49.98,23.08,0.40231,0.04845,0.00000,78.0,
2026-10-09T14:01:39+07:00,OK,211.6,5.604,1158.7,185.9,1185.8,0.977,50.0,23.08,0.40296,0.04856,0.00000,94.0,
2026-10-09T14:01:41+07:00,OK,211.6,5.622,1163.4,186.4,1189.6,0.977,49.99,23.08,0.40360,0.04866,0.00000,78.0,
2026-10-09T14:01:43+07:00,OK,211.6,5.63,1164.8,186.7,1191.3,0.977,49.99,23.08,0.40425,0.04876,0.00000,94.0,
2026-10-09T14:01:45+07:00,OK,211.7,5.603,1159.2,187.1,1186.2,0.977,49.99,23.08,0.40489,0.04887,0.00000,78.0,
2026-10-09T14:01:47+07:00,OK,211.6,5.606,1158.6,186.7,1186.2,0.976,49.97,23.08,0.40554,0.04897,0.00000,94.0,
2026-10-09T14:01:49+07:00,OK,211.6,5.702,1179.1,185.9,1206.5,0.977,49.95,23.09,0.40619,0.04908,0.00000,78.0,
2026-10-09T14:01:51+07:00,OK,211.7,5.607,1160.7,187.2,1187.0,0.977,50.0,23.09,0.40684,0.04918,0.00000,78.0,
2026-10-09T14:01:53+07:00,OK,211.8,5.606,1160.9,188.4,1187.4,0.977,50.0,23.09,0.40748,0.04928,0.00000,78.0,
2026-10-09T14:01:55+07:00,OK,211.9,5.6,1159.4,188.1,1186.6,0.977,49.99,23.09,0.40813,0.04939,0.00000,94.0,
2026-10-09T14:01:57+07:00,OK,211.7,5.613,1158.6,187.1,1188.3,0.975,49.99,23.09,0.40877,0.04949,0.00000,78.0,
2026-10-09T14:01:59+07:00,OK,211.6,5.623,1163.2,187.2,1189.8,0.977,49.99,23.09,0.40941,0.04960,0.00000,94.0,
2026-10-09T14:02:01+07:00,OK,211.7,5.612,1161.6,188.2,1188.1,0.977,49.96,23.09,0.41005,0.04970,0.00000,93.0,
2026-10-09T14:02:03+07:00,OK,211.6,5.597,1158.0,187.8,1184.3,0.977,49.98,23.09,0.41070,0.04980,0.00000,78.0,
2026-10-09T14:02:05+07:00,OK,211.8,5.619,1161.7,187.9,1190.1,0.976,49.99,23.09,0.41135,0.04991,0.00000,78.0,
2026-10-09T14:02:07+07:00,OK,211.7,5.617,1161.4,188.3,1189.1,0.976,49.98,23.09,0.41199,0.05001,0.00000,78.0,
2026-10-09T14:02:09+07:00,OK,211.8,5.624,1164.7,188.3,1191.2,0.977,49.98,23.09,0.41264,0.05012,0.00000,94.0,
2026-10-09T14:02:11+07:00,OK,211.9,5.609,1162.0,188.4,1188.5,0.977,49.98,23.09,0.41328,0.05022,0.00000,93.0,
2026-10-09T14:02:13+07:00,OK,211.7,5.625,1163.6,187.8,1190.8,0.977,49.97,23.09,0.41393,0.05033,0.00000,93.0,
2026-10-09T14:02:15+07:00,OK,211.7,5.627,1163.7,187.4,1191.2,0.976,49.99,23.09,0.41458,0.05043,0.00000,78.0,
2026-10-09T14:02:17+07:00,OK,211.3,6.348,1317.4,186.5,1341.3,0.982,49.98,23.09,0.41527,0.05054,0.00000,78.0,
2026-10-09T14:02:19+07:00,OK,211.2,6.381,1323.7,186.1,1347.7,0.982,50.01,23.1,0.41600,0.05064,0.00000,78.0,
2026-10-09T14:02:21+07:00,OK,211.4,6.389,1325.7,186.6,1350.6,0.981,50.0,23.1,0.41674,0.05074,0.00000,78.0,
2026-10-09T14:02:23+07:00,OK,211.6,6.39,1328.7,187.5,1352.1,0.982,50.01,23.1,0.41747,0.05085,0.00000,78.0,
2026-10-09T14:02:25+07:00,OK,211.6,6.382,1324.0,187.2,1350.4,0.98,50.01,23.1,0.41821,0.05095,0.00000,78.0,
2026-10-09T14:02:27+07:00,OK,211.5,6.38,1325.5,186.4,1349.4,0.982,50.01,23.1,0.41894,0.05105,0.00000,93.0,
2026-10-09T14:02:29+07:00,OK,211.7,6.392,1326.6,186.4,1353.2,0.98,50.02,23.1,0.41968,0.05116,0.00000,93.0,
2026-10-09T14:02:31+07:00,OK,211.9,6.383,1327.4,186.7,1352.6,0.981,50.04,23.1,0.42042,0.05126,0.00000,93.0,
2026-10-09T14:02:33+07:00,OK,211.8,6.344,1319.9,186.3,1343.7,0.982,50.01,23.1,0.42116,0.05137,0.00000,94.0,
2026-10-09T14:02:35+07:00,OK,211.7,6.366,1321.7,185.6,1347.7,0.98,50.01,23.1,0.42189,0.05147,0.00000,93.0,
2026-10-09T14:02:37+07:00,OK,211.7,6.327,1314.9,185.9,1339.4,0.981,50.01,23.1,0.42262,0.05157,0.00000,94.0,
2026-10-09T14:02:39+07:00,OK,211.8,6.361,1319.7,186.3,1347.3,0.979,50.01,23.1,0.42335,0.05167,0.00000,109.0,
2026-10-09T14:02:41+07:00,OK,211.8,6.349,1320.7,185.9,1344.7,0.982,50.0,23.1,0.42409,0.05178,0.00000,110.0,
2026-10-09T14:02:43+07:00,OK,211.6,6.367,1322.7,185.6,1347.3,0.981,50.02,23.1,0.42482,0.05188,0.00000,94.0,
2026-10-09T14:02:45+07:00,OK,211.7,6.332,1316.5,185.9,1340.5,0.982,50.02,23.1,0.42555,0.05198,0.00000,93.0,
2026-10-09T14:02:47+07:00,OK,211.7,6.358,1319.4,185.5,1346.0,0.98,50.01,23.11,0.42628,0.05209,0.00000,109.0,
2026-10-09T14:02:49+07:00,OK,211.7,6.32,1313.9,185.6,1337.9,0.982,50.01,23.11,0.42701,0.05219,0.00000,109.0,
2026-10-09T14:02:51+07:00,OK,211.7,6.323,1314.2,184.8,1338.6,0.981,50.02,23.11,0.42775,0.05229,0.00000,110.0,
2026-10-09T14:02:53+07:00,OK,211.8,6.323,1314.5,185.6,1339.2,0.981,50.0,23.11,0.42847,0.05240,0.00000,93.0,
2026-10-09T14:02:55+07:00,OK,211.7,6.279,1307.4,175.2,1329.3,0.983,50.0,23.11,0.42921,0.05250,0.00000,94.0,
2026-10-09T14:02:57+07:00,OK,211.7,6.228,1294.1,163.1,1318.5,0.981,50.02,23.11,0.42993,0.05259,0.00000,93.0,
2026-10-09T14:02:59+07:00,OK,210.0,11.704,2214.6,241.6,2457.8,0.901,50.02,23.11,0.43091,0.05270,0.00000,78.0,
2026-10-09T14:03:01+07:00,OK,210.7,8.486,1773.6,144.3,1788.0,0.991,50.03,23.11,0.43201,0.05281,0.00000,93.0,
2026-10-09T14:03:03+07:00,OK,210.9,8.58,1796.1,135.2,1809.5,0.992,50.03,23.11,0.43301,0.05289,0.00000,78.0,
2026-10-09T14:03:05+07:00,OK,211.9,5.648,1174.4,126.1,1196.8,0.981,50.03,23.11,0.43383,0.05296,0.00000,94.0,
2026-10-09T14:03:07+07:00,OK,211.8,5.537,1146.3,139.0,1172.7,0.977,50.03,23.11,0.43448,0.05303,0.00000,78.0,
2026-10-09T14:03:09+07:00,OK,211.7,5.482,1141.4,122.8,1160.5,0.983,50.03,23.11,0.43511,0.05311,0.00000,94.0,
2026-10-09T14:03:11+07:00,OK,211.8,5.482,1142.2,123.1,1161.1,0.983,50.01,23.12,0.43574,0.05318,0.00000,93.0,
2026-10-09T14:03:13+07:00,OK,211.7,5.537,1151.2,122.6,1172.2,0.982,50.02,23.12,0.43638,0.05324,0.00000,93.0,
2026-10-09T14:03:15+07:00,OK,211.3,5.471,1136.1,121.3,1156.0,0.982,50.03,23.12,0.43702,0.05331,0.00000,78.0,
2026-10-09T14:03:17+07:00,OK,211.7,5.471,1137.2,122.2,1158.2,0.981,50.02,23.12,0.43765,0.05338,0.00000,94.0,
2026-10-09T14:03:19+07:00,OK,211.7,5.465,1137.9,122.4,1156.9,0.983,50.02,23.12,0.43828,0.05345,0.00000,78.0,
2026-10-09T14:03:21+07:00,OK,211.7,5.486,1142.4,121.9,1161.4,0.983,50.03,23.12,0.43891,0.05352,0.00000,94.0,
2026-10-09T14:03:23+07:00,OK,211.7,5.453,1135.8,122.4,1154.4,0.983,50.01,23.12,0.43954,0.05358,0.00000,93.0,
2026-10-09T14:03:25+07:00,OK,211.7,5.456,1135.6,122.6,1155.0,0.983,50.02,23.12,0.44017,0.05365,0.00000,93.0,
2026-10-09T14:03:27+07:00,OK,211.6,5.497,1142.5,122.1,1163.2,0.982,50.03,23.12,0.44081,0.05372,0.00000,93.0,
2026-10-09T14:03:29+07:00,OK,211.5,5.542,1151.4,122.0,1172.1,0.982,50.01,23.12,0.44145,0.05379,0.00000,78.0,
2026-10-09T14:03:31+07:00,OK,211.7,5.485,1141.0,122.7,1161.2,0.982,50.01,23.12,0.44209,0.05386,0.00000,78.0,
2026-10-09T14:03:33+07:00,OK,211.7,5.493,1143.6,122.3,1162.9,0.983,50.05,23.12,0.44272,0.05392,0.00000,78.0,
2026-10-09T14:03:35+07:00,OK,212.1,5.186,1085.9,77.1,1100.0,0.987,50.02,23.12,0.44334,0.05398,0.00000,94.0,
2026-10-09T14:03:37+07:00,OK,211.9,5.186,1084.3,61.8,1098.9,0.986,50.03,23.12,0.44394,0.05402,0.00000,78.0,
2026-10-09T14:03:39+07:00,OK,211.8,5.224,1089.9,61.5,1106.4,0.985,50.03,23.12,0.44455,0.05405,0.00000,94.0,
2026-10-09T14:03:41+07:00,OK,211.8,5.198,1084.3,62.0,1100.9,0.984,50.02,23.12,0.44515,0.05409,0.00000,78.0,
2026-10-09T14:03:43+07:00,OK,211.9,5.259,1096.6,61.5,1114.4,0.984,50.04,23.13,0.44576,0.05412,0.00000,94.0,
2026-10-09T14:03:45+07:00,OK,211.9,5.188,1084.0,61.3,1099.3,0.986,50.04,23.13,0.44636,0.05415,0.00000,78.0,
2026-10-09T14:03:47+07:00,OK,211.8,5.16,1079.2,60.8,1092.9,0.987,50.04,23.13,0.44696,0.05419,0.00000,94.0,
2026-10-09T14:03:49+07:00,OK,211.7,5.191,1084.2,61.0,1098.9,0.986,50.06,23.13,0.44756,0.05422,0.00000,78.0,
2026-10-09T14:03:51+07:00,OK,211.5,5.251,1094.6,60.4,1110.6,0.985,50.01,23.13,0.44817,0.05426,0.00000,78.0,
2026-10-09T14:03:53+07:00,OK,211.8,5.206,1086.2,61.3,1102.6,0.985,50.02,23.13,0.44877,0.05429,0.00000,78.0,
2026-10-09T14:03:55+07:00,OK,211.6,5.205,1085.3,61.1,1101.4,0.985,50.03,23.13,0.44938,0.05432,0.00000,78.0,
2026-10-09T14:03:57+07:00,OK,211.6,5.237,1093.0,61.2,1108.1,0.986,50.02,23.13,0.44998,0.05436,0.00000,94.0,
2026-10-09T14:03:59+07:00,OK,211.6,5.212,1088.3,61.6,1102.9,0.986,49.99,23.13,0.45058,0.05439,0.00000,93.0,
2026-10-09T14:04:01+07:00,OK,211.8,5.187,1083.9,62.0,1098.6,0.986,50.01,23.13,0.45119,0.05443,0.00000,93.0,
2026-10-09T14:04:03+07:00,OK,211.8,5.192,1084.4,61.6,1099.7,0.986,50.02,23.13,0.45179,0.05446,0.00000,94.0,
2026-10-09T14:04:05+07:00,OK,212.0,5.207,1087.6,62.6,1103.9,0.985,50.01,23.13,0.45239,0.05449,0.00000,109.0,
2026-10-09T14:04:07+07:00,OK,212.0,5.214,1089.9,62.9,1105.4,0.986,49.99,23.13,0.45300,0.05453,0.00000,110.0,
2026-10-09T14:04:09+07:00,OK,211.9,5.228,1092.2,62.9,1107.8,0.985,49.97,23.13,0.45360,0.05456,0.00000,93.0,
2026-10-09T14:04:11+07:00,OK,211.8,5.246,1096.2,63.2,1111.1,0.986,50.01,23.13,0.45422,0.05460,0.00000,94.0,
2026-10-09T14:04:13+07:00,OK,211.7,5.218,1089.8,63.4,1104.7,0.986,50.01,23.13,0.45482,0.05463,0.00000,93.0,
2026-10-09T14:04:15+07:00,OK,210.5,9.865,1817.6,146.6,2076.6,0.875,50.01,23.13,0.45563,0.05469,0.00000,109.0,
2026-10-09T14:04:17+07:00,OK,210.8,7.549,1579.3,87.1,1591.3,0.992,49.99,23.14,0.45657,0.05476,0.00000,109.0,
2026-10-09T14:04:19+07:00,OK,211.0,7.504,1573.2,76.6,1583.3,0.993,50.01,23.14,0.45745,0.05480,0.00000,110.0,
2026-10-09T14:04:21+07:00,OK,210.9,7.551,1582.0,74.6,1592.5,0.993,50.0,23.14,0.45833,0.05485,0.00000,94.0,
2026-10-09T14:04:23+07:00,OK,210.9,7.515,1574.0,74.7,1584.9,0.993,50.0,23.14,0.45920,0.05489,0.00000,93.0,
2026-10-09T14:04:25+07:00,OK,211.7,5.295,1102.9,67.5,1121.0,0.983,50.01,23.14,0.45994,0.05493,0.00000,93.0,
2026-10-09T14:04:27+07:00,OK,211.8,5.198,1086.5,62.2,1100.9,0.986,50.0,23.14,0.46055,0.05496,0.00000,93.0,
2026-10-09T14:04:29+07:00,OK,211.7,5.193,1084.4,62.2,1099.4,0.986,49.99,23.14,0.46115,0.05500,0.00000,93.0,
2026-10-09T14:04:31+07:00,OK,211.7,5.2,1084.8,62.5,1100.8,0.985,50.02,23.14,0.46176,0.05503,0.00000,78.0,
2026-10-09T14:04:33+07:00,OK,211.8,5.191,1083.2,62.5,1099.5,0.985,50.0,23.14,0.46236,0.05507,0.00000,94.0,
2026-10-09T14:04:35+07:00,OK,211.8,5.183,1082.6,62.2,1097.8,0.986,50.01,23.14,0.46296,0.05510,0.00000,94.0,
2026-10-09T14:04:37+07:00,OK,211.8,5.213,1089.2,62.4,1104.1,0.986,50.01,23.14,0.46357,0.05514,0.00000,78.0,
2026-10-09T14:04:39+07:00,OK,211.9,5.226,1093.7,61.0,1107.4,0.987,50.03,23.14,0.46417,0.05517,0.00000,93.0,
2026-10-09T14:04:41+07:00,OK,212.1,5.204,1087.5,62.5,1103.8,0.985,50.01,23.14,0.46478,0.05520,0.00000,93.0,
2026-10-09T14:04:43+07:00,OK,211.8,5.218,1089.0,62.7,1105.2,0.985,50.04,23.14,0.46538,0.05524,0.00000,93.0,
2026-10-09T14:04:45+07:00,OK,211.6,5.206,1087.2,61.6,1101.6,0.987,50.05,23.15,0.46598,0.05527,0.00000,78.0,
2026-10-09T14:04:47+07:00,OK,210.2,9.077,1803.8,221.6,1908.0,0.945,50.02,23.15,0.46679,0.05535,0.00000,78.0,
2026-10-09T14:04:49+07:00,OK,210.4,7.574,1582.6,79.3,1593.6,0.993,50.04,23.15,0.46773,0.05544,0.00000,94.0,
2026-10-09T14:04:51+07:00,OK,210.2,7.538,1575.4,73.1,1584.5,0.994,50.05,23.15,0.46860,0.05548,0.00000,93.0,
2026-10-09T14:04:53+07:00,OK,210.2,7.511,1569.2,72.4,1578.8,0.993,50.03,23.15,0.46948,0.05552,0.00000,93.0,
2026-10-09T14:04:55+07:00,OK,210.3,7.502,1568.0,73.3,1577.7,0.993,49.99,23.15,0.47035,0.05556,0.00000,93.0,
2026-10-09T14:04:57+07:00,OK,210.5,7.5,1567.9,73.9,1578.8,0.993,50.03,23.15,0.47122,0.05560,0.00000,93.0,
2026-10-09T14:04:59+07:00,OK,210.6,7.511,1571.3,73.7,1581.8,0.993,50.02,23.15,0.47209,0.05564,0.00000,93.0,
2026-10-09T14:05:01+07:00,OK,210.7,7.514,1573.4,73.7,1583.2,0.993,50.03,23.15,0.47297,0.05568,0.00000,78.0,
2026-10-09T14:05:03+07:00,OK,210.7,7.498,1570.0,73.3,1579.8,0.993,50.02,23.15,0.47385,0.05572,0.00000,78.0,
2026-10-09T14:05:05+07:00,OK,210.6,7.496,1569.4,73.0,1578.7,0.994,50.01,23.15,0.47472,0.05576,0.00000,94.0,
2026-10-09T14:05:07+07:00,OK,210.6,7.5,1569.3,72.8,1579.5,0.993,50.01,23.16,0.47558,0.05580,0.00000,156.0,
2026-10-09T14:05:09+07:00,OK,210.6,7.546,1577.8,72.9,1589.2,0.992,50.04,23.16,0.47646,0.05584,0.00000,93.0,
2026-10-09T14:05:11+07:00,OK,210.5,7.496,1567.4,73.1,1577.9,0.993,50.04,23.16,0.47733,0.05588,0.00000,93.0,
2026-10-09T14:05:13+07:00,OK,210.6,7.499,1569.5,73.0,1579.3,0.993,50.01,23.16,0.47821,0.05593,0.00000,78.0,
2026-10-09T14:05:15+07:00,OK,210.6,7.519,1573.4,73.0,1583.5,0.993,50.0,23.16,0.47908,0.05597,0.00000,94.0,
2026-10-09T14:05:17+07:00,OK,210.7,7.506,1570.9,73.0,1581.5,0.993,50.04,23.16,0.47995,0.05601,0.00000,93.0,
2026-10-09T14:05:19+07:00,OK,210.8,7.554,1580.7,72.9,1592.4,0.992,50.02,23.16,0.48082,0.05605,0.00000,93.0,
2026-10-09T14:05:21+07:00,OK,210.6,7.53,1576.1,72.7,1585.8,0.993,50.04,23.16,0.48170,0.05609,0.00000,93.0,
2026-10-09T14:05:23+07:00,OK,210.5,7.578,1584.8,71.4,1595.2,0.993,50.04,23.16,0.48258,0.05613,0.00000,93.0,
2026-10-09T14:05:25+07:00,OK,210.5,7.522,1572.5,72.9,1583.4,0.993,50.03,23.16,0.48346,0.05617,0.00000,93.0,
2026-10-09T14:05:27+07:00,OK,210.6,7.527,1574.9,73.3,1585.2,0.993,50.03,23.16,0.48433,0.05621,0.00000,93.0,
2026-10-09T14:05:29+07:00,OK,210.6,7.532,1576.0,73.7,1586.2,0.993,50.01,23.16,0.48521,0.05625,0.00000,78.0,
2026-10-09T14:05:31+07:00,OK,210.5,7.522,1572.5,73.5,1583.4,0.993,50.03,23.17,0.48609,0.05629,0.00000,94.0,
2026-10-09T14:05:33+07:00,OK,211.2,6.401,1241.5,71.1,1351.9,0.918,50.06,23.17,0.48687,0.05633,0.00000,94.0,
2026-10-09T14:05:35+07:00,OK,211.4,5.194,1083.7,60.9,1098.0,0.986,50.01,23.17,0.48751,0.05637,0.00000,110.0,
2026-10-09T14:05:37+07:00,OK,211.2,5.171,1077.3,60.4,1092.1,0.986,50.03,23.17,0.48812,0.05640,0.00000,94.0,
2026-10-09T14:05:39+07:00,OK,211.2,5.227,1088.3,59.7,1103.9,0.985,50.02,23.17,0.48871,0.05643,0.00000,93.0,
2026-10-09T14:05:41+07:00,OK,211.1,5.173,1076.6,59.8,1092.0,0.985,50.04,23.17,0.48931,0.05647,0.00000,93.0,
2026-10-09T14:05:43+07:00,OK,211.1,5.201,1082.0,59.5,1097.9,0.985,50.01,23.17,0.48992,0.05650,0.00000,94.0,
2026-10-09T14:05:45+07:00,OK,211.3,5.164,1076.1,60.2,1091.2,0.986,50.02,23.17,0.49052,0.05653,0.00000,110.0,
2026-10-09T14:05:47+07:00,OK,211.2,5.161,1076.2,60.6,1090.0,0.987,50.0,23.17,0.49112,0.05657,0.00000,94.0,
2026-10-09T14:05:49+07:00,OK,211.3,5.187,1081.8,61.1,1096.0,0.987,50.01,23.17,0.49171,0.05660,0.00000,93.0,
2026-10-09T14:05:51+07:00,OK,211.3,5.188,1080.7,61.5,1096.2,0.985,50.0,23.17,0.49231,0.05663,0.00000,93.0,
2026-10-09T14:05:53+07:00,OK,211.3,5.215,1085.2,60.0,1101.9,0.984,50.02,23.17,0.49291,0.05667,0.00000,93.0,
2026-10-09T14:05:55+07:00,OK,211.4,5.184,1080.3,61.0,1095.9,0.985,50.0,23.17,0.49352,0.05670,0.00000,94.0,
2026-10-09T14:05:57+07:00,OK,210.9,5.176,1077.3,60.9,1091.6,0.986,50.0,23.17,0.49411,0.05674,0.00000,78.0,
2026-10-09T14:05:59+07:00,OK,211.3,5.199,1084.2,61.4,1098.5,0.986,49.97,23.17,0.49472,0.05677,0.00000,78.0,
2026-10-09T14:06:01+07:00,OK,211.1,5.202,1082.4,60.9,1098.1,0.985,49.99,23.17,0.49532,0.05680,0.00000,78.0,
2026-10-09T14:06:03+07:00,OK,210.9,5.21,1082.6,60.6,1098.8,0.985,50.02,23.18,0.49592,0.05684,0.00000,94.0,
2026-10-09T14:06:05+07:00,OK,211.0,5.165,1075.2,61.2,1089.8,0.986,49.99,23.18,0.49652,0.05687,0.00000,78.0,
2026-10-09T14:06:07+07:00,OK,210.9,5.163,1075.2,61.3,1088.9,0.987,50.0,23.18,0.49712,0.05691,0.00000,94.0,
2026-10-09T14:06:09+07:00,OK,210.8,5.284,1098.4,59.7,1113.9,0.986,49.97,23.18,0.49772,0.05694,0.00000,78.0,
2026-10-09T14:06:11+07:00,OK,210.9,5.183,1078.3,59.3,1093.1,0.986,50.0,23.18,0.49833,0.05697,0.00000,78.0,
2026-10-09T14:06:13+07:00,OK,211.0,5.2,1080.6,61.0,1097.2,0.984,49.97,23.18,0.49893,0.05701,0.00000,94.0,
2026-10-09T14:06:15+07:00,OK,211.0,5.192,1079.2,60.6,1095.5,0.985,50.01,23.18,0.49952,0.05704,0.00000,93.0,
2026-10-09T14:06:17+07:00,OK,211.1,5.161,1074.8,61.0,1089.5,0.986,49.98,23.18,0.50012,0.05707,0.00000,78.0,
2026-10-09T14:06:19+07:00,OK,211.0,5.217,1085.4,61.3,1100.8,0.986,49.98,23.18,0.50072,0.05711,0.00000,94.0,
2026-10-09T14:06:21+07:00,OK,211.0,5.18,1078.5,61.6,1093.0,0.986,49.94,23.18,0.50133,0.05714,0.00000,78.0,
2026-10-09T14:06:23+07:00,OK,211.1,5.198,1081.7,61.6,1097.3,0.985,50.0,23.18,0.50193,0.05718,0.00000,78.0,
2026-10-09T14:06:25+07:00,OK,211.2,5.158,1074.2,61.4,1089.4,0.986,49.97,23.18,0.50252,0.05721,0.00000,78.0,
2026-10-09T14:06:27+07:00,OK,211.3,5.172,1076.6,61.9,1092.8,0.985,49.96,23.18,0.50312,0.05724,0.00000,78.0,
2026-10-09T14:06:29+07:00,OK,211.3,5.217,1086.3,60.0,1102.4,0.985,49.96,23.18,0.50372,0.05728,0.00000,94.0,
2026-10-09T14:06:31+07:00,OK,211.3,5.154,1074.2,61.7,1089.0,0.986,49.95,23.18,0.50432,0.05731,0.00000,93.0,
2026-10-09T14:06:33+07:00,OK,211.2,5.184,1080.3,61.0,1094.9,0.986,50.02,23.18,0.50492,0.05735,0.00000,94.0,
2026-10-09T14:06:35+07:00,OK,211.3,5.226,1089.7,60.9,1104.3,0.986,50.01,23.18,0.50552,0.05738,0.00000,93.0,
2026-10-09T14:06:37+07:00,OK,211.4,5.167,1078.0,61.1,1092.3,0.986,49.98,23.19,0.50613,0.05741,0.00000,78.0,
2026-10-09T14:06:39+07:00,OK,211.4,5.228,1089.1,60.4,1105.2,0.985,50.02,23.19,0.50673,0.05745,0.00000,78.0,
2026-10-09T14:06:41+07:00,OK,211.5,5.159,1075.5,60.1,1091.1,0.985,50.0,23.19,0.50733,0.05748,0.00000,78.0,
2026-10-09T14:06:43+07:00,OK,211.3,5.194,1080.9,59.7,1097.5,0.984,50.04,23.19,0.50793,0.05751,0.00000,94.0,
2026-10-09T14:06:45+07:00,OK,211.4,5.163,1076.3,60.4,1091.5,0.986,50.03,23.19,0.50852,0.05755,0.00000,93.0,
2026-10-09T14:06:47+07:00,OK,211.3,5.179,1080.1,58.7,1094.3,0.987,50.01,23.19,0.50912,0.05758,0.00000,93.0,
2026-10-09T14:06:49+07:00,OK,211.3,5.199,1084.0,59.5,1098.5,0.986,50.03,23.19,0.50973,0.05761,0.00000,78.0,
2026-10-09T14:06:51+07:00,OK,211.3,5.217,1086.4,58.7,1102.4,0.985,50.02,23.19,0.51033,0.05765,0.00000,94.0,
2026-10-09T14:06:53+07:00,OK,211.5,5.174,1078.2,59.1,1094.3,0.985,50.04,23.19,0.51093,0.05768,0.00000,93.0,
2026-10-09T14:06:55+07:00,OK,211.5,5.173,1078.1,59.2,1094.1,0.985,50.05,23.19,0.51153,0.05771,0.00000,78.0,
2026-10-09T14:06:57+07:00,OK,211.6,5.162,1076.6,60.7,1092.3,0.985,50.03,23.19,0.51213,0.05775,0.00000,94.0,
2026-10-09T14:06:59+07:00,OK,211.6,5.191,1083.7,60.4,1098.4,0.986,50.04,23.19,0.51273,0.05778,0.00000,109.0,
2026-10-09T14:07:01+07:00,OK,211.5,5.144,1074.5,60.4,1088.0,0.987,50.01,23.19,0.51333,0.05781,0.00000,110.0,
2026-10-09T14:07:03+07:00,OK,211.5,5.142,1074.2,60.1,1087.5,0.987,50.03,23.19,0.51392,0.05785,0.00000,93.0,
2026-10-09T14:07:05+07:00,OK,211.7,5.144,1075.3,60.6,1089.0,0.987,50.03,23.19,0.51452,0.05788,0.00000,93.0,
2026-10-09T14:07:07+07:00,OK,211.9,5.146,1075.7,60.6,1090.4,0.986,50.02,23.19,0.51512,0.05791,0.00000,93.0,
2026-10-09T14:07:09+07:00,OK,211.9,5.176,1079.2,62.3,1096.8,0.984,50.03,23.2,0.51571,0.05795,0.00000,109.0,
2026-10-09T14:07:11+07:00,OK,211.8,5.15,1075.3,59.8,1090.8,0.985,50.03,23.2,0.51632,0.05798,0.00000,110.0,
2026-10-09T14:07:13+07:00,OK,211.7,5.146,1074.8,60.6,1089.4,0.986,50.03,23.2,0.51691,0.05801,0.00000,93.0,
2026-10-09T14:07:15+07:00,OK,211.7,5.148,1076.1,60.8,1089.8,0.987,50.03,23.2,0.51751,0.05805,0.00000,93.0,
2026-10-09T14:07:17+07:00,OK,211.7,5.207,1087.0,60.2,1102.3,0.986,50.04,23.2,0.51811,0.05808,0.00000,78.0,
2026-10-09T14:07:19+07:00,OK,211.7,5.152,1075.7,60.7,1090.7,0.986,50.02,23.2,0.51871,0.05812,0.00000,78.0,
2026-10-09T14:07:21+07:00,OK,211.7,5.162,1077.2,60.7,1092.8,0.985,50.03,23.2,0.51931,0.05815,0.00000,94.0,
2026-10-09T14:07:23+07:00,OK,211.6,5.155,1076.1,61.0,1090.8,0.986,50.04,23.2,0.51991,0.05818,0.00000,93.0,
2026-10-09T14:07:25+07:00,OK,211.6,5.148,1075.7,60.9,1089.3,0.987,50.01,23.2,0.52050,0.05822,0.00000,93.0,
2026-10-09T14:07:27+07:00,OK,211.6,5.153,1076.3,61.6,1090.4,0.987,50.03,23.2,0.52111,0.05825,0.00000,78.0,
2026-10-09T14:07:29+07:00,OK,211.6,5.203,1085.0,60.6,1101.0,0.985,50.03,23.2,0.52171,0.05828,0.00000,78.0,
2026-10-09T14:07:31+07:00,OK,211.5,5.162,1076.1,60.5,1091.8,0.985,50.01,23.2,0.52231,0.05832,0.00000,78.0,
2026-10-09T14:07:33+07:00,OK,211.6,5.167,1078.1,61.3,1093.3,0.986,50.02,23.2,0.52290,0.05835,0.00000,94.0,
2026-10-09T14:07:35+07:00,OK,211.7,5.136,1073.5,61.8,1087.3,0.987,50.02,23.2,0.52350,0.05839,0.00000,93.0,
2026-10-09T14:07:37+07:00,OK,211.5,5.14,1074.1,62.0,1087.1,0.988,50.03,23.2,0.52410,0.05842,0.00000,78.0,
2026-10-09T14:07:39+07:00,OK,211.7,5.179,1081.5,61.5,1096.4,0.986,50.02,23.2,0.52470,0.05846,0.00000,78.0,
2026-10-09T14:07:41+07:00,OK,211.8,5.217,1088.0,60.4,1105.0,0.984,49.99,23.2,0.52530,0.05849,0.00000,94.0,
2026-10-09T14:07:43+07:00,OK,211.9,5.156,1076.4,63.4,1092.6,0.985,49.99,23.21,0.52590,0.05852,0.00000,78.0,
2026-10-09T14:07:45+07:00,OK,211.8,5.137,1073.7,62.5,1088.0,0.986,49.99,23.21,0.52650,0.05856,0.00000,94.0,
2026-10-09T14:07:47+07:00,OK,211.6,5.215,1088.0,60.9,1103.5,0.986,50.02,23.21,0.52709,0.05859,0.00000,78.0,
2026-10-09T14:07:49+07:00,OK,211.7,5.173,1079.6,61.5,1095.1,0.985,50.0,23.21,0.52770,0.05863,0.00000,93.0,
2026-10-09T14:07:51+07:00,OK,211.5,5.171,1077.7,60.7,1093.7,0.985,50.01,23.21,0.52830,0.05866,0.00000,93.0,
2026-10-09T14:07:53+07:00,OK,211.6,5.155,1076.0,61.3,1090.8,0.986,50.02,23.21,0.52889,0.05869,0.00000,93.0,
2026-10-09T14:07:55+07:00,OK,211.7,5.145,1074.9,61.8,1089.2,0.986,49.99,23.21,0.52949,0.05873,0.00000,93.0,
2026-10-09T14:07:57+07:00,OK,211.8,5.156,1077.5,63.4,1092.0,0.986,49.99,23.21,0.53009,0.05876,0.00000,94.0,
2026-10-09T14:07:59+07:00,OK,211.6,5.16,1077.0,61.3,1091.9,0.986,50.0,23.21,0.53069,0.05880,0.00000,93.0,
2026-10-09T14:08:01+07:00,OK,211.5,5.156,1074.7,60.2,1090.5,0.985,50.0,23.21,0.53129,0.05883,0.00000,93.0,
2026-10-09T14:08:03+07:00,OK,211.6,5.144,1073.3,61.3,1088.5,0.986,50.0,23.21,0.53188,0.05887,0.00000,93.0,
2026-10-09T14:08:05+07:00,OK,211.5,5.147,1074.6,61.9,1088.6,0.987,49.98,23.21,0.53248,0.05890,0.00000,93.0,
2026-10-09T14:08:07+07:00,OK,211.0,6.784,1398.6,119.6,1431.4,0.977,49.98,23.21,0.53317,0.05895,0.00000,78.0,
2026-10-09T14:08:09+07:00,OK,211.6,5.145,1073.9,64.9,1088.7,0.986,49.99,23.21,0.53385,0.05900,0.00000,93.0,
2026-10-09T14:08:11+07:00,OK,211.7,5.021,1040.5,64.7,1062.9,0.978,49.99,23.21,0.53444,0.05904,0.00000,93.0,
2026-10-09T14:08:13+07:00,OK,211.6,4.962,1029.7,64.7,1050.0,0.98,49.97,23.21,0.53502,0.05907,0.00000,93.0,
2026-10-09T14:08:15+07:00,OK,211.5,5.545,1135.8,110.0,1172.8,0.968,50.01,23.22,0.53562,0.05912,0.00000,78.0,
2026-10-09T14:08:17+07:00,OK,211.5,4.965,1034.5,65.2,1050.1,0.985,49.99,23.22,0.53622,0.05917,0.00000,94.0,
2026-10-09T14:08:19+07:00,OK,211.6,4.963,1034.5,62.2,1050.2,0.985,49.98,23.22,0.53680,0.05921,0.00000,78.0,
2026-10-09T14:08:21+07:00,OK,211.8,4.955,1029.2,64.7,1049.5,0.98,49.96,23.22,0.53737,0.05924,0.00000,94.0,
2026-10-09T14:08:23+07:00,OK,211.7,5.002,1040.7,63.5,1058.9,0.982,49.97,23.22,0.53794,0.05928,0.00000,93.0,
2026-10-09T14:08:25+07:00,OK,211.7,5.033,1044.1,66.9,1065.5,0.98,50.0,23.22,0.53853,0.05931,0.00000,94.0,
2026-10-09T14:08:27+07:00,OK,211.6,4.972,1031.7,66.6,1052.1,0.98,49.99,23.22,0.53910,0.05935,0.00000,109.0,
2026-10-09T14:08:29+07:00,OK,210.5,4.98,1027.3,65.5,1048.3,0.98,49.98,23.22,0.53967,0.05939,0.00000,125.0,
2026-10-09T14:08:31+07:00,OK,211.4,4.991,1038.0,64.7,1055.1,0.983,49.98,23.22,0.54024,0.05942,0.00000,93.0,
2026-10-09T14:08:33+07:00,OK,211.7,4.972,1031.5,66.2,1052.6,0.98,49.99,23.22,0.54082,0.05946,0.00000,78.0,
2026-10-09T14:08:35+07:00,OK,211.6,4.964,1029.8,65.4,1050.4,0.98,49.99,23.22,0.54140,0.05950,0.00000,94.0,
2026-10-09T14:08:37+07:00,OK,211.4,4.975,1033.7,63.8,1051.7,0.982,50.01,23.22,0.54196,0.05953,0.00000,109.0,
2026-10-09T14:08:39+07:00,OK,211.6,4.968,1031.6,65.6,1051.2,0.981,50.0,23.22,0.54254,0.05957,0.00000,110.0,
2026-10-09T14:08:41+07:00,OK,210.8,7.439,1528.7,177.2,1568.1,0.974,50.03,23.22,0.54325,0.05963,0.00000,93.0,
2026-10-09T14:08:43+07:00,OK,211.4,4.987,1036.9,68.9,1054.3,0.983,50.0,23.22,0.54397,0.05970,0.00000,78.0,
2026-10-09T14:08:45+07:00,OK,211.3,5.011,1041.8,63.1,1058.8,0.983,49.97,23.22,0.54454,0.05974,0.00000,78.0,
2026-10-09T14:08:47+07:00,OK,211.1,4.994,1036.9,62.9,1054.2,0.983,50.01,23.22,0.54512,0.05978,0.00000,78.0,
2026-10-09T14:08:49+07:00,OK,211.0,4.968,1031.6,62.2,1048.2,0.984,50.0,23.23,0.54570,0.05981,0.00000,78.0,
2026-10-09T14:08:51+07:00,OK,211.1,4.985,1037.1,62.0,1052.3,0.985,49.99,23.23,0.54627,0.05984,0.00000,78.0,
2026-10-09T14:08:53+07:00,OK,211.4,4.994,1032.6,65.7,1055.7,0.978,49.98,23.23,0.54684,0.05988,0.00000,93.0,
2026-10-09T14:08:55+07:00,OK,211.2,4.968,1028.7,64.6,1049.2,0.98,49.99,23.23,0.54741,0.05992,0.00000,93.0,
2026-10-09T14:08:57+07:00,OK,211.1,4.982,1036.4,61.1,1051.7,0.985,50.0,23.23,0.54799,0.05995,0.00000,93.0,
2026-10-09T14:08:59+07:00,OK,211.0,5.059,1047.3,61.4,1067.4,0.981,50.01,23.23,0.54857,0.05999,0.00000,93.0,
2026-10-09T14:09:01+07:00,OK,211.3,5.007,1038.8,61.4,1058.0,0.981,50.03,23.23,0.54915,0.06002,0.00000,93.0,
2026-10-09T14:09:03+07:00,OK,211.1,5.049,1048.8,61.0,1065.8,0.984,50.04,23.23,0.54973,0.06005,0.00000,93.0,
2026-10-09T14:09:05+07:00,OK,211.2,5.095,1059.2,60.3,1076.1,0.984,50.02,23.23,0.55031,0.06009,0.00000,93.0,
2026-10-09T14:09:07+07:00,OK,211.0,5.014,1042.9,60.1,1058.0,0.985,50.02,23.23,0.55090,0.06012,0.00000,78.0,
2026-10-09T14:09:09+07:00,OK,211.0,5.002,1039.5,60.9,1055.4,0.984,50.04,23.23,0.55148,0.06015,0.00000,94.0,
2026-10-09T14:09:11+07:00,OK,211.2,5.013,1042.6,59.8,1058.7,0.984,50.02,23.23,0.55205,0.06019,0.00000,78.0,
2026-10-09T14:09:13+07:00,OK,211.0,5.755,1198.5,59.6,1214.3,0.986,50.0,23.23,0.55268,0.06022,0.00000,78.0,
2026-10-09T14:09:15+07:00,OK,211.1,5.724,1192.2,60.7,1208.3,0.986,50.02,23.23,0.55334,0.06025,0.00000,78.0,
2026-10-09T14:09:17+07:00,OK,210.7,5.728,1193.2,59.5,1206.9,0.988,50.03,23.23,0.55400,0.06029,0.00000,93.0,
2026-10-09T14:09:19+07:00,OK,210.6,5.732,1190.5,59.3,1207.2,0.986,50.02,23.23,0.55467,0.06032,0.00000,94.0,
2026-10-09T14:09:21+07:00,OK,210.0,5.732,1188.7,57.8,1203.7,0.987,50.01,23.23,0.55533,0.06035,0.00000,78.0,
2026-10-09T14:09:23+07:00,OK,210.4,5.786,1200.5,59.2,1217.4,0.986,50.02,23.24,0.55599,0.06039,0.00000,94.0,
2026-10-09T14:09:25+07:00,OK,210.5,5.861,1219.1,57.5,1233.7,0.988,50.02,23.24,0.55666,0.06042,0.00000,94.0,
2026-10-09T14:09:27+07:00,OK,210.3,5.788,1199.6,58.2,1217.2,0.985,50.0,23.24,0.55733,0.06045,0.00000,93.0,
2026-10-09T14:09:29+07:00,OK,210.2,5.762,1194.5,56.7,1211.2,0.986,50.02,23.24,0.55800,0.06048,0.00000,93.0,
2026-10-09T14:09:31+07:00,OK,210.2,5.781,1200.0,57.7,1215.2,0.987,50.03,23.24,0.55866,0.06051,0.00000,93.0,
2026-10-09T14:09:33+07:00,OK,210.3,5.807,1206.3,57.5,1221.2,0.987,50.0,23.24,0.55934,0.06055,0.00000,78.0,
2026-10-09T14:09:35+07:00,OK,210.4,5.753,1196.6,58.6,1210.4,0.988,50.07,23.24,0.56000,0.06058,0.00000,94.0,
2026-10-09T14:09:37+07:00,OK,210.3,5.733,1188.7,57.6,1205.6,0.985,50.04,23.24,0.56066,0.06061,0.00000,93.0,
2026-10-09T14:09:39+07:00,OK,210.2,5.756,1191.1,58.4,1209.9,0.984,50.04,23.24,0.56133,0.06064,0.00000,78.0,
2026-10-09T14:09:41+07:00,OK,210.2,5.741,1190.7,56.6,1206.8,0.986,50.05,23.24,0.56199,0.06067,0.00000,78.0,
2026-10-09T14:09:43+07:00,OK,210.2,5.843,1209.3,57.8,1228.2,0.984,50.03,23.24,0.56265,0.06071,0.00000,78.0,
2026-10-09T14:09:45+07:00,OK,210.3,5.739,1192.4,58.3,1206.9,0.987,50.03,23.24,0.56332,0.06074,0.00000,94.0,
2026-10-09T14:09:47+07:00,OK,210.1,5.752,1191.8,58.7,1208.5,0.986,50.06,23.24,0.56398,0.06077,0.00000,93.0,
2026-10-09T14:09:49+07:00,OK,210.1,5.817,1204.0,59.1,1222.2,0.985,50.05,23.24,0.56464,0.06080,0.00000,93.0,
2026-10-09T14:09:51+07:00,OK,210.2,5.759,1193.0,59.5,1210.5,0.985,50.07,23.24,0.56531,0.06084,0.00000,93.0,
2026-10-09T14:09:53+07:00,OK,210.3,5.751,1194.5,58.7,1209.4,0.987,50.02,23.25,0.56598,0.06087,0.00000,94.0,
2026-10-09T14:09:55+07:00,OK,210.5,5.76,1193.7,60.2,1212.5,0.984,50.03,23.25,0.56664,0.06090,0.00000,110.0,
2026-10-09T14:09:57+07:00,OK,210.6,5.713,1188.3,60.2,1203.2,0.987,50.03,23.25,0.56730,0.06094,0.00000,78.0,
2026-10-09T14:09:59+07:00,OK,210.3,5.804,1200.1,59.5,1220.6,0.983,50.05,23.25,0.56797,0.06097,0.00000,78.0,
2026-10-09T14:10:01+07:00,OK,210.2,5.702,1180.2,61.8,1198.6,0.984,50.03,23.25,0.56863,0.06100,0.00000,94.0,
2026-10-09T14:10:03+07:00,OK,210.4,5.566,1138.1,128.3,1171.1,0.971,50.04,23.25,0.56927,0.06106,0.00000,109.0,
2026-10-09T14:10:05+07:00,OK,210.6,5.287,1087.2,122.9,1113.4,0.976,50.02,23.25,0.56989,0.06113,0.00000,125.0,
2026-10-09T14:10:07+07:00,OK,210.6,5.257,1083.3,121.2,1107.1,0.978,50.03,23.25,0.57049,0.06119,0.00000,93.0,
2026-10-09T14:10:09+07:00,OK,208.9,10.476,1917.3,222.0,2188.4,0.876,50.01,23.25,0.57133,0.06129,0.00000,78.0,
2026-10-09T14:10:11+07:00,OK,209.7,7.639,1586.8,144.7,1601.9,0.99,50.03,23.25,0.57230,0.06139,0.00000,94.0,
2026-10-09T14:10:13+07:00,OK,209.7,7.618,1583.8,133.7,1597.5,0.991,50.01,23.25,0.57318,0.06147,0.00000,78.0,
2026-10-09T14:10:15+07:00,OK,209.9,7.631,1586.7,132.4,1601.7,0.99,50.0,23.25,0.57406,0.06154,0.00000,94.0,
2026-10-09T14:10:17+07:00,OK,209.9,7.616,1583.8,133.3,1598.6,0.99,49.98,23.25,0.57494,0.06162,0.00000,93.0,
2026-10-09T14:10:19+07:00,OK,210.7,5.325,1098.3,126.0,1122.0,0.978,49.99,23.26,0.57569,0.06169,0.00000,78.0,
2026-10-09T14:10:21+07:00,OK,210.6,5.262,1084.4,122.5,1108.2,0.978,49.99,23.26,0.57629,0.06176,0.00000,78.0,
2026-10-09T14:10:23+07:00,OK,210.6,5.26,1087.7,122.1,1107.8,0.981,49.99,23.26,0.57690,0.06182,0.00000,94.0,
2026-10-09T14:10:25+07:00,OK,210.7,5.305,1097.5,120.4,1117.8,0.981,49.99,23.26,0.57750,0.06189,0.00000,93.0,
2026-10-09T14:10:27+07:00,OK,210.8,5.301,1096.9,119.7,1117.5,0.981,49.96,23.26,0.57811,0.06196,0.00000,93.0,
2026-10-09T14:10:29+07:00,OK,210.7,5.357,1104.0,122.0,1128.7,0.978,50.0,23.26,0.57873,0.06203,0.00000,78.0,
2026-10-09T14:10:31+07:00,OK,210.5,5.288,1092.3,120.6,1113.1,0.981,49.99,23.26,0.57934,0.06209,0.00000,94.0,
2026-10-09T14:10:33+07:00,OK,210.9,5.272,1086.0,125.3,1111.9,0.976,49.98,23.26,0.57994,0.06216,0.00000,78.0,
2026-10-09T14:10:35+07:00,OK,210.9,5.312,1096.3,125.5,1120.3,0.978,49.94,23.26,0.58055,0.06223,0.00000,78.0,
2026-10-09T14:10:37+07:00,OK,210.9,5.285,1092.6,124.8,1114.6,0.98,49.98,23.26,0.58115,0.06230,0.00000,94.0,
2026-10-09T14:10:39+07:00,OK,211.0,5.295,1093.9,123.0,1117.2,0.979,49.96,23.26,0.58176,0.06237,0.00000,78.0,
2026-10-09T14:10:41+07:00,OK,211.0,5.285,1094.1,121.9,1115.1,0.981,49.98,23.26,0.58237,0.06244,0.00000,94.0,
2026-10-09T14:10:43+07:00,OK,210.8,5.222,1079.9,121.7,1100.8,0.981,50.0,23.26,0.58297,0.06251,0.00000,93.0,
2026-10-09T14:10:45+07:00,OK,210.5,5.332,1102.0,121.0,1122.4,0.981,49.96,23.26,0.58358,0.06257,0.00000,78.0,
2026-10-09T14:10:47+07:00,OK,210.5,5.257,1086.4,121.0,1106.6,0.981,50.01,23.26,0.58419,0.06264,0.00000,78.0,
2026-10-09T14:10:49+07:00,OK,210.7,5.268,1089.4,122.4,1110.0,0.981,49.99,23.26,0.58479,0.06271,0.00000,78.0,
2026-10-09T14:10:51+07:00,OK,210.7,5.28,1085.9,124.1,1112.5,0.976,49.98,23.27,0.58540,0.06278,0.00000,125.0,
2026-10-09T14:10:53+07:00,OK,210.6,5.275,1083.3,126.1,1110.9,0.975,49.98,23.27,0.58599,0.06285,0.00000,93.0,
2026-10-09T14:10:55+07:00,OK,210.5,5.346,1104.1,121.9,1125.3,0.981,49.97,23.27,0.58661,0.06291,0.00000,78.0,
2026-10-09T14:10:57+07:00,OK,210.4,5.298,1090.8,124.1,1114.7,0.978,49.96,23.27,0.58722,0.06298,0.00000,94.0,
2026-10-09T14:10:59+07:00,OK,210.4,5.265,1083.6,124.0,1107.8,0.978,49.94,23.27,0.58782,0.06305,0.00000,93.0,
2026-10-09T14:11:01+07:00,OK,210.4,5.268,1083.4,123.8,1108.4,0.977,49.98,23.27,0.58842,0.06312,0.00000,93.0,
2026-10-09T14:11:03+07:00,OK,210.5,5.294,1087.2,125.9,1114.4,0.975,49.98,23.27,0.58903,0.06319,0.00000,94.0,
2026-10-09T14:11:05+07:00,OK,210.6,5.267,1086.1,123.6,1109.2,0.979,49.96,23.27,0.58962,0.06326,0.00000,93.0,
2026-10-09T14:11:07+07:00,OK,210.6,5.244,1082.8,123.5,1104.4,0.98,49.99,23.27,0.59023,0.06333,0.00000,93.0,
2026-10-09T14:11:09+07:00,OK,210.4,5.287,1091.5,123.5,1112.4,0.981,49.99,23.27,0.59084,0.06340,0.00000,78.0,
2026-10-09T14:11:11+07:00,OK,210.7,5.341,1098.8,124.9,1125.3,0.976,49.99,23.27,0.59144,0.06347,0.00000,94.0,
2026-10-09T14:11:13+07:00,OK,210.2,5.271,1082.1,124.0,1108.0,0.976,50.01,23.27,0.59205,0.06353,0.00000,78.0,
2026-10-09T14:11:15+07:00,OK,210.3,5.309,1089.7,123.5,1116.5,0.976,50.0,23.27,0.59265,0.06360,0.00000,78.0,
2026-10-09T14:11:17+07:00,OK,210.1,5.258,1080.5,122.9,1104.7,0.978,49.99,23.27,0.59326,0.06367,0.00000,78.0,
2026-10-09T14:11:19+07:00,OK,210.0,5.314,1092.1,122.6,1115.9,0.978,49.99,23.27,0.59386,0.06374,0.00000,94.0,
2026-10-09T14:11:21+07:00,OK,210.0,5.331,1098.5,118.7,1119.5,0.981,49.97,23.27,0.59446,0.06381,0.00000,109.0,
2026-10-09T14:11:23+07:00,OK,210.3,5.283,1083.6,122.6,1111.0,0.975,49.99,23.27,0.59507,0.06387,0.00000,110.0,
2026-10-09T14:11:25+07:00,OK,210.6,5.385,1114.1,121.0,1134.1,0.982,49.98,23.28,0.59568,0.06394,0.00000,94.0,
2026-10-09T14:11:27+07:00,OK,210.5,5.359,1108.1,119.2,1128.1,0.982,49.97,23.28,0.59630,0.06401,0.00000,93.0,
2026-10-09T14:11:29+07:00,OK,210.1,5.322,1099.7,118.2,1118.2,0.983,50.01,23.28,0.59691,0.06407,0.00000,94.0,
2026-10-09T14:11:31+07:00,OK,210.1,5.341,1102.3,117.4,1122.1,0.982,50.02,23.28,0.59752,0.06414,0.00000,109.0,
2026-10-09T14:11:33+07:00,OK,210.0,5.329,1099.0,117.7,1119.1,0.982,50.01,23.28,0.59814,0.06421,0.00000,110.0,
2026-10-09T14:11:35+07:00,OK,210.3,5.329,1100.6,118.5,1120.7,0.982,50.03,23.28,0.59874,0.06427,0.00000,93.0,
2026-10-09T14:11:37+07:00,OK,210.5,5.314,1099.4,119.0,1118.6,0.982,50.01,23.28,0.59936,0.06434,0.00000,93.0,
2026-10-09T14:11:39+07:00,OK,210.4,5.341,1104.5,118.4,1123.7,0.982,50.0,23.28,0.59997,0.06440,0.00000,93.0,
2026-10-09T14:11:41+07:00,OK,210.3,5.323,1099.7,116.5,1119.4,0.982,50.03,23.28,0.60058,0.06447,0.00000,78.0,
2026-10-09T14:11:43+07:00,OK,210.4,5.26,1081.9,119.9,1106.7,0.977,49.99,23.28,0.60119,0.06453,0.00000,78.0,
2026-10-09T14:11:45+07:00,OK,210.6,5.261,1085.1,122.1,1108.0,0.979,50.0,23.28,0.60179,0.06460,0.00000,78.0,
2026-10-09T14:11:47+07:00,OK,211.3,5.219,1083.6,121.7,1102.8,0.982,50.02,23.28,0.60239,0.06467,0.00000,94.0,
2026-10-09T14:11:49+07:00,OK,211.3,5.248,1089.3,122.0,1108.9,0.982,50.03,23.28,0.60299,0.06474,0.00000,78.0,
2026-10-09T14:11:51+07:00,OK,211.1,5.308,1096.9,122.4,1120.5,0.978,50.0,23.28,0.60361,0.06480,0.00000,78.0,
2026-10-09T14:11:53+07:00,OK,211.2,5.294,1093.9,125.1,1118.1,0.978,50.01,23.28,0.60421,0.06487,0.00000,94.0,
2026-10-09T14:11:55+07:00,OK,211.1,5.267,1084.6,126.3,1111.9,0.975,50.0,23.28,0.60481,0.06494,0.00000,93.0,
2026-10-09T14:11:57+07:00,OK,211.4,5.262,1091.4,123.7,1112.4,0.981,50.02,23.29,0.60542,0.06501,0.00000,78.0,
2026-10-09T14:11:59+07:00,OK,211.3,5.325,1104.8,122.6,1125.2,0.981,50.0,23.29,0.60603,0.06508,0.00000,78.0,
2026-10-09T14:12:01+07:00,OK,211.3,5.288,1094.1,124.2,1117.4,0.979,50.0,23.29,0.60664,0.06515,0.00000,78.0,
2026-10-09T14:12:03+07:00,OK,211.2,5.25,1082.8,127.0,1108.8,0.976,50.02,23.29,0.60725,0.06522,0.00000,94.0,
2026-10-09T14:12:05+07:00,OK,211.2,5.241,1080.6,127.7,1106.9,0.976,50.01,23.29,0.60785,0.06529,0.00000,93.0,
2026-10-09T14:12:07+07:00,OK,211.2,5.255,1082.3,126.7,1109.9,0.975,49.99,23.29,0.60845,0.06536,0.00000,93.0,
2026-10-09T14:12:09+07:00,OK,211.7,5.237,1082.7,126.9,1108.7,0.976,50.02,23.29,0.60905,0.06543,0.00000,93.0,
2026-10-09T14:12:11+07:00,OK,211.5,5.249,1090.6,124.0,1110.2,0.982,50.01,23.29,0.60966,0.06550,0.00000,78.0,
2026-10-09T14:12:13+07:00,OK,211.4,5.271,1092.8,125.2,1114.3,0.98,50.01,23.29,0.61026,0.06557,0.00000,78.0,
2026-10-09T14:12:15+07:00,OK,210.9,5.261,1089.0,123.2,1109.5,0.981,50.01,23.29,0.61087,0.06564,0.00000,78.0,
2026-10-09T14:12:17+07:00,OK,210.9,5.306,1096.7,120.5,1119.0,0.98,50.0,23.29,0.61148,0.06571,0.00000,94.0,
2026-10-09T14:12:19+07:00,OK,210.8,5.315,1092.8,124.4,1120.4,0.975,50.0,23.29,0.61208,0.06577,0.00000,93.0,
2026-10-09T14:12:21+07:00,OK,210.9,5.376,1109.5,123.9,1133.8,0.978,50.0,23.29,0.61269,0.06584,0.00000,93.0,
2026-10-09T14:12:23+07:00,OK,211.0,5.257,1087.2,123.7,1109.2,0.98,50.04,23.29,0.61331,0.06591,0.00000,78.0,
2026-10-09T14:12:25+07:00,OK,210.8,5.259,1082.8,125.3,1108.6,0.976,50.01,23.29,0.61391,0.06598,0.00000,78.0,
2026-10-09T14:12:27+07:00,OK,210.8,5.28,1100.1,122.1,1113.0,0.988,50.01,23.29,0.61452,0.06605,0.00000,78.0,
2026-10-09T14:12:29+07:00,OK,210.9,5.246,1081.8,123.7,1106.4,0.977,50.02,23.29,0.61512,0.06612,0.00000,94.0,
2026-10-09T14:12:31+07:00,OK,210.8,5.271,1089.6,122.9,1111.1,0.98,50.0,23.3,0.61572,0.06619,0.00000,93.0,
2026-10-09T14:12:33+07:00,OK,211.1,5.281,1094.6,123.9,1114.8,0.981,50.03,23.3,0.61633,0.06626,0.00000,78.0,
2026-10-09T14:12:35+07:00,OK,211.1,5.285,1090.3,124.3,1115.7,0.977,49.99,23.3,0.61694,0.06632,0.00000,94.0,
2026-10-09T14:12:37+07:00,OK,210.8,5.255,1082.5,123.9,1107.8,0.977,50.01,23.3,0.61754,0.06639,0.00000,93.0,
2026-10-09T14:12:39+07:00,OK,210.8,5.334,1100.3,123.5,1124.4,0.978,49.99,23.3,0.61814,0.06646,0.00000,93.0,
2026-10-09T14:12:41+07:00,OK,210.9,5.245,1083.9,124.1,1106.2,0.979,50.01,23.3,0.61875,0.06653,0.00000,93.0,
2026-10-09T14:12:43+07:00,OK,211.1,5.318,1102.3,123.2,1122.6,0.981,49.99,23.3,0.61936,0.06660,0.00000,78.0,
2026-10-09T14:12:45+07:00,OK,211.3,5.301,1093.0,126.4,1120.1,0.975,50.0,23.3,0.61997,0.06667,0.00000,94.0,
2026-10-09T14:12:47+07:00,OK,211.3,5.26,1083.3,125.2,1111.4,0.974,50.01,23.3,0.62057,0.06674,0.00000,109.0,
2026-10-09T14:12:49+07:00,OK,211.1,5.257,1083.0,126.1,1109.8,0.975,50.02,23.3,0.62117,0.06681,0.00000,125.0,
2026-10-09T14:12:51+07:00,OK,211.1,5.289,1091.0,144.6,1116.5,0.977,50.01,23.3,0.62178,0.06688,0.00000,78.0,
2026-10-09T14:12:53+07:00,OK,211.0,5.621,1149.5,158.3,1186.0,0.969,50.02,23.3,0.62240,0.06697,0.00000,93.0,
2026-10-09T14:12:55+07:00,OK,211.5,5.307,1093.2,127.4,1122.4,0.973,50.01,23.3,0.62303,0.06705,0.00000,78.0,
2026-10-09T14:12:57+07:00,OK,211.5,5.254,1084.1,126.8,1111.2,0.975,50.02,23.3,0.62363,0.06712,0.00000,94.0,
2026-10-09T14:12:59+07:00,OK,210.8,7.569,1575.8,166.8,1595.5,0.987,49.99,23.3,0.62437,0.06720,0.00000,109.0,
2026-10-09T14:13:01+07:00,OK,210.7,7.585,1580.4,141.0,1598.2,0.988,50.03,23.31,0.62524,0.06728,0.00000,93.0,
2026-10-09T14:13:03+07:00,OK,210.7,7.575,1579.6,139.4,1596.1,0.989,50.0,23.31,0.62613,0.06736,0.00000,78.0,
2026-10-09T14:13:05+07:00,OK,210.6,7.641,1594.0,137.4,1609.2,0.99,50.03,23.31,0.62701,0.06744,0.00000,94.0,
2026-10-09T14:13:07+07:00,OK,210.6,7.57,1577.5,137.7,1594.2,0.989,49.99,23.31,0.62789,0.06752,0.00000,78.0,
2026-10-09T14:13:09+07:00,OK,210.7,7.565,1575.3,139.1,1593.9,0.988,50.0,23.31,0.62876,0.06759,0.00000,78.0,
2026-10-09T14:13:11+07:00,OK,210.4,7.577,1576.5,140.3,1594.2,0.988,50.01,23.31,0.62964,0.06767,0.00000,94.0,
2026-10-09T14:13:13+07:00,OK,210.5,7.571,1576.3,139.6,1593.7,0.989,50.0,23.31,0.63051,0.06775,0.00000,78.0,
2026-10-09T14:13:15+07:00,OK,210.6,7.622,1588.3,140.1,1605.2,0.989,50.0,23.31,0.63140,0.06783,0.00000,94.0,
2026-10-09T14:13:17+07:00,OK,211.1,7.599,1584.7,138.6,1604.1,0.987,49.99,23.31,0.63227,0.06790,0.00000,93.0,
2026-10-09T14:13:19+07:00,OK,210.8,7.585,1584.2,138.1,1598.9,0.99,50.01,23.31,0.63316,0.06798,0.00000,78.0,
2026-10-09T14:13:21+07:00,OK,210.7,7.575,1581.5,137.4,1596.1,0.99,50.04,23.31,0.63404,0.06806,0.00000,94.0,
2026-10-09T14:13:23+07:00,OK,210.6,7.601,1581.6,139.0,1600.8,0.988,50.01,23.32,0.63491,0.06813,0.00000,93.0,
2026-10-09T14:13:25+07:00,OK,210.5,7.585,1578.3,137.8,1596.6,0.988,50.03,23.32,0.63579,0.06821,0.00000,93.0,
2026-10-09T14:13:27+07:00,OK,210.2,7.555,1570.8,137.7,1588.1,0.989,50.03,23.32,0.63666,0.06829,0.00000,93.0,
2026-10-09T14:13:29+07:00,OK,210.4,7.623,1586.5,137.1,1603.9,0.989,50.03,23.32,0.63754,0.06836,0.00000,78.0,
2026-10-09T14:13:31+07:00,OK,210.8,6.495,1325.3,138.2,1369.1,0.968,50.03,23.32,0.63835,0.06844,0.00000,78.0,
2026-10-09T14:13:33+07:00,OK,211.1,5.293,1086.4,124.2,1117.4,0.972,50.02,23.32,0.63902,0.06851,0.00000,78.0,
2026-10-09T14:13:35+07:00,OK,211.2,5.29,1091.5,126.1,1117.2,0.976,50.02,23.32,0.63963,0.06858,0.00000,78.0,
2026-10-09T14:13:37+07:00,OK,211.1,5.272,1091.0,123.7,1112.9,0.98,50.02,23.32,0.64023,0.06865,0.00000,78.0,
2026-10-09T14:13:39+07:00,OK,211.4,5.24,1082.4,126.0,1107.7,0.977,50.03,23.32,0.64084,0.06872,0.00000,94.0,
2026-10-09T14:13:41+07:00,OK,211.3,5.243,1086.4,124.1,1107.8,0.98,50.03,23.32,0.64144,0.06879,0.00000,94.0,
2026-10-09T14:13:43+07:00,OK,211.3,5.29,1094.3,124.8,1117.8,0.979,50.02,23.32,0.64204,0.06886,0.00000,93.0,
2026-10-09T14:13:45+07:00,OK,210.7,5.281,1086.0,124.2,1112.7,0.976,50.02,23.32,0.64265,0.06893,0.00000,78.0,
2026-10-09T14:13:47+07:00,OK,210.9,5.288,1091.5,123.6,1115.2,0.978,50.01,23.32,0.64326,0.06900,0.00000,94.0,
2026-10-09T14:13:49+07:00,OK,210.9,5.234,1079.3,124.2,1103.9,0.977,50.02,23.32,0.64386,0.06907,0.00000,93.0,
2026-10-09T14:13:51+07:00,OK,211.2,5.098,1055.5,113.9,1076.7,0.98,50.0,23.32,0.64445,0.06913,0.00000,94.0,
2026-10-09T14:13:53+07:00,OK,211.4,4.996,1035.0,67.2,1056.2,0.98,50.01,23.33,0.64503,0.06918,0.00000,78.0,
2026-10-09T14:13:55+07:00,OK,211.5,4.973,1029.3,66.6,1051.8,0.978,50.02,23.33,0.64561,0.06922,0.00000,94.0,
2026-10-09T14:13:57+07:00,OK,211.4,4.977,1031.9,64.6,1052.1,0.98,49.99,23.33,0.64618,0.06926,0.00000,78.0,
2026-10-09T14:13:59+07:00,OK,211.5,4.942,1028.7,62.6,1045.2,0.984,50.03,23.33,0.64675,0.06929,0.00000,93.0,
2026-10-09T14:14:01+07:00,OK,211.6,4.943,1025.1,66.4,1045.9,0.98,50.03,23.33,0.64732,0.06933,0.00000,93.0,
2026-10-09T14:14:03+07:00,OK,211.7,5.029,1042.8,65.1,1064.6,0.979,50.05,23.33,0.64789,0.06936,0.00000,93.0,
2026-10-09T14:14:05+07:00,OK,211.8,4.945,1026.4,65.1,1047.4,0.98,50.04,23.33,0.64847,0.06940,0.00000,78.0,
2026-10-09T14:14:07+07:00,OK,211.7,4.953,1026.8,65.3,1048.6,0.979,50.04,23.33,0.64904,0.06944,0.00000,78.0,
2026-10-09T14:14:09+07:00,OK,211.7,4.961,1030.6,64.9,1050.2,0.981,50.04,23.33,0.64961,0.06947,0.00000,78.0,
2026-10-09T14:14:11+07:00,OK,211.6,4.95,1027.3,64.1,1047.4,0.98,50.04,23.33,0.65018,0.06951,0.00000,93.0,
2026-10-09T14:14:13+07:00,OK,211.6,4.975,1030.9,63.8,1052.7,0.979,50.05,23.33,0.65075,0.06954,0.00000,109.0,
2026-10-09T14:14:15+07:00,OK,211.5,5.037,1047.6,64.4,1065.3,0.983,50.03,23.33,0.65133,0.06958,0.00000,109.0,
2026-10-09T14:14:17+07:00,OK,211.7,4.924,1025.4,64.8,1042.4,0.983,50.05,23.33,0.65191,0.06962,0.00000,110.0,
2026-10-09T14:14:19+07:00,OK,211.5,4.986,1033.2,64.9,1054.5,0.979,50.02,23.33,0.65248,0.06965,0.00000,78.0,
2026-10-09T14:14:21+07:00,OK,211.4,4.938,1027.9,63.1,1043.9,0.984,50.02,23.33,0.65305,0.06969,0.00000,94.0,
2026-10-09T14:14:23+07:00,OK,211.6,4.978,1034.3,63.3,1053.3,0.981,50.0,23.33,0.65363,0.06972,0.00000,78.0,
2026-10-09T14:14:25+07:00,OK,211.7,4.988,1035.8,63.1,1056.0,0.98,50.03,23.33,0.65420,0.06976,0.00000,94.0,
2026-10-09T14:14:27+07:00,OK,212.0,4.991,1039.3,64.4,1058.1,0.982,50.02,23.34,0.65478,0.06979,0.00000,110.0,
2026-10-09T14:14:29+07:00,OK,211.9,5.022,1047.8,64.2,1064.2,0.984,50.02,23.34,0.65535,0.06983,0.00000,93.0,
2026-10-09T14:14:31+07:00,OK,211.7,5.039,1050.3,62.8,1066.8,0.984,50.03,23.34,0.65594,0.06986,0.00000,93.0,
2026-10-09T14:14:33+07:00,OK,211.9,4.958,1031.6,64.8,1050.6,0.981,50.0,23.34,0.65652,0.06990,0.00000,93.0,
2026-10-09T14:14:35+07:00,OK,211.8,4.953,1031.4,64.0,1049.0,0.983,50.0,23.34,0.65709,0.06994,0.00000,78.0,
2026-10-09T14:14:37+07:00,OK,211.9,4.939,1031.1,63.8,1046.6,0.985,50.03,23.34,0.65767,0.06997,0.00000,94.0,
2026-10-09T14:14:39+07:00,OK,211.8,4.914,1025.8,59.3,1040.8,0.985,50.01,23.34,0.65823,0.07000,0.00000,93.0,
2026-10-09T14:14:41+07:00,OK,211.7,4.89,1017.0,59.0,1035.2,0.982,50.03,23.34,0.65880,0.07004,0.00000,78.0,
2026-10-09T14:14:43+07:00,OK,211.6,4.879,1013.4,59.3,1032.4,0.981,50.01,23.34,0.65937,0.07007,0.00000,94.0,
2026-10-09T14:14:45+07:00,OK,211.5,4.869,1008.2,61.6,1029.8,0.979,50.01,23.34,0.65993,0.07010,0.00000,78.0,
2026-10-09T14:14:47+07:00,OK,211.5,4.851,1007.4,60.6,1026.0,0.981,50.01,23.34,0.66049,0.07014,0.00000,94.0,
2026-10-09T14:14:49+07:00,OK,211.5,4.99,1039.7,57.7,1055.4,0.985,49.99,23.34,0.66105,0.07017,0.00000,93.0,
2026-10-09T14:14:51+07:00,OK,211.6,4.917,1020.2,59.4,1040.4,0.98,49.98,23.34,0.66163,0.07020,0.00000,78.0,
2026-10-09T14:14:53+07:00,OK,211.5,4.887,1016.0,60.0,1033.6,0.982,49.97,23.34,0.66220,0.07024,0.00000,94.0,
2026-10-09T14:14:55+07:00,OK,211.4,4.916,1021.6,59.1,1039.2,0.983,49.97,23.34,0.66276,0.07027,0.00000,93.0,
2026-10-09T14:14:57+07:00,OK,211.4,4.88,1011.5,61.7,1031.6,0.98,49.97,23.34,0.66333,0.07030,0.00000,78.0,
2026-10-09T14:14:59+07:00,OK,211.8,4.876,1013.6,62.9,1032.7,0.981,49.98,23.34,0.66389,0.07034,0.00000,94.0,
2026-10-09T14:15:01+07:00,OK,211.7,4.888,1017.9,60.1,1034.8,0.983,49.97,23.34,0.66445,0.07037,0.00000,93.0,
2026-10-09T14:15:03+07:00,OK,212.1,4.895,1020.7,61.1,1038.2,0.983,49.98,23.35,0.66502,0.07041,0.00000,93.0,
2026-10-09T14:15:05+07:00,OK,211.4,4.948,1029.8,58.8,1046.0,0.984,49.97,23.35,0.66559,0.07044,0.00000,93.0,
2026-10-09T14:15:07+07:00,OK,211.4,4.884,1016.5,59.6,1032.5,0.984,49.95,23.35,0.66615,0.07047,0.00000,93.0,
2026-10-09T14:15:09+07:00,OK,211.5,4.923,1024.8,59.0,1041.2,0.984,49.97,23.35,0.66672,0.07050,0.00000,93.0,
2026-10-09T14:15:11+07:00,OK,211.6,4.95,1028.7,77.6,1047.4,0.982,49.95,23.35,0.66729,0.07054,0.00000,78.0,
2026-10-09T14:15:13+07:00,OK,210.9,7.164,1499.5,86.9,1510.9,0.992,49.98,23.35,0.66800,0.07059,0.00000,78.0,
2026-10-09T14:15:15+07:00,OK,211.8,4.85,1011.6,63.3,1027.2,0.984,49.96,23.35,0.66870,0.07063,0.00000,78.0,
2026-10-09T14:15:17+07:00,OK,211.0,4.868,1009.0,59.5,1027.1,0.982,49.97,23.35,0.66926,0.07066,0.00000,94.0,
2026-10-09T14:15:19+07:00,OK,211.9,4.866,1010.1,60.6,1031.1,0.979,49.97,23.35,0.66982,0.07070,0.00000,78.0,
2026-10-09T14:15:21+07:00,OK,211.9,4.862,1011.1,60.9,1030.3,0.981,49.98,23.35,0.67038,0.07073,0.00000,78.0,
2026-10-09T14:15:23+07:00,OK,212.1,4.864,1015.5,59.4,1031.7,0.984,49.96,23.35,0.67094,0.07076,0.00000,78.0,
2026-10-09T14:15:25+07:00,OK,212.0,4.871,1016.1,60.0,1032.7,0.984,49.96,23.35,0.67150,0.07080,0.00000,93.0,
2026-10-09T14:15:27+07:00,OK,212.1,4.868,1014.9,62.0,1032.5,0.982,49.97,23.35,0.67207,0.07083,0.00000,93.0,
2026-10-09T14:15:29+07:00,OK,211.8,4.899,1020.1,60.0,1037.6,0.983,49.99,23.35,0.67264,0.07087,0.00000,78.0,
2026-10-09T14:15:31+07:00,OK,211.8,4.905,1017.8,60.4,1038.9,0.979,49.98,23.35,0.67320,0.07090,0.00000,93.0,
2026-10-09T14:15:33+07:00,OK,211.9,4.903,1019.7,62.2,1038.9,0.981,50.01,23.35,0.67377,0.07093,0.00000,94.0,
2026-10-09T14:15:35+07:00,OK,212.1,4.926,1022.8,61.5,1044.8,0.978,50.0,23.36,0.67433,0.07097,0.00000,78.0,
2026-10-09T14:15:37+07:00,OK,212.1,4.87,1013.5,62.0,1032.9,0.981,50.0,23.36,0.67490,0.07100,0.00000,94.0,
2026-10-09T14:15:39+07:00,OK,212.0,4.893,1015.9,61.5,1037.3,0.979,50.0,23.36,0.67546,0.07104,0.00000,93.0,
2026-10-09T14:15:41+07:00,OK,211.6,5.641,1172.6,60.5,1193.6,0.982,49.97,23.36,0.67607,0.07107,0.00000,94.0,
2026-10-09T14:15:43+07:00,OK,211.3,5.706,1188.8,58.9,1205.7,0.986,50.0,23.36,0.67673,0.07110,0.00000,110.0,
2026-10-09T14:15:45+07:00,OK,211.4,5.664,1180.0,56.9,1197.4,0.985,50.01,23.36,0.67738,0.07114,0.00000,93.0,
2026-10-09T14:15:47+07:00,OK,211.6,5.599,1167.5,58.7,1184.7,0.985,50.0,23.36,0.67804,0.07117,0.00000,78.0,
2026-10-09T14:15:49+07:00,OK,211.5,5.621,1172.3,59.0,1188.8,0.986,50.01,23.36,0.67869,0.07120,0.00000,78.0,
2026-10-09T14:15:51+07:00,OK,211.4,5.699,1185.6,57.3,1204.8,0.984,50.0,23.36,0.67934,0.07123,0.00000,94.0,
2026-10-09T14:15:53+07:00,OK,211.4,5.642,1173.4,59.3,1192.7,0.983,49.98,23.36,0.68000,0.07126,0.00000,110.0,
2026-10-09T14:15:55+07:00,OK,211.4,5.668,1178.8,57.0,1198.2,0.983,49.97,23.36,0.68065,0.07130,0.00000,78.0,
2026-10-09T14:15:57+07:00,OK,211.3,5.628,1172.0,59.3,1189.2,0.985,49.98,23.36,0.68131,0.07133,0.00000,78.0,
2026-10-09T14:15:59+07:00,OK,211.5,5.62,1173.8,59.0,1188.6,0.987,49.98,23.36,0.68196,0.07136,0.00000,94.0,
2026-10-09T14:16:01+07:00,OK,211.4,5.614,1170.0,60.0,1186.8,0.985,49.99,23.36,0.68260,0.07140,0.00000,93.0,
2026-10-09T14:16:03+07:00,OK,211.4,5.617,1166.9,60.9,1187.4,0.982,49.99,23.36,0.68325,0.07143,0.00000,93.0,
2026-10-09T14:16:05+07:00,OK,211.2,5.601,1163.2,61.0,1182.9,0.983,49.97,23.36,0.68390,0.07146,0.00000,78.0,
2026-10-09T14:16:07+07:00,OK,211.1,5.597,1162.2,59.6,1181.5,0.983,49.99,23.37,0.68455,0.07150,0.00000,94.0,
2026-10-09T14:16:09+07:00,OK,211.1,5.594,1164.6,58.7,1180.9,0.986,49.99,23.37,0.68520,0.07153,0.00000,78.0,
2026-10-09T14:16:11+07:00,OK,211.3,5.613,1172.2,58.2,1186.0,0.988,49.99,23.37,0.68585,0.07156,0.00000,78.0,
2026-10-09T14:16:13+07:00,OK,211.4,5.673,1182.6,57.3,1199.3,0.986,49.99,23.37,0.68650,0.07159,0.00000,94.0,
2026-10-09T14:16:15+07:00,OK,211.4,5.651,1179.8,56.4,1194.6,0.987,49.99,23.37,0.68715,0.07163,0.00000,93.0,
2026-10-09T14:16:17+07:00,OK,211.3,5.679,1184.8,56.4,1200.0,0.987,50.01,23.37,0.68781,0.07166,0.00000,93.0,
2026-10-09T14:16:19+07:00,OK,211.3,5.623,1168.3,60.7,1188.1,0.983,50.0,23.37,0.68846,0.07169,0.00000,93.0,
2026-10-09T14:16:21+07:00,OK,211.4,5.707,1190.4,57.0,1206.5,0.986,50.01,23.37,0.68912,0.07172,0.00000,78.0,
2026-10-09T14:16:23+07:00,OK,211.5,5.596,1164.7,58.5,1183.6,0.984,50.0,23.37,0.68978,0.07175,0.00000,94.0,
2026-10-09T14:16:25+07:00,OK,211.6,5.675,1180.3,60.0,1200.8,0.982,50.02,23.37,0.69043,0.07179,0.00000,94.0,
2026-10-09T14:16:27+07:00,OK,211.7,5.676,1187.4,58.4,1201.6,0.988,50.0,23.37,0.69108,0.07182,0.00000,93.0,
2026-10-09T14:16:29+07:00,OK,211.6,5.63,1172.4,59.9,1191.3,0.984,50.01,23.37,0.69174,0.07185,0.00000,93.0,
2026-10-09T14:16:31+07:00,OK,211.8,5.632,1176.2,59.7,1192.9,0.986,50.02,23.37,0.69239,0.07189,0.00000,78.0,
2026-10-09T14:16:33+07:00,OK,211.8,5.608,1170.3,60.0,1187.8,0.985,50.02,23.37,0.69305,0.07192,0.00000,78.0,
2026-10-09T14:16:35+07:00,OK,212.0,5.61,1168.3,60.5,1189.3,0.982,50.02,23.37,0.69369,0.07195,0.00000,94.0,
2026-10-09T14:16:37+07:00,OK,212.0,5.608,1170.1,60.9,1188.9,0.984,50.0,23.38,0.69434,0.07199,0.00000,78.0,
2026-10-09T14:16:39+07:00,OK,211.9,5.691,1186.0,61.3,1205.9,0.983,50.01,23.38,0.69499,0.07202,0.00000,93.0,
2026-10-09T14:16:41+07:00,OK,211.8,5.712,1191.6,58.6,1209.8,0.984,50.01,23.38,0.69566,0.07205,0.00000,78.0,
2026-10-09T14:16:43+07:00,OK,211.8,5.738,1194.5,60.4,1215.3,0.982,50.0,23.38,0.69632,0.07209,0.00000,94.0,
2026-10-09T14:16:45+07:00,OK,211.9,5.663,1179.3,62.2,1200.0,0.982,50.01,23.38,0.69698,0.07212,0.00000,78.0,
2026-10-09T14:16:47+07:00,OK,212.0,5.666,1180.5,63.1,1201.2,0.982,49.99,23.38,0.69764,0.07216,0.00000,94.0,
2026-10-09T14:16:49+07:00,OK,212.0,5.678,1182.2,62.4,1203.7,0.982,50.0,23.38,0.69829,0.07219,0.00000,93.0,
2026-10-09T14:16:51+07:00,OK,211.9,5.663,1177.1,63.1,1200.0,0.98,50.03,23.38,0.69895,0.07223,0.00000,78.0,
2026-10-09T14:16:53+07:00,OK,212.2,5.001,1036.7,62.4,1061.2,0.976,50.01,23.38,0.69956,0.07226,0.00000,94.0,
2026-10-09T14:16:55+07:00,OK,212.1,4.954,1027.3,62.3,1050.7,0.977,50.01,23.38,0.70013,0.07229,0.00000,93.0,
2026-10-09T14:16:57+07:00,OK,212.3,4.911,1019.0,63.5,1042.6,0.977,50.02,23.38,0.70070,0.07233,0.00000,93.0,
2026-10-09T14:16:59+07:00,OK,212.2,4.945,1023.4,62.9,1049.3,0.975,50.01,23.38,0.70127,0.07236,0.00000,78.0,
2026-10-09T14:17:01+07:00,OK,212.0,4.945,1025.6,62.0,1048.3,0.978,50.0,23.38,0.70184,0.07240,0.00000,78.0,
2026-10-09T14:17:03+07:00,OK,211.7,4.905,1015.7,61.8,1038.4,0.978,50.0,23.38,0.70241,0.07243,0.00000,94.0,
2026-10-09T14:17:05+07:00,OK,211.6,4.909,1016.7,62.0,1038.7,0.978,50.0,23.38,0.70297,0.07247,0.00000,93.0,
2026-10-09T14:17:07+07:00,OK,211.6,4.915,1017.6,61.2,1040.0,0.978,50.0,23.38,0.70354,0.07250,0.00000,94.0,
2026-10-09T14:17:09+07:00,OK,211.5,4.989,1031.4,61.8,1055.2,0.977,49.98,23.38,0.70411,0.07254,0.00000,94.0,
2026-10-09T14:17:11+07:00,OK,211.7,4.914,1016.5,63.1,1040.3,0.977,49.99,23.39,0.70467,0.07257,0.00000,125.0,
2026-10-09T14:17:13+07:00,OK,212.0,4.904,1016.2,63.8,1039.6,0.977,50.03,23.39,0.70524,0.07261,0.00000,93.0,
2026-10-09T14:17:15+07:00,OK,211.4,7.204,1507.3,115.7,1522.9,0.989,49.98,23.39,0.70594,0.07266,0.00000,78.0,
2026-10-09T14:17:17+07:00,OK,211.2,7.23,1511.4,79.7,1527.0,0.989,49.97,23.39,0.70678,0.07271,0.00000,78.0,
2026-10-09T14:17:19+07:00,OK,211.1,7.213,1506.8,77.3,1522.7,0.989,50.01,23.39,0.70762,0.07275,0.00000,94.0,
2026-10-09T14:17:21+07:00,OK,211.3,7.195,1505.4,76.0,1520.3,0.99,50.01,23.39,0.70846,0.07280,0.00000,110.0,
2026-10-09T14:17:23+07:00,OK,211.0,7.196,1503.9,75.5,1518.4,0.99,49.98,23.39,0.70929,0.07284,0.00000,78.0,
2026-10-09T14:17:25+07:00,OK,211.2,7.186,1504.7,75.4,1517.7,0.991,49.99,23.39,0.71013,0.07288,0.00000,78.0,
2026-10-09T14:17:27+07:00,OK,211.0,7.202,1505.0,76.3,1519.6,0.99,50.03,23.39,0.71096,0.07292,0.00000,94.0,
2026-10-09T14:17:29+07:00,OK,211.1,6.947,1439.5,74.7,1466.5,0.981,50.02,23.39,0.71178,0.07296,0.00000,78.0,
2026-10-09T14:17:31+07:00,OK,211.7,4.901,1014.3,62.3,1037.5,0.977,50.01,23.39,0.71246,0.07300,0.00000,78.0,
2026-10-09T14:17:33+07:00,OK,212.0,4.899,1016.3,63.3,1038.6,0.978,50.0,23.39,0.71303,0.07304,0.00000,94.0,
2026-10-09T14:17:35+07:00,OK,212.0,4.896,1016.1,63.6,1038.0,0.978,50.02,23.39,0.71359,0.07307,0.00000,78.0,
2026-10-09T14:17:37+07:00,OK,211.9,4.902,1016.2,63.1,1038.7,0.978,49.98,23.39,0.71416,0.07311,0.00000,94.0,
2026-10-09T14:17:39+07:00,OK,211.7,4.916,1016.2,62.4,1040.7,0.976,50.01,23.4,0.71472,0.07314,0.00000,93.0,
2026-10-09T14:17:41+07:00,OK,211.7,4.949,1022.3,61.8,1047.7,0.975,50.03,23.4,0.71529,0.07318,0.00000,78.0,
2026-10-09T14:17:43+07:00,OK,211.9,4.902,1016.0,62.6,1038.7,0.978,50.03,23.4,0.71585,0.07321,0.00000,94.0,
2026-10-09T14:17:45+07:00,OK,212.0,4.922,1021.0,81.4,1043.5,0.978,50.0,23.4,0.71641,0.07325,0.00000,93.0,
2026-10-09T14:17:47+07:00,OK,209.7,11.468,2219.8,245.9,2404.8,0.923,50.03,23.4,0.71731,0.07334,0.00000,93.0,
2026-10-09T14:17:49+07:00,OK,211.2,7.23,1511.2,83.7,1527.0,0.989,50.04,23.4,0.71836,0.07344,0.00000,94.0,
2026-10-09T14:17:51+07:00,OK,211.3,7.227,1512.3,75.5,1527.1,0.99,50.0,23.4,0.71919,0.07348,0.00000,93.0,
2026-10-09T14:17:53+07:00,OK,211.4,7.237,1516.5,74.5,1529.9,0.991,50.03,23.4,0.72004,0.07352,0.00000,78.0,
2026-10-09T14:17:55+07:00,OK,212.1,4.935,1023.8,65.3,1046.7,0.978,50.01,23.4,0.72074,0.07356,0.00000,93.0,
2026-10-09T14:17:57+07:00,OK,211.8,4.95,1024.4,62.9,1048.4,0.977,50.0,23.4,0.72131,0.07360,0.00000,94.0,
2026-10-09T14:17:59+07:00,OK,211.8,4.942,1022.5,61.6,1046.7,0.976,50.04,23.4,0.72188,0.07363,0.00000,93.0,
2026-10-09T14:18:01+07:00,OK,209.6,11.331,2150.8,219.3,2375.0,0.905,50.02,23.4,0.72277,0.07371,0.00000,78.0,
2026-10-09T14:18:03+07:00,OK,211.3,7.227,1512.5,85.5,1527.1,0.99,50.01,23.4,0.72378,0.07379,0.00000,94.0,
2026-10-09T14:18:05+07:00,OK,211.5,7.218,1511.3,76.2,1526.6,0.989,50.03,23.41,0.72462,0.07384,0.00000,93.0,
2026-10-09T14:18:07+07:00,OK,211.4,7.219,1509.9,76.0,1526.1,0.989,50.04,23.41,0.72546,0.07388,0.00000,93.0,
2026-10-09T14:18:09+07:00,OK,212.0,4.94,1022.4,62.7,1047.3,0.976,50.02,23.41,0.72616,0.07392,0.00000,93.0,
2026-10-09T14:18:11+07:00,OK,212.0,4.917,1019.6,62.0,1042.4,0.978,50.03,23.41,0.72673,0.07395,0.00000,78.0,
2026-10-09T14:18:13+07:00,OK,212.0,4.901,1017.1,62.0,1039.0,0.978,50.01,23.41,0.72730,0.07399,0.00000,78.0,
2026-10-09T14:18:15+07:00,OK,212.1,4.916,1020.2,62.6,1042.7,0.978,50.03,23.41,0.72786,0.07402,0.00000,93.0,
2026-10-09T14:18:17+07:00,OK,212.2,4.949,1027.1,62.7,1050.2,0.978,50.03,23.41,0.72843,0.07406,0.00000,78.0,
2026-10-09T14:18:19+07:00,OK,212.1,4.941,1022.8,63.1,1048.0,0.976,50.04,23.41,0.72900,0.07409,0.00000,93.0,
2026-10-09T14:18:21+07:00,OK,211.9,4.894,1014.4,62.0,1037.0,0.978,50.03,23.41,0.72957,0.07413,0.00000,78.0,
2026-10-09T14:18:23+07:00,OK,211.8,4.977,1031.2,61.0,1054.1,0.978,50.04,23.41,0.73013,0.07416,0.00000,78.0,
2026-10-09T14:18:25+07:00,OK,212.1,4.935,1023.6,61.8,1046.7,0.977,50.04,23.41,0.73071,0.07420,0.00000,78.0,
2026-10-09T14:18:27+07:00,OK,212.1,4.991,1032.6,62.0,1058.6,0.975,50.04,23.41,0.73127,0.07423,0.00000,93.0,
2026-10-09T14:18:29+07:00,OK,212.1,4.954,1025.4,61.5,1050.7,0.975,50.04,23.41,0.73184,0.07426,0.00000,93.0,
2026-10-09T14:18:31+07:00,OK,211.9,4.898,1014.7,61.9,1037.9,0.977,50.04,23.41,0.73241,0.07430,0.00000,93.0,
2026-10-09T14:18:33+07:00,OK,211.9,4.893,1014.7,61.7,1036.8,0.978,50.04,23.41,0.73298,0.07433,0.00000,94.0,
2026-10-09T14:18:35+07:00,OK,212.0,4.888,1014.3,61.5,1036.3,0.978,50.03,23.41,0.73354,0.07437,0.00000,94.0,
2026-10-09T14:18:37+07:00,OK,212.1,4.915,1018.2,62.6,1042.5,0.976,50.06,23.41,0.73411,0.07440,0.00000,110.0,
2026-10-09T14:18:39+07:00,OK,211.9,4.963,1028.0,61.9,1051.7,0.977,50.02,23.41,0.73467,0.07444,0.00000,93.0,
2026-10-09T14:18:41+07:00,OK,211.7,4.909,1015.8,61.6,1039.2,0.977,50.03,23.42,0.73524,0.07447,0.00000,94.0,
2026-10-09T14:18:43+07:00,OK,211.7,4.895,1012.4,60.4,1036.3,0.977,50.02,23.42,0.73580,0.07450,0.00000,93.0,
2026-10-09T14:18:45+07:00,OK,211.5,4.909,1016.5,59.6,1038.3,0.979,50.06,23.42,0.73637,0.07454,0.00000,94.0,
2026-10-09T14:18:47+07:00,OK,211.9,4.903,1016.6,61.0,1038.9,0.978,50.04,23.42,0.73693,0.07457,0.00000,110.0,
2026-10-09T14:18:49+07:00,OK,211.9,4.897,1015.8,61.4,1037.7,0.978,50.03,23.42,0.73750,0.07460,0.00000,78.0,
2026-10-09T14:18:51+07:00,OK,211.7,4.908,1016.4,61.3,1039.0,0.978,50.05,23.42,0.73806,0.07464,0.00000,93.0,
2026-10-09T14:18:53+07:00,OK,211.6,4.905,1014.4,60.7,1037.9,0.977,50.06,23.42,0.73862,0.07467,0.00000,93.0,
2026-10-09T14:18:55+07:00,OK,211.6,4.9,1013.6,60.2,1036.8,0.977,50.04,23.42,0.73919,0.07471,0.00000,93.0,
2026-10-09T14:18:57+07:00,OK,211.7,4.904,1015.4,60.6,1038.2,0.978,50.03,23.42,0.73975,0.07474,0.00000,78.0,
2026-10-09T14:18:59+07:00,OK,211.3,4.917,1016.8,60.4,1039.0,0.978,50.04,23.42,0.74032,0.07477,0.00000,78.0,
2026-10-09T14:19:01+07:00,OK,211.8,4.896,1016.3,59.8,1037.0,0.98,50.05,23.42,0.74088,0.07481,0.00000,94.0,
2026-10-09T14:19:03+07:00,OK,211.6,4.91,1018.7,59.8,1039.0,0.98,50.05,23.42,0.74145,0.07484,0.00000,78.0,
2026-10-09T14:19:05+07:00,OK,211.0,4.929,1016.2,59.1,1040.0,0.977,50.02,23.42,0.74201,0.07487,0.00000,78.0,
2026-10-09T14:19:07+07:00,OK,211.3,4.923,1017.3,60.4,1040.2,0.977,50.05,23.42,0.74258,0.07491,0.00000,78.0,
2026-10-09T14:19:09+07:00,OK,211.7,4.92,1019.7,60.9,1041.6,0.979,50.06,23.42,0.74315,0.07494,0.00000,94.0,
2026-10-09T14:19:11+07:00,OK,211.3,4.936,1020.1,60.2,1043.0,0.978,50.03,23.42,0.74371,0.07497,0.00000,78.0,
2026-10-09T14:19:13+07:00,OK,211.1,4.92,1015.6,59.6,1038.6,0.977,50.04,23.42,0.74428,0.07501,0.00000,94.0,
2026-10-09T14:19:15+07:00,OK,211.2,4.926,1016.9,59.7,1040.4,0.977,50.04,23.43,0.74484,0.07504,0.00000,93.0,
2026-10-09T14:19:17+07:00,OK,211.2,4.924,1018.0,60.2,1039.9,0.978,50.04,23.43,0.74540,0.07507,0.00000,93.0,
2026-10-09T14:19:19+07:00,OK,211.5,4.955,1025.1,58.7,1048.0,0.978,50.03,23.43,0.74597,0.07511,0.00000,78.0,
2026-10-09T14:19:21+07:00,OK,211.5,4.898,1014.4,59.4,1035.9,0.979,50.04,23.43,0.74654,0.07514,0.00000,94.0,
2026-10-09T14:19:23+07:00,OK,211.4,4.907,1014.5,59.5,1037.3,0.978,50.02,23.43,0.74710,0.07517,0.00000,93.0,
2026-10-09T14:19:25+07:00,OK,211.2,4.914,1016.0,58.7,1037.8,0.978,50.04,23.43,0.74766,0.07521,0.00000,93.0,
2026-10-09T14:19:27+07:00,OK,225.9,7.08,1578.0,163.2,1599.4,0.986,50.04,23.43,0.74839,0.07527,0.00000,78.0,
2026-10-09T14:19:29+07:00,OK,226.0,7.172,1598.4,149.5,1620.9,0.986,50.04,23.43,0.74927,0.07535,0.00000,78.0,
2026-10-09T14:19:31+07:00,OK,226.0,7.078,1576.9,149.2,1599.6,0.985,50.02,23.43,0.75015,0.07544,0.00000,78.0,
2026-10-09T14:19:33+07:00,OK,225.8,7.075,1574.5,149.4,1597.5,0.985,50.01,23.43,0.75103,0.07552,0.00000,78.0,
2026-10-09T14:19:35+07:00,OK,225.5,7.091,1575.8,147.7,1599.0,0.985,50.04,23.43,0.75190,0.07560,0.00000,93.0,
2026-10-09T14:19:37+07:00,OK,225.6,7.087,1576.5,147.9,1598.8,0.986,50.04,23.43,0.75278,0.07568,0.00000,78.0,
2026-10-09T14:19:39+07:00,OK,225.8,7.112,1582.0,149.7,1605.9,0.985,50.03,23.43,0.75366,0.07577,0.00000,78.0,
2026-10-09T14:19:41+07:00,OK,225.9,7.156,1591.8,148.7,1616.5,0.984,50.02,23.44,0.75454,0.07585,0.00000,78.0,
2026-10-09T14:19:43+07:00,OK,225.8,7.1,1580.5,149.2,1603.2,0.985,50.0,23.44,0.75542,0.07593,0.00000,94.0,
2026-10-09T14:19:45+07:00,OK,225.2,7.094,1575.4,146.3,1597.6,0.986,50.0,23.44,0.75629,0.07601,0.00000,93.0,
2026-10-09T14:19:47+07:00,OK,225.9,4.832,1061.9,121.2,1091.5,0.972,50.0,23.44,0.75703,0.07609,0.00000,78.0,
2026-10-09T14:19:49+07:00,OK,225.9,4.837,1063.3,114.1,1092.7,0.973,49.99,23.44,0.75762,0.07615,0.00000,93.0,
2026-10-09T14:19:51+07:00,OK,226.1,4.807,1058.5,115.3,1086.9,0.973,50.0,23.44,0.75821,0.07622,0.00000,78.0,
2026-10-09T14:19:53+07:00,OK,226.3,4.795,1058.7,115.8,1085.1,0.975,49.99,23.44,0.75880,0.07628,0.00000,94.0,
2026-10-09T14:19:55+07:00,OK,226.0,4.905,1079.7,113.7,1108.5,0.974,49.96,23.44,0.75939,0.07635,0.00000,94.0,
2026-10-09T14:19:57+07:00,OK,225.9,4.812,1057.6,115.3,1087.0,0.972,50.0,23.44,0.75998,0.07641,0.00000,93.0,
2026-10-09T14:19:59+07:00,OK,226.2,4.915,1080.0,118.9,1111.8,0.971,49.97,23.44,0.76057,0.07647,0.00000,93.0,
2026-10-09T14:20:01+07:00,OK,226.2,4.899,1076.0,121.9,1108.2,0.971,49.96,23.44,0.76118,0.07654,0.00000,94.0,
2026-10-09T14:20:03+07:00,OK,226.4,4.893,1075.5,123.5,1107.8,0.97,49.96,23.44,0.76178,0.07661,0.00000,110.0,
2026-10-09T14:20:05+07:00,OK,226.2,4.892,1077.0,122.6,1106.6,0.973,49.97,23.44,0.76237,0.07668,0.00000,93.0,
2026-10-09T14:20:07+07:00,OK,226.0,4.885,1075.0,122.8,1104.0,0.973,49.99,23.44,0.76297,0.07675,0.00000,93.0,
2026-10-09T14:20:09+07:00,OK,226.0,4.889,1076.9,121.9,1104.9,0.974,49.98,23.44,0.76356,0.07681,0.00000,93.0,
2026-10-09T14:20:11+07:00,OK,225.9,4.891,1077.9,120.4,1104.9,0.975,49.97,23.44,0.76417,0.07688,0.00000,94.0,
2026-10-09T14:20:13+07:00,OK,226.3,4.887,1075.0,123.4,1105.9,0.972,49.99,23.45,0.76476,0.07695,0.00000,109.0,
2026-10-09T14:20:15+07:00,OK,226.0,4.903,1075.5,123.5,1108.1,0.97,49.97,23.45,0.76536,0.07702,0.00000,110.0,
2026-10-09T14:20:17+07:00,OK,226.2,4.909,1077.5,123.9,1110.4,0.97,49.98,23.45,0.76596,0.07709,0.00000,93.0,
2026-10-09T14:20:19+07:00,OK,226.3,4.907,1078.1,123.9,1110.5,0.97,49.96,23.45,0.76656,0.07716,0.00000,94.0,
2026-10-09T14:20:21+07:00,OK,226.4,4.883,1074.4,123.3,1105.5,0.971,49.97,23.45,0.76715,0.07722,0.00000,78.0,
2026-10-09T14:20:23+07:00,OK,226.4,4.88,1074.6,123.6,1104.8,0.972,49.98,23.45,0.76775,0.07729,0.00000,78.0,
2026-10-09T14:20:25+07:00,OK,226.4,4.885,1077.0,123.6,1106.0,0.973,49.98,23.45,0.76835,0.07736,0.00000,94.0,
2026-10-09T14:20:27+07:00,OK,226.5,4.883,1077.1,124.5,1106.0,0.973,49.99,23.45,0.76895,0.07743,0.00000,93.0,
2026-10-09T14:20:29+07:00,OK,226.5,4.956,1091.5,123.9,1122.5,0.972,49.96,23.45,0.76955,0.07750,0.00000,78.0,
2026-10-09T14:20:31+07:00,OK,226.4,4.803,1058.0,117.5,1087.4,0.973,49.97,23.45,0.77015,0.07757,0.00000,78.0,
2026-10-09T14:20:33+07:00,OK,226.6,4.812,1060.8,117.4,1090.4,0.972,49.97,23.45,0.77074,0.07763,0.00000,94.0,
2026-10-09T14:20:35+07:00,OK,226.7,4.827,1064.2,118.1,1094.3,0.972,49.97,23.45,0.77132,0.07770,0.00000,78.0,
2026-10-09T14:20:37+07:00,OK,226.9,4.816,1064.0,118.9,1092.8,0.973,49.96,23.45,0.77192,0.07776,0.00000,94.0,
2026-10-09T14:20:39+07:00,OK,226.9,5.434,1178.3,198.7,1233.0,0.955,49.97,23.45,0.77254,0.07785,0.00000,93.0,
2026-10-09T14:20:41+07:00,OK,226.6,5.189,1136.8,190.7,1175.8,0.966,50.0,23.45,0.77318,0.07796,0.00000,93.0,
2026-10-09T14:20:43+07:00,OK,226.6,5.13,1124.1,190.1,1162.5,0.967,49.99,23.45,0.77381,0.07806,0.00000,93.0,
2026-10-09T14:20:45+07:00,OK,226.8,5.206,1148.9,188.2,1180.7,0.973,50.01,23.46,0.77445,0.07817,0.00000,94.0,
2026-10-09T14:20:47+07:00,OK,226.7,5.122,1127.2,188.7,1161.2,0.97,50.0,23.46,0.77508,0.07828,0.00000,78.0,
2026-10-09T14:20:49+07:00,OK,227.0,5.139,1130.8,190.3,1166.6,0.969,50.02,23.46,0.77570,0.07838,0.00000,78.0,
2026-10-09T14:20:51+07:00,OK,226.4,7.523,1644.2,313.9,1703.2,0.965,50.03,23.46,0.77648,0.07852,0.00000,94.0,
2026-10-09T14:20:53+07:00,OK,227.0,5.094,1120.6,198.3,1156.3,0.969,50.02,23.46,0.77724,0.07866,0.00000,78.0,
2026-10-09T14:20:55+07:00,OK,226.3,7.359,1626.0,291.5,1665.3,0.976,50.02,23.46,0.77800,0.07880,0.00000,93.0,
2026-10-09T14:20:57+07:00,OK,226.1,7.347,1633.1,226.2,1661.2,0.983,50.04,23.46,0.77891,0.07894,0.00000,93.0,
2026-10-09T14:20:59+07:00,OK,226.3,7.39,1645.7,223.6,1672.4,0.984,50.05,23.46,0.77982,0.07907,0.00000,78.0,
2026-10-09T14:21:01+07:00,OK,227.0,5.257,1139.6,205.4,1193.3,0.954,50.04,23.46,0.78059,0.07919,0.00000,93.0,
2026-10-09T14:21:03+07:00,OK,226.7,5.097,1118.8,191.3,1155.5,0.968,50.02,23.46,0.78122,0.07930,0.00000,94.0,
2026-10-09T14:21:05+07:00,OK,226.7,5.112,1120.8,190.6,1158.9,0.967,50.01,23.46,0.78184,0.07940,0.00000,93.0,
2026-10-09T14:21:07+07:00,OK,226.8,5.1,1118.5,192.0,1156.7,0.967,50.05,23.46,0.78246,0.07951,0.00000,93.0,
2026-10-09T14:21:09+07:00,OK,226.9,5.141,1127.4,190.3,1166.5,0.966,50.01,23.46,0.78309,0.07962,0.00000,78.0,
2026-10-09T14:21:11+07:00,OK,226.9,5.101,1119.4,191.8,1157.4,0.967,50.03,23.46,0.78372,0.07972,0.00000,78.0,
2026-10-09T14:21:13+07:00,OK,227.1,5.098,1120.3,191.6,1157.8,0.967,50.02,23.46,0.78434,0.07983,0.00000,94.0,
2026-10-09T14:21:15+07:00,OK,226.6,5.137,1125.4,189.4,1164.0,0.966,50.0,23.47,0.78496,0.07993,0.00000,78.0,
2026-10-09T14:21:17+07:00,OK,226.4,5.111,1119.8,188.3,1157.1,0.967,50.05,23.47,0.78559,0.08004,0.00000,94.0,
2026-10-09T14:21:19+07:00,OK,226.8,5.121,1125.5,189.0,1161.4,0.969,50.04,23.47,0.78621,0.08014,0.00000,78.0,
2026-10-09T14:21:21+07:00,OK,227.1,5.094,1120.8,191.0,1156.8,0.968,50.03,23.47,0.78683,0.08025,0.00000,78.0,
2026-10-09T14:21:23+07:00,OK,227.1,5.103,1125.5,190.6,1158.9,0.971,50.03,23.47,0.78746,0.08036,0.00000,78.0,
2026-10-09T14:21:25+07:00,OK,226.8,5.176,1137.6,190.1,1173.9,0.969,50.03,23.47,0.78809,0.08046,0.00000,78.0,
2026-10-09T14:21:27+07:00,OK,226.8,5.139,1130.3,188.1,1165.5,0.969,50.02,23.47,0.78872,0.08057,0.00000,94.0,
2026-10-09T14:21:29+07:00,OK,226.6,5.172,1134.4,189.5,1172.0,0.968,50.03,23.47,0.78934,0.08067,0.00000,109.0,
2026-10-09T14:21:31+07:00,OK,226.8,5.106,1120.9,189.7,1158.0,0.967,50.02,23.47,0.78997,0.08078,0.00000,110.0,
2026-10-09T14:21:33+07:00,OK,226.8,5.116,1121.6,190.2,1160.3,0.966,50.01,23.47,0.79059,0.08088,0.00000,78.0,
2026-10-09T14:21:35+07:00,OK,226.6,5.899,1300.6,189.1,1336.7,0.972,50.02,23.47,0.79127,0.08099,0.00000,78.0,
2026-10-09T14:21:37+07:00,OK,226.5,5.902,1301.5,188.3,1336.8,0.973,50.03,23.47,0.79199,0.08109,0.00000,78.0,
2026-10-09T14:21:39+07:00,OK,226.6,5.882,1298.2,188.1,1332.9,0.974,50.03,23.47,0.79271,0.08120,0.00000,94.0,
2026-10-09T14:21:41+07:00,OK,226.5,5.915,1304.7,187.6,1339.7,0.973,50.03,23.47,0.79343,0.08130,0.00000,110.0,
2026-10-09T14:21:43+07:00,OK,226.7,5.891,1303.2,188.4,1335.5,0.975,50.05,23.47,0.79415,0.08140,0.00000,93.0,
2026-10-09T14:21:45+07:00,OK,226.4,5.879,1296.9,187.9,1331.0,0.974,50.02,23.48,0.79488,0.08151,0.00000,78.0,
2026-10-09T14:21:47+07:00,OK,226.1,5.868,1294.0,186.5,1326.8,0.975,50.01,23.48,0.79560,0.08161,0.00000,93.0,
2026-10-09T14:21:49+07:00,OK,226.2,5.885,1297.6,187.0,1331.2,0.974,50.02,23.48,0.79632,0.08172,0.00000,93.0,
2026-10-09T14:21:51+07:00,OK,226.4,5.867,1296.8,187.4,1328.3,0.976,50.02,23.48,0.79704,0.08182,0.00000,94.0,
2026-10-09T14:21:53+07:00,OK,226.7,5.868,1298.6,189.4,1330.3,0.976,50.02,23.48,0.79776,0.08193,0.00000,78.0,
2026-10-09T14:21:55+07:00,OK,226.7,5.867,1298.9,190.3,1330.0,0.976,50.0,23.48,0.79848,0.08203,0.00000,94.0,
2026-10-09T14:21:57+07:00,OK,226.6,5.876,1299.8,189.4,1331.5,0.976,50.0,23.48,0.79920,0.08214,0.00000,93.0,
2026-10-09T14:21:59+07:00,OK,226.3,5.892,1302.5,188.0,1333.4,0.976,49.99,23.48,0.79992,0.08224,0.00000,93.0,
2026-10-09T14:22:01+07:00,OK,226.2,5.869,1296.6,187.2,1327.6,0.976,50.01,23.48,0.80065,0.08235,0.00000,78.0,
2026-10-09T14:22:03+07:00,OK,226.2,5.85,1292.9,187.2,1323.3,0.977,50.0,23.48,0.80137,0.08245,0.00000,94.0,
2026-10-09T14:22:05+07:00,OK,226.3,5.855,1294.1,187.8,1325.0,0.976,49.99,23.48,0.80208,0.08255,0.00000,93.0,
2026-10-09T14:22:07+07:00,OK,226.4,5.855,1294.4,189.5,1325.6,0.976,50.0,23.48,0.80280,0.08266,0.00000,93.0,
2026-10-09T14:22:09+07:00,OK,226.3,5.858,1295.2,188.5,1325.7,0.977,49.98,23.48,0.80352,0.08276,0.00000,93.0,
2026-10-09T14:22:11+07:00,OK,226.2,5.866,1294.6,188.7,1326.9,0.975,49.99,23.48,0.80425,0.08287,0.00000,78.0,
2026-10-09T14:22:13+07:00,OK,226.4,5.886,1299.2,189.2,1332.6,0.975,49.98,23.49,0.80497,0.08297,0.00000,78.0,
2026-10-09T14:22:15+07:00,OK,226.4,5.883,1303.9,185.2,1331.9,0.978,50.01,23.49,0.80569,0.08308,0.00000,78.0,
2026-10-09T14:22:17+07:00,OK,226.7,5.842,1292.7,191.1,1324.4,0.976,50.0,23.49,0.80641,0.08318,0.00000,93.0,
2026-10-09T14:22:19+07:00,OK,226.8,5.857,1296.1,191.2,1328.4,0.975,49.99,23.49,0.80713,0.08329,0.00000,78.0,
2026-10-09T14:22:21+07:00,OK,226.5,5.868,1296.5,189.2,1329.1,0.975,50.0,23.49,0.80785,0.08339,0.00000,94.0,
2026-10-09T14:22:23+07:00,OK,226.5,5.864,1296.8,189.4,1328.2,0.976,50.0,23.49,0.80857,0.08350,0.00000,93.0,
2026-10-09T14:22:25+07:00,OK,226.4,5.86,1294.6,189.3,1326.7,0.975,50.0,23.49,0.80929,0.08360,0.00000,93.0,
2026-10-09T14:22:27+07:00,OK,226.6,5.861,1295.3,190.6,1328.1,0.975,49.99,23.49,0.81001,0.08371,0.00000,93.0,
2026-10-09T14:22:29+07:00,OK,226.7,5.068,1114.3,190.6,1148.9,0.969,50.0,23.49,0.81068,0.08382,0.00000,78.0,
2026-10-09T14:22:31+07:00,OK,226.7,5.12,1124.6,190.3,1160.7,0.968,50.0,23.49,0.81130,0.08392,0.00000,93.0,
2026-10-09T14:22:33+07:00,OK,226.8,5.061,1113.9,191.3,1147.8,0.97,50.0,23.49,0.81192,0.08403,0.00000,78.0,
2026-10-09T14:22:35+07:00,OK,226.7,5.105,1123.4,190.5,1157.3,0.97,49.99,23.49,0.81254,0.08413,0.00000,94.0,
2026-10-09T14:22:37+07:00,OK,227.0,5.067,1112.7,192.6,1150.2,0.967,49.98,23.49,0.81317,0.08424,0.00000,78.0,
2026-10-09T14:22:39+07:00,OK,227.0,5.078,1115.2,192.6,1152.7,0.967,49.98,23.49,0.81378,0.08435,0.00000,78.0,
2026-10-09T14:22:41+07:00,OK,226.8,5.068,1111.9,190.9,1149.4,0.967,49.99,23.5,0.81440,0.08445,0.00000,93.0,
2026-10-09T14:22:43+07:00,OK,226.8,5.14,1126.5,192.1,1165.8,0.966,49.98,23.5,0.81503,0.08456,0.00000,94.0,
2026-10-09T14:22:45+07:00,OK,226.7,5.076,1113.2,191.6,1150.7,0.967,49.99,23.5,0.81565,0.08467,0.00000,78.0,
2026-10-09T14:22:47+07:00,OK,227.0,5.074,1113.9,193.0,1151.8,0.967,49.99,23.5,0.81627,0.08477,0.00000,94.0,
2026-10-09T14:22:49+07:00,OK,227.0,5.071,1114.0,193.1,1151.1,0.967,50.0,23.5,0.81688,0.08488,0.00000,93.0,
2026-10-09T14:22:51+07:00,OK,226.9,5.061,1112.8,192.6,1148.3,0.969,49.98,23.5,0.81750,0.08499,0.00000,93.0,
2026-10-09T14:22:53+07:00,OK,226.7,5.057,1111.0,191.8,1146.4,0.969,49.98,23.5,0.81812,0.08509,0.00000,94.0,
2026-10-09T14:22:55+07:00,OK,226.7,5.052,1109.8,191.9,1145.3,0.969,49.99,23.5,0.81873,0.08520,0.00000,109.0,
2026-10-09T14:22:57+07:00,OK,226.8,5.043,1109.0,190.9,1143.8,0.969,49.98,23.5,0.81935,0.08531,0.00000,110.0,
2026-10-09T14:22:59+07:00,OK,226.2,5.126,1122.1,188.3,1159.5,0.967,49.98,23.5,0.81997,0.08541,0.00000,93.0,
2026-10-09T14:23:01+07:00,OK,226.6,5.059,1108.6,190.4,1146.4,0.967,49.99,23.5,0.82059,0.08552,0.00000,93.0,
2026-10-09T14:23:03+07:00,OK,226.5,5.059,1108.3,191.0,1145.9,0.967,49.99,23.5,0.82121,0.08562,0.00000,94.0,
2026-10-09T14:23:05+07:00,OK,226.4,5.079,1112.4,190.1,1149.9,0.967,50.0,23.5,0.82182,0.08573,0.00000,109.0,
2026-10-09T14:23:07+07:00,OK,226.5,5.048,1107.7,190.7,1143.4,0.968,49.99,23.5,0.82244,0.08583,0.00000,109.0,
2026-10-09T14:23:09+07:00,OK,226.8,5.043,1108.6,190.8,1143.8,0.969,49.99,23.5,0.82306,0.08594,0.00000,110.0,
2026-10-09T14:23:11+07:00,OK,226.9,5.041,1109.8,191.1,1143.8,0.97,50.02,23.5,0.82367,0.08605,0.00000,93.0,
2026-10-09T14:23:13+07:00,OK,227.0,5.045,1109.7,191.3,1145.2,0.969,50.03,23.51,0.82429,0.08615,0.00000,93.0,
2026-10-09T14:23:15+07:00,OK,226.7,5.039,1107.3,189.0,1142.3,0.969,50.02,23.51,0.82491,0.08626,0.00000,78.0,
2026-10-09T14:23:17+07:00,OK,226.4,5.047,1106.5,187.9,1142.6,0.968,50.05,23.51,0.82552,0.08636,0.00000,94.0,
2026-10-09T14:23:19+07:00,OK,226.4,5.075,1112.6,187.3,1149.0,0.968,50.02,23.51,0.82613,0.08647,0.00000,93.0,
2026-10-09T14:23:21+07:00,OK,226.6,5.071,1112.5,189.0,1149.1,0.968,50.03,23.51,0.82675,0.08657,0.00000,93.0,
2026-10-09T14:23:23+07:00,OK,226.4,5.053,1106.8,189.6,1144.0,0.967,50.03,23.51,0.82737,0.08668,0.00000,94.0,
2026-10-09T14:23:25+07:00,OK,226.3,5.059,1108.1,188.5,1144.9,0.967,50.03,23.51,0.82798,0.08678,0.00000,78.0,
2026-10-09T14:23:27+07:00,OK,226.6,5.051,1108.9,189.3,1144.6,0.968,50.02,23.51,0.82860,0.08689,0.00000,94.0,
2026-10-09T14:23:29+07:00,OK,226.7,5.069,1113.9,189.4,1149.1,0.969,50.04,23.51,0.82922,0.08699,0.00000,93.0,
2026-10-09T14:23:31+07:00,OK,227.3,5.049,1111.9,191.8,1147.6,0.968,50.04,23.51,0.82984,0.08710,0.00000,93.0,
2026-10-09T14:23:33+07:00,OK,227.0,5.046,1109.7,191.0,1145.4,0.968,50.05,23.51,0.83045,0.08720,0.00000,93.0,
2026-10-09T14:23:35+07:00,OK,226.8,5.052,1109.5,190.2,1145.8,0.968,50.06,23.51,0.83107,0.08731,0.00000,93.0,
2026-10-09T14:23:37+07:00,OK,226.9,5.065,1111.5,189.8,1149.2,0.967,50.04,23.51,0.83169,0.08742,0.00000,93.0,
2026-10-09T14:23:39+07:00,OK,226.9,5.073,1113.9,190.3,1151.1,0.967,50.06,23.51,0.83230,0.08752,0.00000,93.0,
2026-10-09T14:23:41+07:00,OK,227.0,5.087,1116.8,190.1,1154.7,0.967,50.06,23.51,0.83292,0.08763,0.00000,78.0,
2026-10-09T14:23:43+07:00,OK,227.1,5.086,1118.3,190.5,1155.0,0.968,50.04,23.51,0.83354,0.08773,0.00000,78.0,
2026-10-09T14:23:45+07:00,OK,227.1,5.093,1120.4,190.1,1156.6,0.968,50.03,23.51,0.83418,0.08784,0.00000,78.0,
2026-10-09T14:23:47+07:00,OK,227.0,5.089,1116.8,190.3,1155.2,0.966,50.04,23.52,0.83479,0.08795,0.00000,94.0,
2026-10-09T14:23:49+07:00,OK,226.9,5.066,1112.4,190.4,1149.5,0.967,50.04,23.52,0.83541,0.08805,0.00000,78.0,
2026-10-09T14:23:51+07:00,OK,227.1,5.076,1114.3,191.4,1152.8,0.966,50.03,23.52,0.83603,0.08816,0.00000,93.0,
2026-10-09T14:23:53+07:00,OK,227.2,5.073,1114.8,192.6,1152.6,0.967,50.03,23.52,0.83665,0.08826,0.00000,78.0,
2026-10-09T14:23:55+07:00,OK,227.1,5.056,1111.8,191.2,1148.2,0.968,50.03,23.52,0.83726,0.08837,0.00000,93.0,
2026-10-09T14:23:57+07:00,OK,227.0,5.059,1112.5,190.9,1148.4,0.968,50.02,23.52,0.83789,0.08848,0.00000,78.0,
2026-10-09T14:23:59+07:00,OK,227.0,5.049,1110.6,191.4,1146.1,0.969,50.02,23.52,0.83850,0.08858,0.00000,94.0,
2026-10-09T14:24:01+07:00,OK,226.9,5.047,1110.1,191.6,1145.2,0.969,50.01,23.52,0.83912,0.08869,0.00000,93.0,
2026-10-09T14:24:03+07:00,OK,227.1,5.046,1110.3,192.7,1145.9,0.968,50.0,23.52,0.83974,0.08880,0.00000,78.0,
2026-10-09T14:24:05+07:00,OK,227.1,5.044,1109.5,192.7,1145.5,0.968,50.02,23.52,0.84035,0.08890,0.00000,94.0,
2026-10-09T14:24:07+07:00,OK,227.1,5.043,1108.1,192.5,1145.3,0.967,50.02,23.52,0.84096,0.08901,0.00000,78.0,
2026-10-09T14:24:09+07:00,OK,227.2,4.807,1062.2,167.6,1092.2,0.972,50.02,23.52,0.84157,0.08911,0.00000,94.0,
2026-10-09T14:24:11+07:00,OK,227.1,4.749,1051.0,120.1,1078.5,0.974,50.03,23.52,0.84216,0.08919,0.00000,78.0,
2026-10-09T14:24:13+07:00,OK,227.1,4.784,1058.3,118.3,1086.4,0.974,50.01,23.52,0.84275,0.08926,0.00000,78.0,
2026-10-09T14:24:15+07:00,OK,226.9,4.857,1072.5,117.5,1102.1,0.973,50.01,23.52,0.84334,0.08932,0.00000,78.0,
2026-10-09T14:24:17+07:00,OK,226.9,4.764,1053.7,118.9,1081.0,0.974,50.0,23.52,0.84393,0.08939,0.00000,94.0,
2026-10-09T14:24:19+07:00,OK,227.0,4.769,1055.5,119.0,1082.6,0.975,50.0,23.53,0.84451,0.08945,0.00000,93.0,
2026-10-09T14:24:21+07:00,OK,227.0,4.776,1057.6,119.2,1084.2,0.975,50.0,23.53,0.84510,0.08952,0.00000,94.0,
2026-10-09T14:24:23+07:00,OK,226.1,7.834,1669.2,268.7,1771.3,0.942,49.98,23.53,0.84585,0.08963,0.00000,109.0,
2026-10-09T14:24:25+07:00,OK,226.3,7.661,1651.2,245.6,1733.7,0.952,50.0,23.53,0.84678,0.08977,0.00000,110.0,
2026-10-09T14:24:27+07:00,OK,227.1,4.746,1051.5,125.6,1077.8,0.975,50.0,23.53,0.84753,0.08987,0.00000,78.0,
2026-10-09T14:24:29+07:00,OK,226.9,4.776,1055.4,118.8,1083.7,0.973,50.0,23.53,0.84812,0.08994,0.00000,94.0,
2026-10-09T14:24:31+07:00,OK,226.9,4.772,1054.9,116.4,1082.8,0.974,49.99,23.53,0.84870,0.09001,0.00000,93.0,
2026-10-09T14:24:33+07:00,OK,226.9,4.823,1063.4,117.7,1094.3,0.971,50.01,23.53,0.84929,0.09007,0.00000,94.0,
2026-10-09T14:24:35+07:00,OK,227.1,4.741,1048.9,119.2,1076.7,0.974,50.01,23.53,0.84988,0.09014,0.00000,110.0,
2026-10-09T14:24:37+07:00,OK,226.9,4.733,1048.2,118.3,1073.9,0.976,50.0,23.53,0.85046,0.09020,0.00000,78.0,
2026-10-09T14:24:39+07:00,OK,226.8,4.77,1054.9,117.7,1081.8,0.975,50.0,23.53,0.85105,0.09027,0.00000,78.0,
2026-10-09T14:24:41+07:00,OK,226.8,4.751,1049.9,117.5,1077.5,0.974,50.01,23.53,0.85163,0.09033,0.00000,93.0,
2026-10-09T14:24:43+07:00,OK,226.8,4.753,1049.1,118.1,1078.0,0.973,50.0,23.53,0.85221,0.09040,0.00000,94.0,
2026-10-09T14:24:45+07:00,OK,226.8,4.751,1049.0,118.1,1077.5,0.973,49.97,23.53,0.85279,0.09047,0.00000,93.0,
2026-10-09T14:24:47+07:00,OK,226.9,4.76,1052.2,118.3,1080.0,0.974,49.98,23.53,0.85338,0.09053,0.00000,93.0,
2026-10-09T14:24:49+07:00,OK,226.9,4.771,1055.9,117.3,1082.5,0.975,49.98,23.53,0.85397,0.09060,0.00000,78.0,
2026-10-09T14:24:51+07:00,OK,226.9,4.775,1055.7,119.4,1083.4,0.974,49.97,23.54,0.85455,0.09066,0.00000,94.0,
2026-10-09T14:24:53+07:00,OK,227.0,4.765,1054.4,119.3,1081.7,0.974,49.98,23.54,0.85514,0.09073,0.00000,78.0,
2026-10-09T14:24:55+07:00,OK,226.9,4.757,1052.4,118.6,1079.4,0.975,49.97,23.54,0.85572,0.09079,0.00000,94.0,
2026-10-09T14:24:57+07:00,OK,227.0,4.774,1056.5,118.6,1083.7,0.974,49.97,23.54,0.85631,0.09086,0.00000,78.0,
2026-10-09T14:24:59+07:00,OK,226.9,4.768,1052.7,119.3,1081.9,0.973,49.98,23.54,0.85689,0.09093,0.00000,78.0,
2026-10-09T14:25:01+07:00,OK,226.9,4.854,1073.0,117.9,1101.4,0.974,49.97,23.54,0.85748,0.09099,0.00000,93.0,
2026-10-09T14:25:03+07:00,OK,226.9,4.772,1052.9,119.7,1082.8,0.972,49.95,23.54,0.85808,0.09106,0.00000,94.0,
2026-10-09T14:25:05+07:00,OK,226.8,4.77,1057.4,117.3,1081.8,0.977,49.95,23.54,0.85866,0.09112,0.00000,78.0,
2026-10-09T14:25:07+07:00,OK,226.7,4.808,1062.6,114.6,1090.0,0.974,49.96,23.54,0.85925,0.09119,0.00000,78.0,
2026-10-09T14:25:09+07:00,OK,227.0,4.773,1057.1,116.7,1083.5,0.975,49.96,23.54,0.85984,0.09125,0.00000,94.0,
2026-10-09T14:25:11+07:00,OK,227.3,4.791,1061.7,118.2,1089.0,0.975,49.95,23.54,0.86042,0.09132,0.00000,93.0,
2026-10-09T14:25:13+07:00,OK,227.2,4.783,1058.8,117.5,1086.7,0.974,49.95,23.54,0.86102,0.09138,0.00000,78.0,
2026-10-09T14:25:15+07:00,OK,227.0,4.786,1057.4,116.4,1086.4,0.973,49.97,23.54,0.86161,0.09145,0.00000,94.0,
2026-10-09T14:25:17+07:00,OK,226.9,4.79,1058.3,114.5,1086.9,0.973,49.97,23.54,0.86219,0.09151,0.00000,93.0,
2026-10-09T14:25:19+07:00,OK,227.0,4.777,1057.1,115.2,1084.4,0.974,49.97,23.54,0.86278,0.09158,0.00000,78.0,
2026-10-09T14:25:21+07:00,OK,227.1,4.787,1061.3,115.8,1087.1,0.976,49.97,23.54,0.86337,0.09164,0.00000,78.0,
2026-10-09T14:25:23+07:00,OK,227.2,4.775,1058.1,117.7,1084.9,0.975,49.96,23.54,0.86396,0.09171,0.00000,78.0,
2026-10-09T14:25:25+07:00,OK,227.1,4.771,1057.7,116.2,1083.5,0.976,49.99,23.55,0.86455,0.09177,0.00000,78.0,
2026-10-09T14:25:27+07:00,OK,227.0,4.78,1058.0,116.8,1085.1,0.975,49.98,23.55,0.86513,0.09184,0.00000,94.0,
2026-10-09T14:25:29+07:00,OK,226.9,4.776,1056.7,116.6,1083.7,0.975,49.98,23.55,0.86572,0.09190,0.00000,93.0,
2026-10-09T14:25:31+07:00,OK,226.8,4.791,1058.9,115.9,1086.6,0.974,49.95,23.55,0.86631,0.09196,0.00000,78.0,
2026-10-09T14:25:33+07:00,OK,227.0,4.784,1057.7,116.6,1086.0,0.974,49.96,23.55,0.86690,0.09203,0.00000,78.0,
2026-10-09T14:25:35+07:00,OK,227.0,4.781,1056.8,116.4,1085.3,0.973,49.97,23.55,0.86748,0.09209,0.00000,93.0,
2026-10-09T14:25:37+07:00,OK,227.0,4.79,1059.1,116.4,1087.3,0.974,49.96,23.55,0.86807,0.09216,0.00000,78.0,
2026-10-09T14:25:39+07:00,OK,226.9,4.774,1056.5,116.8,1083.2,0.975,49.97,23.55,0.86866,0.09222,0.00000,78.0,
2026-10-09T14:25:41+07:00,OK,227.0,4.783,1059.8,116.5,1085.7,0.976,49.96,23.55,0.86925,0.09229,0.00000,94.0,
2026-10-09T14:25:43+07:00,OK,227.0,4.798,1063.9,115.3,1089.1,0.976,49.97,23.55,0.86984,0.09235,0.00000,78.0,
2026-10-09T14:25:45+07:00,OK,226.9,4.77,1056.6,115.9,1082.3,0.976,49.97,23.55,0.87042,0.09242,0.00000,93.0,
2026-10-09T14:25:47+07:00,OK,227.0,4.794,1061.3,115.2,1088.2,0.975,49.98,23.55,0.87101,0.09248,0.00000,93.0,
2026-10-09T14:25:49+07:00,OK,227.0,4.83,1067.9,117.0,1096.4,0.974,49.93,23.55,0.87161,0.09255,0.00000,94.0,
2026-10-09T14:25:51+07:00,OK,227.2,4.781,1057.1,117.8,1086.2,0.973,49.97,23.55,0.87220,0.09261,0.00000,110.0,
2026-10-09T14:25:53+07:00,OK,227.1,4.792,1062.0,117.9,1088.3,0.975,49.96,23.55,0.87278,0.09268,0.00000,78.0,
2026-10-09T14:25:55+07:00,OK,227.2,4.76,1056.2,117.7,1081.5,0.976,49.96,23.55,0.87337,0.09274,0.00000,78.0,
2026-10-09T14:25:57+07:00,OK,227.3,4.759,1055.4,117.9,1081.7,0.975,49.98,23.55,0.87396,0.09281,0.00000,78.0,
2026-10-09T14:25:59+07:00,OK,227.0,4.773,1054.9,117.0,1083.5,0.973,49.97,23.56,0.87455,0.09287,0.00000,94.0,
2026-10-09T14:26:01+07:00,OK,227.2,4.783,1057.5,117.3,1086.7,0.973,49.97,23.56,0.87513,0.09294,0.00000,94.0,
2026-10-09T14:26:03+07:00,OK,227.1,4.773,1056.2,116.1,1083.9,0.974,49.97,23.56,0.87572,0.09300,0.00000,110.0,
2026-10-09T14:26:05+07:00,OK,227.5,4.769,1058.7,117.2,1084.9,0.975,49.98,23.56,0.87630,0.09307,0.00000,93.0,
2026-10-09T14:26:07+07:00,OK,227.3,4.761,1057.5,116.6,1082.2,0.977,50.01,23.56,0.87689,0.09313,0.00000,94.0,
2026-10-09T14:26:09+07:00,OK,227.7,4.802,1066.6,117.2,1093.4,0.975,50.01,23.56,0.87748,0.09320,0.00000,93.0,
2026-10-09T14:26:11+07:00,OK,227.5,4.769,1057.3,118.3,1084.9,0.974,49.98,23.56,0.87807,0.09326,0.00000,93.0,
2026-10-09T14:26:13+07:00,OK,227.8,4.771,1057.5,118.7,1086.8,0.973,50.0,23.56,0.87866,0.09333,0.00000,78.0,
2026-10-09T14:26:15+07:00,OK,227.9,4.776,1059.7,118.6,1088.5,0.973,50.02,23.56,0.87925,0.09339,0.00000,78.0,
2026-10-09T14:26:17+07:00,OK,227.9,4.764,1058.4,119.2,1085.7,0.974,50.0,23.56,0.87984,0.09346,0.00000,78.0,
2026-10-09T14:26:19+07:00,OK,214.2,4.836,1012.4,93.7,1035.9,0.977,50.05,23.56,0.88041,0.09352,0.00000,78.0,
2026-10-09T14:26:21+07:00,OK,212.3,4.863,1013.1,59.8,1032.4,0.981,50.02,23.56,0.88097,0.09356,0.00000,93.0,
2026-10-09T14:26:23+07:00,OK,212.5,4.853,1010.8,59.1,1031.3,0.98,50.01,23.56,0.88153,0.09360,0.00000,78.0,
2026-10-09T14:26:25+07:00,OK,212.4,4.866,1012.7,59.4,1033.5,0.979,50.03,23.56,0.88210,0.09363,0.00000,94.0,
2026-10-09T14:26:27+07:00,OK,212.5,4.863,1012.7,59.0,1033.4,0.98,50.01,23.56,0.88266,0.09366,0.00000,93.0,
2026-10-09T14:26:29+07:00,OK,212.6,4.867,1014.6,59.4,1034.7,0.98,50.03,23.56,0.88322,0.09369,0.00000,93.0,
2026-10-09T14:26:31+07:00,OK,212.5,4.864,1014.5,59.3,1033.6,0.981,50.02,23.56,0.88379,0.09373,0.00000,93.0,
2026-10-09T14:26:33+07:00,OK,212.3,4.917,1025.8,58.4,1043.9,0.982,50.02,23.57,0.88435,0.09376,0.00000,93.0,
2026-10-09T14:26:35+07:00,OK,212.3,4.944,1031.1,57.8,1049.6,0.982,50.03,23.57,0.88492,0.09379,0.00000,93.0,
2026-10-09T14:26:37+07:00,OK,212.2,4.858,1011.5,59.1,1030.9,0.981,50.01,23.57,0.88549,0.09382,0.00000,93.0,
2026-10-09T14:26:39+07:00,OK,212.2,4.87,1013.2,59.1,1033.4,0.98,50.0,23.57,0.88606,0.09386,0.00000,78.0,
2026-10-09T14:26:41+07:00,OK,212.2,4.869,1012.9,59.5,1033.2,0.98,50.01,23.57,0.88662,0.09389,0.00000,94.0,
2026-10-09T14:26:43+07:00,OK,212.2,4.922,1022.8,58.9,1044.4,0.979,50.04,23.57,0.88718,0.09392,0.00000,93.0,
2026-10-09T14:26:45+07:00,OK,212.2,4.928,1023.1,58.7,1045.7,0.978,50.01,23.57,0.88775,0.09396,0.00000,93.0,
2026-10-09T14:26:47+07:00,OK,212.2,4.926,1023.8,59.3,1045.3,0.979,50.03,23.57,0.88832,0.09399,0.00000,78.0,
2026-10-09T14:26:49+07:00,OK,212.2,4.869,1014.6,59.0,1033.2,0.981,50.01,23.57,0.88889,0.09402,0.00000,94.0,
2026-10-09T14:26:51+07:00,OK,212.3,4.922,1024.4,58.3,1044.9,0.98,50.02,23.57,0.88945,0.09405,0.00000,93.0,
2026-10-09T14:26:53+07:00,OK,212.2,4.91,1020.5,58.6,1041.9,0.979,50.02,23.57,0.89002,0.09409,0.00000,94.0,
2026-10-09T14:26:55+07:00,OK,212.3,4.858,1011.6,59.5,1031.4,0.98,50.02,23.57,0.89058,0.09412,0.00000,93.0,
2026-10-09T14:26:57+07:00,OK,212.4,4.836,1007.1,59.5,1027.2,0.98,50.0,23.57,0.89115,0.09415,0.00000,93.0,
2026-10-09T14:26:59+07:00,OK,212.3,4.827,1006.2,62.6,1024.8,0.981,50.04,23.57,0.89171,0.09419,0.00000,78.0,
2026-10-09T14:27:01+07:00,OK,212.4,5.211,1076.8,104.0,1106.8,0.972,50.03,23.57,0.89229,0.09423,0.00000,94.0,
2026-10-09T14:27:03+07:00,OK,212.4,4.83,1006.5,65.6,1025.9,0.981,50.03,23.57,0.89286,0.09428,0.00000,93.0,
2026-10-09T14:27:05+07:00,OK,212.3,4.909,1021.1,62.6,1042.2,0.979,50.01,23.57,0.89342,0.09431,0.00000,93.0,
2026-10-09T14:27:07+07:00,OK,212.5,4.834,1007.1,63.2,1027.2,0.98,50.01,23.57,0.89399,0.09435,0.00000,78.0,
2026-10-09T14:27:09+07:00,OK,212.7,4.85,1009.8,64.2,1031.6,0.978,50.03,23.58,0.89455,0.09439,0.00000,94.0,
2026-10-09T14:27:11+07:00,OK,212.6,4.832,1006.7,64.2,1027.3,0.98,49.99,23.58,0.89511,0.09442,0.00000,93.0,
2026-10-09T14:27:13+07:00,OK,212.6,4.852,1010.0,64.1,1031.5,0.979,49.98,23.58,0.89567,0.09446,0.00000,93.0,
2026-10-09T14:27:15+07:00,OK,212.5,4.85,1011.1,61.9,1030.6,0.981,50.0,23.58,0.89623,0.09449,0.00000,93.0,
2026-10-09T14:27:17+07:00,OK,212.4,4.831,1006.6,63.5,1026.1,0.98,50.0,23.58,0.89679,0.09453,0.00000,94.0,
2026-10-09T14:27:19+07:00,OK,212.3,4.848,1009.9,62.4,1029.2,0.981,50.0,23.58,0.89735,0.09456,0.00000,110.0,
2026-10-09T14:27:21+07:00,OK,212.4,4.861,1013.5,63.6,1032.5,0.981,49.99,23.58,0.89791,0.09460,0.00000,78.0,
2026-10-09T14:27:23+07:00,OK,212.3,4.869,1013.6,64.0,1033.7,0.98,50.0,23.58,0.89848,0.09463,0.00000,93.0,
2026-10-09T14:27:25+07:00,OK,212.3,4.881,1015.6,63.2,1036.2,0.98,49.99,23.58,0.89904,0.09467,0.00000,94.0,
2026-10-09T14:27:27+07:00,OK,212.2,4.871,1013.6,64.1,1033.6,0.98,49.97,23.58,0.89960,0.09470,0.00000,109.0,
2026-10-09T14:27:29+07:00,OK,212.4,4.867,1013.6,64.7,1033.8,0.98,49.96,23.58,0.90017,0.09474,0.00000,110.0,
2026-10-09T14:27:31+07:00,OK,211.5,7.171,1502.8,113.1,1516.7,0.99,49.98,23.58,0.90086,0.09479,0.00000,93.0,
2026-10-09T14:27:33+07:00,OK,212.6,4.952,1027.5,72.2,1052.8,0.976,49.99,23.58,0.90157,0.09484,0.00000,93.0,
2026-10-09T14:27:35+07:00,OK,212.6,4.833,1006.8,64.3,1027.5,0.979,50.0,23.58,0.90213,0.09488,0.00000,93.0,
2026-10-09T14:27:37+07:00,OK,212.6,4.835,1008.5,64.6,1027.9,0.981,49.98,23.58,0.90270,0.09491,0.00000,78.0,
2026-10-09T14:27:39+07:00,OK,212.7,4.832,1008.4,64.3,1027.8,0.981,50.0,23.58,0.90326,0.09495,0.00000,78.0,
2026-10-09T14:27:41+07:00,OK,212.9,4.817,1005.8,64.3,1025.5,0.98,49.99,23.58,0.90382,0.09498,0.00000,94.0,
2026-10-09T14:27:43+07:00,OK,212.8,4.823,1006.5,64.5,1026.3,0.98,49.98,23.59,0.90437,0.09502,0.00000,78.0,
2026-10-09T14:27:45+07:00,OK,212.7,4.828,1007.9,63.7,1026.9,0.981,49.98,23.59,0.90493,0.09506,0.00000,93.0,
2026-10-09T14:27:47+07:00,OK,212.8,4.823,1006.4,64.9,1026.3,0.98,50.01,23.59,0.90549,0.09509,0.00000,94.0,
2026-10-09T14:27:49+07:00,OK,212.7,4.829,1007.3,65.1,1027.1,0.98,49.98,23.59,0.90605,0.09513,0.00000,93.0,
2026-10-09T14:27:51+07:00,OK,212.4,5.564,1163.3,63.5,1181.8,0.984,50.02,23.59,0.90666,0.09516,0.00000,78.0,
2026-10-09T14:27:53+07:00,OK,212.2,5.564,1161.9,62.6,1180.7,0.984,49.99,23.59,0.90730,0.09520,0.00000,78.0,
2026-10-09T14:27:55+07:00,OK,212.2,5.592,1165.4,63.1,1186.6,0.982,50.03,23.59,0.90795,0.09523,0.00000,78.0,
2026-10-09T14:27:57+07:00,OK,212.2,5.576,1165.6,63.2,1183.2,0.985,50.02,23.59,0.90860,0.09527,0.00000,78.0,
2026-10-09T14:27:59+07:00,OK,212.1,5.584,1166.3,62.7,1184.4,0.984,50.03,23.59,0.90924,0.09530,0.00000,94.0,
2026-10-09T14:28:01+07:00,OK,212.1,5.59,1165.1,63.1,1185.6,0.982,50.03,23.59,0.90989,0.09534,0.00000,78.0,
2026-10-09T14:28:03+07:00,OK,212.1,5.574,1164.1,62.6,1182.2,0.984,50.01,23.59,0.91054,0.09537,0.00000,94.0,
2026-10-09T14:28:05+07:00,OK,212.1,5.58,1165.3,61.6,1183.5,0.984,50.0,23.59,0.91119,0.09541,0.00000,78.0,
2026-10-09T14:28:07+07:00,OK,212.3,5.568,1164.0,62.5,1182.1,0.984,50.02,23.59,0.91183,0.09544,0.00000,94.0,
2026-10-09T14:28:09+07:00,OK,212.3,5.57,1166.9,62.6,1182.5,0.986,50.04,23.59,0.91248,0.09548,0.00000,93.0,
2026-10-09T14:28:11+07:00,OK,211.3,8.502,1729.4,196.9,1796.5,0.962,50.02,23.59,0.91329,0.09555,0.00000,94.0,
2026-10-09T14:28:13+07:00,OK,211.6,8.09,1677.8,148.3,1711.8,0.98,50.05,23.6,0.91423,0.09565,0.00000,78.0,
2026-10-09T14:28:15+07:00,OK,211.4,7.881,1653.4,78.4,1666.0,0.992,50.03,23.6,0.91515,0.09571,0.00000,93.0,
2026-10-09T14:28:17+07:00,OK,211.4,7.891,1654.6,75.9,1668.2,0.991,50.03,23.6,0.91607,0.09575,0.00000,93.0,
2026-10-09T14:28:19+07:00,OK,211.3,7.902,1657.0,75.7,1669.7,0.992,50.03,23.6,0.91699,0.09579,0.00000,93.0,
2026-10-09T14:28:21+07:00,OK,211.4,7.9,1656.6,75.7,1670.1,0.991,50.02,23.6,0.91791,0.09583,0.00000,93.0,
2026-10-09T14:28:23+07:00,OK,211.3,7.899,1656.2,76.2,1669.1,0.992,50.01,23.6,0.91884,0.09588,0.00000,78.0,
2026-10-09T14:28:25+07:00,OK,211.5,7.907,1660.2,76.8,1672.3,0.992,50.0,23.6,0.91975,0.09592,0.00000,93.0,
2026-10-09T14:28:27+07:00,OK,211.7,7.898,1656.9,78.0,1672.0,0.99,50.0,23.6,0.92067,0.09596,0.00000,93.0,
2026-10-09T14:28:29+07:00,OK,211.8,7.887,1657.3,77.7,1670.5,0.992,50.01,23.6,0.92160,0.09601,0.00000,94.0,
2026-10-09T14:28:31+07:00,OK,211.8,7.884,1657.3,77.7,1669.8,0.992,49.99,23.6,0.92251,0.09605,0.00000,78.0,
2026-10-09T14:28:33+07:00,OK,211.8,7.876,1655.3,78.4,1668.1,0.992,50.01,23.6,0.92344,0.09609,0.00000,94.0,
2026-10-09T14:28:35+07:00,OK,211.7,7.965,1674.0,76.8,1686.2,0.992,50.0,23.61,0.92437,0.09614,0.00000,78.0,
2026-10-09T14:28:37+07:00,OK,211.9,7.895,1665.6,77.9,1673.0,0.995,50.01,23.61,0.92529,0.09618,0.00000,94.0,
2026-10-09T14:28:39+07:00,OK,212.0,7.875,1656.1,78.2,1669.5,0.991,50.01,23.61,0.92621,0.09622,0.00000,93.0,
2026-10-09T14:28:41+07:00,OK,211.8,7.865,1653.0,78.2,1665.8,0.992,50.03,23.61,0.92714,0.09627,0.00000,78.0,
2026-10-09T14:28:43+07:00,OK,211.6,7.871,1651.1,76.9,1665.5,0.991,50.0,23.61,0.92805,0.09631,0.00000,94.0,
2026-10-09T14:28:45+07:00,OK,211.4,7.883,1653.4,76.2,1666.5,0.992,50.01,23.61,0.92896,0.09635,0.00000,109.0,
2026-10-09T14:28:47+07:00,OK,211.7,7.3,1529.9,76.7,1545.4,0.989,50.01,23.61,0.92986,0.09639,0.00000,110.0,
2026-10-09T14:28:49+07:00,OK,211.8,7.137,1498.0,77.1,1511.6,0.991,49.99,23.61,0.93070,0.09644,0.00000,78.0,
2026-10-09T14:28:51+07:00,OK,211.9,7.158,1503.2,77.3,1516.8,0.991,50.01,23.61,0.93152,0.09648,0.00000,93.0,
2026-10-09T14:28:53+07:00,OK,211.8,7.126,1496.8,77.7,1509.3,0.991,50.0,23.61,0.93236,0.09652,0.00000,94.0,
2026-10-09T14:28:55+07:00,OK,211.9,7.163,1504.5,78.0,1517.8,0.991,50.0,23.61,0.93319,0.09657,0.00000,109.0,
2026-10-09T14:28:57+07:00,OK,211.9,7.148,1499.8,79.0,1514.7,0.99,49.99,23.62,0.93403,0.09661,0.00000,110.0,
2026-10-09T14:28:59+07:00,OK,211.9,7.138,1499.0,79.4,1512.5,0.991,49.98,23.62,0.93486,0.09665,0.00000,94.0,
2026-10-09T14:29:01+07:00,OK,211.9,7.134,1498.6,79.1,1511.7,0.991,50.0,23.62,0.93569,0.09670,0.00000,93.0,
2026-10-09T14:29:03+07:00,OK,211.9,7.127,1496.2,78.9,1510.2,0.99,49.98,23.62,0.93652,0.09674,0.00000,93.0,
2026-10-09T14:29:05+07:00,OK,212.7,4.831,1005.9,67.1,1027.6,0.978,49.99,23.62,0.93722,0.09678,0.00000,93.0,
2026-10-09T14:29:07+07:00,OK,212.7,4.891,1018.4,64.6,1040.3,0.978,49.97,23.62,0.93778,0.09682,0.00000,78.0,
2026-10-09T14:29:09+07:00,OK,212.3,4.831,1006.5,64.7,1025.6,0.981,49.98,23.62,0.93835,0.09685,0.00000,94.0,
2026-10-09T14:29:11+07:00,OK,212.5,4.827,1006.3,65.0,1025.7,0.981,50.0,23.62,0.93890,0.09689,0.00000,93.0,
2026-10-09T14:29:13+07:00,OK,212.4,4.841,1007.1,64.7,1028.2,0.979,49.98,23.62,0.93947,0.09693,0.00000,94.0,
2026-10-09T14:29:15+07:00,OK,212.4,4.839,1006.9,64.5,1027.8,0.979,49.98,23.62,0.94002,0.09696,0.00000,93.0,
2026-10-09T14:29:17+07:00,OK,212.9,4.824,1006.3,66.1,1027.0,0.979,49.97,23.62,0.94058,0.09700,0.00000,93.0,
2026-10-09T14:29:19+07:00,OK,212.5,4.816,1005.3,64.7,1023.4,0.982,49.97,23.62,0.94114,0.09703,0.00000,93.0,
2026-10-09T14:29:21+07:00,OK,212.4,4.919,1025.6,64.2,1044.8,0.981,49.96,23.62,0.94171,0.09707,0.00000,78.0,
2026-10-09T14:29:23+07:00,OK,212.4,4.829,1005.6,64.2,1025.7,0.98,49.96,23.62,0.94227,0.09711,0.00000,94.0,
2026-10-09T14:29:25+07:00,OK,212.6,4.823,1004.4,65.6,1025.4,0.979,49.97,23.62,0.94283,0.09714,0.00000,93.0,
2026-10-09T14:29:27+07:00,OK,212.7,4.843,1007.8,65.6,1030.1,0.978,50.0,23.62,0.94339,0.09718,0.00000,78.0,
2026-10-09T14:29:29+07:00,OK,211.8,7.139,1492.0,146.6,1512.0,0.986,49.98,23.63,0.94408,0.09724,0.00000,78.0,
2026-10-09T14:29:31+07:00,OK,211.9,4.825,1003.2,67.1,1022.4,0.981,49.96,23.63,0.94478,0.09730,0.00000,94.0,
2026-10-09T14:29:33+07:00,OK,211.6,7.137,1495.2,130.1,1510.2,0.99,49.97,23.63,0.94546,0.09735,0.00000,93.0,
2026-10-09T14:29:35+07:00,OK,211.4,7.137,1494.9,80.6,1508.8,0.99,49.97,23.63,0.94630,0.09741,0.00000,93.0,
2026-10-09T14:29:37+07:00,OK,211.6,7.15,1498.0,78.0,1512.9,0.99,49.99,23.63,0.94713,0.09745,0.00000,78.0,
2026-10-09T14:29:39+07:00,OK,212.2,4.855,1008.5,67.1,1030.2,0.978,49.99,23.63,0.94782,0.09749,0.00000,93.0,
2026-10-09T14:29:41+07:00,OK,212.3,4.843,1008.8,62.1,1028.2,0.981,49.97,23.63,0.94839,0.09753,0.00000,78.0,
2026-10-09T14:29:43+07:00,OK,212.5,4.854,1011.3,63.2,1031.5,0.98,50.01,23.63,0.94895,0.09757,0.00000,94.0,
2026-10-09T14:29:45+07:00,OK,212.6,4.815,1004.2,63.5,1023.7,0.981,50.02,23.63,0.94951,0.09760,0.00000,93.0,
2026-10-09T14:29:47+07:00,OK,213.0,4.845,1011.3,64.4,1032.0,0.98,50.01,23.63,0.95007,0.09764,0.00000,93.0,
2026-10-09T14:29:49+07:00,OK,213.0,4.847,1010.1,65.1,1032.4,0.978,50.03,23.63,0.95063,0.09767,0.00000,93.0,
2026-10-09T14:29:51+07:00,OK,213.0,4.821,1006.6,64.3,1026.9,0.98,50.03,23.63,0.95119,0.09771,0.00000,78.0,
2026-10-09T14:29:53+07:00,OK,213.0,4.827,1008.4,64.4,1028.2,0.98,50.03,23.63,0.95175,0.09774,0.00000,78.0,
2026-10-09T14:29:55+07:00,OK,212.9,4.833,1009.2,64.7,1028.9,0.98,50.02,23.63,0.95231,0.09778,0.00000,94.0,
2026-10-09T14:29:57+07:00,OK,212.9,4.85,1011.1,64.4,1032.6,0.979,50.04,23.63,0.95287,0.09781,0.00000,93.0,
2026-10-09T14:29:59+07:00,OK,212.8,4.855,1011.1,64.2,1033.1,0.978,50.01,23.63,0.95343,0.09785,0.00000,94.0,
2026-10-09T14:30:01+07:00,OK,212.9,4.845,1010.2,63.3,1031.5,0.979,50.04,23.64,0.95400,0.09789,0.00000,78.0,
2026-10-09T14:30:03+07:00,OK,212.9,4.829,1008.5,64.4,1028.1,0.981,50.03,23.64,0.95456,0.09792,0.00000,78.0,
2026-10-09T14:30:05+07:00,OK,213.0,4.834,1009.8,64.9,1029.6,0.98,50.01,23.64,0.95512,0.09796,0.00000,78.0,
2026-10-09T14:30:07+07:00,OK,213.1,4.888,1019.7,64.5,1041.6,0.978,50.01,23.64,0.95568,0.09799,0.00000,94.0,
2026-10-09T14:30:09+07:00,OK,213.2,4.832,1009.1,64.4,1030.2,0.979,50.03,23.64,0.95624,0.09803,0.00000,94.0,
2026-10-09T14:30:11+07:00,OK,213.2,4.805,1004.7,63.7,1024.4,0.98,50.05,23.64,0.95680,0.09806,0.00000,109.0,
2026-10-09T14:30:13+07:00,OK,212.9,4.888,1020.0,64.0,1040.7,0.98,50.03,23.64,0.95736,0.09810,0.00000,125.0,
2026-10-09T14:30:15+07:00,OK,213.0,4.82,1005.0,64.8,1026.7,0.978,50.03,23.64,0.95792,0.09814,0.00000,93.0,
2026-10-09T14:30:17+07:00,OK,212.3,7.134,1500.3,98.5,1514.5,0.99,50.05,23.64,0.95862,0.09818,0.00000,78.0,
2026-10-09T14:30:19+07:00,OK,212.3,7.151,1504.4,78.7,1518.2,0.99,50.02,23.64,0.95946,0.09823,0.00000,94.0,
2026-10-09T14:30:21+07:00,OK,212.2,7.134,1501.1,77.1,1513.8,0.991,50.03,23.64,0.96029,0.09827,0.00000,109.0,
2026-10-09T14:30:23+07:00,OK,212.2,7.173,1508.2,77.3,1522.1,0.99,50.04,23.64,0.96113,0.09832,0.00000,109.0,
2026-10-09T14:30:25+07:00,OK,212.4,7.133,1501.2,78.0,1515.0,0.99,50.01,23.64,0.96197,0.09836,0.00000,110.0,
2026-10-09T14:30:27+07:00,OK,212.2,7.159,1504.1,77.3,1519.1,0.99,50.04,23.64,0.96280,0.09840,0.00000,78.0,
2026-10-09T14:30:29+07:00,OK,212.0,7.152,1502.1,76.6,1516.2,0.99,50.03,23.65,0.96364,0.09845,0.00000,94.0,
2026-10-09T14:30:31+07:00,OK,211.9,7.151,1503.0,76.6,1515.3,0.991,50.05,23.65,0.96447,0.09849,0.00000,93.0,
2026-10-09T14:30:33+07:00,OK,212.0,7.163,1505.6,75.9,1518.6,0.991,50.05,23.65,0.96531,0.09853,0.00000,94.0,
2026-10-09T14:30:35+07:00,OK,212.0,7.144,1500.8,76.6,1514.5,0.99,50.04,23.65,0.96614,0.09857,0.00000,78.0,
2026-10-09T14:30:37+07:00,OK,211.8,7.157,1501.9,75.8,1515.9,0.99,50.05,23.65,0.96698,0.09862,0.00000,94.0,
2026-10-09T14:30:39+07:00,OK,211.8,7.182,1506.2,75.3,1521.1,0.99,50.06,23.65,0.96781,0.09866,0.00000,78.0,
2026-10-09T14:30:41+07:00,OK,211.8,7.142,1499.2,75.8,1512.7,0.991,50.04,23.65,0.96865,0.09870,0.00000,78.0,
2026-10-09T14:30:43+07:00,OK,211.8,7.167,1504.6,75.4,1518.0,0.991,50.05,23.65,0.96948,0.09874,0.00000,78.0,
2026-10-09T14:30:45+07:00,OK,211.8,7.132,1497.9,76.2,1510.6,0.991,50.03,23.65,0.97032,0.09878,0.00000,94.0,
2026-10-09T14:30:47+07:00,OK,212.5,5.268,1085.6,71.1,1119.5,0.969,50.05,23.65,0.97103,0.09882,0.00000,93.0,
2026-10-09T14:30:49+07:00,OK,212.5,4.851,1009.3,63.1,1030.8,0.979,50.03,23.65,0.97161,0.09886,0.00000,78.0,
2026-10-09T14:30:51+07:00,OK,211.9,7.17,1493.6,152.0,1519.3,0.983,50.04,23.65,0.97231,0.09892,0.00000,78.0,
2026-10-09T14:30:53+07:00,OK,211.8,7.223,1518.8,77.1,1529.8,0.992,50.04,23.65,0.97315,0.09899,0.00000,78.0,
2026-10-09T14:30:55+07:00,OK,212.7,4.833,1009.5,64.4,1028.0,0.982,50.04,23.66,0.97385,0.09902,0.00000,78.0,
2026-10-09T14:30:57+07:00,OK,212.8,4.851,1013.7,62.7,1032.3,0.982,50.03,23.66,0.97441,0.09906,0.00000,94.0,
2026-10-09T14:30:59+07:00,OK,212.7,4.833,1008.0,63.8,1028.0,0.98,50.05,23.66,0.97497,0.09910,0.00000,93.0,
2026-10-09T14:31:01+07:00,OK,213.1,4.827,1007.3,64.4,1028.6,0.979,50.04,23.66,0.97553,0.09913,0.00000,78.0,
2026-10-09T14:31:03+07:00,OK,213.1,4.843,1010.5,63.9,1032.0,0.979,50.04,23.66,0.97609,0.09917,0.00000,78.0,
2026-10-09T14:31:05+07:00,OK,213.2,4.838,1010.2,64.6,1031.5,0.979,50.04,23.66,0.97666,0.09920,0.00000,78.0,
2026-10-09T14:31:07+07:00,OK,213.0,4.838,1010.4,65.3,1030.5,0.98,50.05,23.66,0.97722,0.09924,0.00000,78.0,
2026-10-09T14:31:09+07:00,OK,213.1,4.91,1024.7,64.0,1046.3,0.979,50.04,23.66,0.97778,0.09927,0.00000,78.0,
2026-10-09T14:31:11+07:00,OK,213.0,4.831,1009.6,64.6,1029.0,0.981,50.03,23.66,0.97835,0.09931,0.00000,78.0,
2026-10-09T14:31:13+07:00,OK,213.3,4.873,1017.4,64.2,1039.4,0.978,50.04,23.66,0.97891,0.09935,0.00000,94.0,
2026-10-09T14:31:15+07:00,OK,213.3,4.84,1011.0,65.0,1032.4,0.979,50.03,23.66,0.97947,0.09938,0.00000,78.0,
2026-10-09T14:31:17+07:00,OK,213.2,4.841,1011.4,64.9,1032.1,0.979,50.01,23.66,0.98004,0.09942,0.00000,78.0,
2026-10-09T14:31:19+07:00,OK,213.1,4.842,1012.0,64.7,1031.8,0.98,50.02,23.66,0.98060,0.09945,0.00000,78.0,
2026-10-09T14:31:21+07:00,OK,213.2,4.825,1010.8,64.3,1028.7,0.982,50.03,23.66,0.98116,0.09949,0.00000,94.0,
2026-10-09T14:31:23+07:00,OK,213.2,4.884,1021.3,64.7,1041.3,0.98,50.03,23.66,0.98172,0.09953,0.00000,93.0,
2026-10-09T14:31:25+07:00,OK,213.3,4.834,1010.6,65.8,1031.1,0.98,50.03,23.66,0.98228,0.09956,0.00000,93.0,
2026-10-09T14:31:27+07:00,OK,213.2,5.573,1142.7,139.0,1188.2,0.961,50.01,23.66,0.98289,0.09962,0.00000,78.0,
2026-10-09T14:31:29+07:00,OK,213.0,5.168,1075.1,127.2,1100.8,0.976,50.03,23.67,0.98350,0.09969,0.00000,94.0,
2026-10-09T14:31:31+07:00,OK,213.0,5.183,1079.7,125.2,1104.0,0.978,50.03,23.67,0.98410,0.09976,0.00000,93.0,
2026-10-09T14:31:33+07:00,OK,212.9,5.174,1077.0,126.6,1101.5,0.977,50.0,23.67,0.98470,0.09983,0.00000,78.0,
2026-10-09T14:31:35+07:00,OK,213.0,5.169,1075.7,127.1,1101.0,0.977,50.04,23.67,0.98530,0.09990,0.00000,94.0,
2026-10-09T14:31:37+07:00,OK,213.0,5.208,1083.0,125.9,1109.3,0.976,50.01,23.67,0.98590,0.09997,0.00000,78.0,
2026-10-09T14:31:39+07:00,OK,212.7,5.286,1097.2,124.2,1124.3,0.975,50.05,23.67,0.98650,0.10004,0.00000,94.0,
2026-10-09T14:31:41+07:00,OK,212.8,5.19,1080.8,124.8,1104.4,0.978,50.01,23.67,0.98711,0.10011,0.00000,110.0,
2026-10-09T14:31:43+07:00,OK,213.0,5.188,1081.4,125.3,1105.0,0.978,50.03,23.67,0.98770,0.10018,0.00000,93.0,
2026-10-09T14:31:45+07:00,OK,212.9,5.204,1083.4,125.3,1107.9,0.977,50.02,23.67,0.98831,0.10025,0.00000,93.0,
2026-10-09T14:31:47+07:00,OK,212.7,5.195,1079.7,125.2,1105.0,0.977,50.04,23.67,0.98891,0.10032,0.00000,78.0,
2026-10-09T14:31:49+07:00,OK,212.6,5.195,1079.2,124.8,1104.5,0.977,50.02,23.67,0.98951,0.10039,0.00000,94.0,
2026-10-09T14:31:51+07:00,OK,212.4,5.199,1079.7,123.4,1104.3,0.977,50.01,23.67,0.99011,0.10046,0.00000,125.0,
2026-10-09T14:31:53+07:00,OK,212.4,5.184,1076.9,123.9,1101.1,0.978,50.03,23.67,0.99071,0.10053,0.00000,78.0,
2026-10-09T14:31:55+07:00,OK,212.4,5.196,1079.4,123.8,1103.6,0.978,50.04,23.67,0.99131,0.10060,0.00000,94.0,
2026-10-09T14:31:57+07:00,OK,212.7,5.205,1081.3,124.2,1107.1,0.976,50.01,23.67,0.99191,0.10067,0.00000,78.0,
2026-10-09T14:31:59+07:00,OK,212.7,5.187,1077.9,124.5,1103.3,0.977,50.03,23.67,0.99251,0.10073,0.00000,78.0,
2026-10-09T14:32:01+07:00,OK,212.5,5.192,1078.6,123.7,1103.3,0.977,50.02,23.67,0.99311,0.10080,0.00000,94.0,
2026-10-09T14:32:03+07:00,OK,212.3,5.193,1078.8,123.7,1102.5,0.978,50.02,23.68,0.99370,0.10087,0.00000,93.0,
2026-10-09T14:32:05+07:00,OK,212.3,5.177,1076.2,122.7,1099.1,0.979,50.01,23.68,0.99431,0.10094,0.00000,94.0,
2026-10-09T14:32:07+07:00,OK,212.4,5.21,1082.9,122.9,1106.6,0.978,50.01,23.68,0.99490,0.10101,0.00000,93.0,
2026-10-09T14:32:09+07:00,OK,212.6,5.189,1077.5,124.2,1103.2,0.976,50.02,23.68,0.99551,0.10108,0.00000,78.0,
2026-10-09T14:32:11+07:00,OK,212.5,5.201,1080.2,124.1,1105.2,0.977,50.01,23.68,0.99610,0.10115,0.00000,78.0,
2026-10-09T14:32:13+07:00,OK,212.3,5.202,1080.5,124.2,1104.4,0.978,50.03,23.68,0.99671,0.10122,0.00000,78.0,
2026-10-09T14:32:15+07:00,OK,212.5,5.232,1086.5,123.4,1111.8,0.977,50.01,23.68,0.99731,0.10128,0.00000,94.0,
2026-10-09T14:32:17+07:00,OK,212.7,5.202,1080.4,125.0,1106.5,0.976,50.01,23.68,0.99790,0.10135,0.00000,78.0,
2026-10-09T14:32:19+07:00,OK,212.7,5.203,1080.7,125.2,1106.7,0.976,50.01,23.68,0.99851,0.10142,0.00000,94.0,
2026-10-09T14:32:21+07:00,OK,212.9,5.204,1083.2,125.2,1107.9,0.977,50.02,23.68,0.99911,0.10149,0.00000,78.0,
2026-10-09T14:32:23+07:00,OK,212.1,7.502,1574.0,167.4,1591.2,0.989,50.0,23.68,0.99985,0.10157,0.00000,94.0,
2026-10-09T14:32:25+07:00,OK,212.0,7.519,1576.3,138.9,1594.0,0.988,50.01,23.68,1.00072,0.10166,0.00000,78.0,
2026-10-09T14:32:27+07:00,OK,212.1,7.485,1569.4,137.9,1587.6,0.988,50.02,23.68,1.00159,0.10174,0.00000,93.0,
2026-10-09T14:32:29+07:00,OK,212.9,5.267,1094.3,130.7,1121.3,0.975,49.99,23.68,1.00234,0.10181,0.00000,78.0,
2026-10-09T14:32:31+07:00,OK,213.0,5.174,1077.2,125.8,1102.1,0.977,49.99,23.69,1.00294,0.10188,0.00000,94.0,
2026-10-09T14:32:33+07:00,OK,212.5,5.167,1074.5,124.9,1098.0,0.978,50.0,23.69,1.00354,0.10195,0.00000,78.0,
2026-10-09T14:32:35+07:00,OK,212.7,5.176,1077.2,126.2,1100.9,0.978,49.98,23.69,1.00414,0.10202,0.00000,78.0,
2026-10-09T14:32:37+07:00,OK,212.6,5.202,1080.3,125.4,1105.9,0.976,50.01,23.69,1.00474,0.10209,0.00000,78.0,
2026-10-09T14:32:39+07:00,OK,212.6,5.188,1077.5,125.3,1103.0,0.976,50.0,23.69,1.00533,0.10216,0.00000,78.0,
2026-10-09T14:32:41+07:00,OK,212.6,5.18,1076.3,124.2,1101.3,0.977,50.01,23.69,1.00593,0.10223,0.00000,78.0,
2026-10-09T14:32:43+07:00,OK,211.3,9.035,1794.4,288.5,1909.1,0.939,50.0,23.69,1.00673,0.10234,0.00000,78.0,
2026-10-09T14:32:45+07:00,OK,211.5,7.475,1564.5,143.9,1581.0,0.989,49.98,23.69,1.00766,0.10246,0.00000,94.0,
2026-10-09T14:32:47+07:00,OK,211.1,7.472,1560.9,136.8,1577.3,0.989,49.98,23.69,1.00852,0.10254,0.00000,93.0,
2026-10-09T14:32:49+07:00,OK,211.0,7.489,1562.9,136.5,1580.2,0.989,49.99,23.69,1.00940,0.10262,0.00000,78.0,
2026-10-09T14:32:51+07:00,OK,210.9,7.496,1563.4,135.7,1580.9,0.988,49.98,23.69,1.01026,0.10269,0.00000,93.0,
2026-10-09T14:32:53+07:00,OK,211.1,7.522,1571.1,136.3,1587.9,0.989,49.98,23.69,1.01114,0.10277,0.00000,78.0,
2026-10-09T14:32:55+07:00,OK,211.2,7.582,1585.6,136.4,1601.3,0.99,49.98,23.69,1.01202,0.10285,0.00000,78.0,
2026-10-09T14:32:57+07:00,OK,211.2,7.529,1571.6,137.2,1590.1,0.988,49.99,23.69,1.01289,0.10292,0.00000,78.0,
2026-10-09T14:32:59+07:00,OK,211.0,7.528,1570.0,136.6,1588.4,0.988,49.99,23.7,1.01376,0.10300,0.00000,78.0,
2026-10-09T14:33:01+07:00,OK,211.0,7.519,1569.3,136.3,1586.5,0.989,49.98,23.7,1.01464,0.10307,0.00000,78.0,
2026-10-09T14:33:03+07:00,OK,211.0,7.52,1568.9,135.8,1586.7,0.988,49.98,23.7,1.01551,0.10315,0.00000,94.0,
2026-10-09T14:33:05+07:00,OK,210.9,7.506,1565.5,135.7,1583.0,0.988,49.97,23.7,1.01638,0.10322,0.00000,94.0,
2026-10-09T14:33:07+07:00,OK,211.0,7.506,1566.4,135.9,1583.8,0.989,49.97,23.7,1.01724,0.10330,0.00000,125.0,
2026-10-09T14:33:09+07:00,OK,211.7,5.205,1076.8,125.4,1101.9,0.977,49.98,23.7,1.01798,0.10337,0.00000,93.0,
2026-10-09T14:33:11+07:00,OK,211.4,5.291,1093.7,121.5,1118.5,0.977,49.96,23.7,1.01858,0.10344,0.00000,78.0,
2026-10-09T14:33:13+07:00,OK,211.8,5.183,1075.0,123.6,1097.8,0.979,49.97,23.7,1.01919,0.10351,0.00000,94.0,
2026-10-09T14:33:15+07:00,OK,211.6,5.328,1101.7,128.0,1127.4,0.977,49.97,23.7,1.01979,0.10358,0.00000,94.0,
2026-10-09T14:33:17+07:00,OK,211.8,5.27,1089.7,130.9,1116.2,0.976,49.95,23.7,1.02040,0.10365,0.00000,109.0,
2026-10-09T14:33:19+07:00,OK,212.1,5.268,1091.5,131.1,1117.3,0.976,49.96,23.7,1.02101,0.10372,0.00000,110.0,
2026-10-09T14:33:21+07:00,OK,211.9,5.259,1090.1,130.3,1114.4,0.978,49.96,23.7,1.02161,0.10380,0.00000,78.0,
2026-10-09T14:33:23+07:00,OK,211.9,5.255,1088.3,130.3,1113.5,0.977,49.97,23.7,1.02222,0.10387,0.00000,94.0,
2026-10-09T14:33:25+07:00,OK,212.0,5.274,1091.5,130.3,1118.1,0.976,50.0,23.7,1.02282,0.10394,0.00000,78.0,
2026-10-09T14:33:27+07:00,OK,211.8,5.296,1095.4,128.8,1121.7,0.976,49.99,23.71,1.02343,0.10401,0.00000,93.0,
2026-10-09T14:33:29+07:00,OK,211.8,5.237,1085.5,128.8,1109.2,0.978,49.97,23.71,1.02403,0.10408,0.00000,93.0,
2026-10-09T14:33:31+07:00,OK,212.0,5.263,1091.5,129.3,1115.8,0.978,50.0,23.71,1.02464,0.10416,0.00000,93.0,
2026-10-09T14:33:33+07:00,OK,211.9,5.277,1093.8,126.8,1118.2,0.978,50.02,23.71,1.02524,0.10423,0.00000,78.0,
2026-10-09T14:33:35+07:00,OK,211.9,5.273,1093.7,125.3,1117.3,0.978,50.02,23.71,1.02586,0.10430,0.00000,78.0,
2026-10-09T14:33:37+07:00,OK,212.0,5.258,1089.8,127.7,1114.7,0.977,50.01,23.71,1.02646,0.10437,0.00000,94.0,
2026-10-09T14:33:39+07:00,OK,212.1,5.241,1089.5,127.5,1111.6,0.98,50.03,23.71,1.02706,0.10444,0.00000,93.0,
2026-10-09T14:33:41+07:00,OK,212.0,5.261,1090.8,127.9,1115.3,0.978,50.03,23.71,1.02767,0.10451,0.00000,94.0,
2026-10-09T14:33:43+07:00,OK,211.9,5.278,1092.2,127.9,1118.4,0.976,50.04,23.71,1.02828,0.10458,0.00000,78.0,
2026-10-09T14:33:45+07:00,OK,212.0,5.284,1092.8,127.4,1120.2,0.975,50.05,23.71,1.02888,0.10465,0.00000,93.0,
2026-10-09T14:33:47+07:00,OK,212.0,5.265,1090.6,127.2,1116.2,0.977,50.05,23.71,1.02949,0.10472,0.00000,93.0,
2026-10-09T14:33:49+07:00,OK,211.9,5.987,1246.7,126.9,1268.6,0.982,50.04,23.71,1.03014,0.10479,0.00000,93.0,
2026-10-09T14:33:51+07:00,OK,211.6,6.02,1250.6,126.1,1273.8,0.981,50.04,23.71,1.03083,0.10486,0.00000,93.0,
2026-10-09T14:33:53+07:00,OK,211.7,6.008,1248.5,126.8,1271.9,0.981,50.04,23.71,1.03153,0.10493,0.00000,94.0,
2026-10-09T14:33:55+07:00,OK,211.4,6.004,1245.5,126.3,1269.2,0.981,50.04,23.71,1.03222,0.10500,0.00000,93.0,
2026-10-09T14:33:57+07:00,OK,211.4,6.013,1248.9,125.4,1271.1,0.982,50.04,23.71,1.03292,0.10507,0.00000,78.0,
2026-10-09T14:33:59+07:00,OK,211.2,6.017,1247.9,125.0,1270.8,0.982,50.05,23.72,1.03361,0.10514,0.00000,94.0,
2026-10-09T14:34:01+07:00,OK,211.5,6.02,1250.8,125.9,1273.2,0.982,50.04,23.72,1.03430,0.10521,0.00000,78.0,
2026-10-09T14:34:03+07:00,OK,211.7,6.006,1247.3,127.0,1271.5,0.981,50.03,23.72,1.03500,0.10528,0.00000,94.0,
2026-10-09T14:34:05+07:00,OK,211.4,6.005,1246.6,126.4,1269.5,0.982,50.02,23.72,1.03569,0.10535,0.00000,78.0,
2026-10-09T14:34:07+07:00,OK,211.4,6.013,1248.4,126.4,1271.1,0.982,50.05,23.72,1.03638,0.10542,0.00000,94.0,
2026-10-09T14:34:09+07:00,OK,211.7,6.007,1248.8,126.1,1271.7,0.982,50.02,23.72,1.03707,0.10549,0.00000,93.0,
2026-10-09T14:34:11+07:00,OK,211.7,6.003,1249.1,127.4,1270.8,0.982,50.02,23.72,1.03777,0.10556,0.00000,78.0,
2026-10-09T14:34:13+07:00,OK,211.8,6.007,1247.7,128.2,1272.3,0.98,50.01,23.72,1.03846,0.10563,0.00000,93.0,
2026-10-09T14:34:15+07:00,OK,211.9,6.001,1248.9,128.1,1271.6,0.982,50.01,23.72,1.03915,0.10571,0.00000,93.0,
2026-10-09T14:34:17+07:00,OK,211.7,6.066,1263.9,124.9,1284.2,0.984,50.02,23.72,1.03986,0.10578,0.00000,78.0,
2026-10-09T14:34:19+07:00,OK,211.7,6.006,1249.1,126.7,1271.5,0.982,50.01,23.72,1.04055,0.10585,0.00000,78.0,
2026-10-09T14:34:21+07:00,OK,211.5,5.993,1246.0,126.8,1267.5,0.983,50.01,23.72,1.04124,0.10592,0.00000,93.0,
2026-10-09T14:34:23+07:00,OK,211.1,8.456,1589.3,160.8,1785.1,0.89,50.0,23.72,1.04203,0.10600,0.00000,93.0,
2026-10-09T14:34:25+07:00,OK,210.9,8.32,1738.6,152.0,1754.7,0.99,50.03,23.73,1.04295,0.10608,0.00000,156.0,
2026-10-09T14:34:27+07:00,OK,210.8,8.422,1758.1,138.6,1775.4,0.99,50.01,23.73,1.04393,0.10616,0.00000,78.0,
2026-10-09T14:34:29+07:00,OK,210.8,8.363,1754.3,137.4,1762.9,0.995,50.01,23.73,1.04491,0.10624,0.00000,78.0,
2026-10-09T14:34:31+07:00,OK,210.8,8.324,1737.0,139.4,1754.7,0.989,50.03,23.73,1.04588,0.10632,0.00000,94.0,
2026-10-09T14:34:33+07:00,OK,210.8,8.32,1737.0,140.4,1753.9,0.99,50.0,23.73,1.04684,0.10640,0.00000,94.0,
2026-10-09T14:34:35+07:00,OK,210.9,8.311,1735.5,140.4,1752.8,0.99,49.98,23.73,1.04781,0.10647,0.00000,110.0,
2026-10-09T14:34:37+07:00,OK,210.7,8.349,1743.2,137.1,1759.1,0.99,50.0,23.73,1.04877,0.10655,0.00000,93.0,
2026-10-09T14:34:39+07:00,OK,210.9,8.325,1739.4,139.1,1755.7,0.99,50.0,23.73,1.04974,0.10663,0.00000,78.0,
2026-10-09T14:34:41+07:00,OK,210.5,8.451,1765.5,134.6,1778.9,0.992,50.01,23.73,1.05071,0.10670,0.00000,94.0,
2026-10-09T14:34:43+07:00,OK,210.8,7.68,1603.6,135.2,1618.9,0.99,50.01,23.73,1.05164,0.10678,0.00000,109.0,
2026-10-09T14:34:45+07:00,OK,210.8,7.658,1598.0,136.5,1614.3,0.989,49.97,23.73,1.05253,0.10685,0.00000,125.0,
2026-10-09T14:34:47+07:00,OK,211.0,7.628,1595.2,136.1,1609.5,0.991,50.02,23.74,1.05342,0.10693,0.00000,93.0,
2026-10-09T14:34:49+07:00,OK,211.1,7.742,1620.2,133.8,1634.3,0.991,49.99,23.74,1.05431,0.10700,0.00000,93.0,
2026-10-09T14:34:51+07:00,OK,210.8,7.623,1590.5,136.8,1606.9,0.989,49.96,23.74,1.05521,0.10708,0.00000,78.0,
2026-10-09T14:34:53+07:00,OK,210.9,7.6,1584.4,138.6,1602.8,0.988,50.02,23.74,1.05609,0.10716,0.00000,93.0,
2026-10-09T14:34:55+07:00,OK,211.8,5.015,1040.3,78.4,1062.2,0.979,50.02,23.74,1.05682,0.10722,0.00000,93.0,
2026-10-09T14:34:57+07:00,OK,211.8,5.092,1046.2,66.2,1078.5,0.97,50.0,23.74,1.05740,0.10726,0.00000,94.0,
2026-10-09T14:34:59+07:00,OK,212.0,5.121,1070.1,61.8,1085.7,0.985,50.0,23.74,1.05799,0.10729,0.00000,78.0,
2026-10-09T14:35:01+07:00,OK,212.3,5.042,1049.5,64.6,1070.4,0.98,50.0,23.74,1.05858,0.10733,0.00000,78.0,
2026-10-09T14:35:03+07:00,OK,212.0,5.157,1076.4,62.0,1093.3,0.984,50.01,23.74,1.05916,0.10736,0.00000,93.0,
2026-10-09T14:35:05+07:00,OK,211.9,5.182,1080.4,61.5,1098.1,0.983,50.0,23.74,1.05976,0.10740,0.00000,93.0,
2026-10-09T14:35:07+07:00,OK,212.0,5.008,1044.0,62.5,1061.7,0.983,50.01,23.74,1.06036,0.10743,0.00000,94.0,
2026-10-09T14:35:09+07:00,OK,212.4,4.973,1038.9,64.9,1056.3,0.983,50.01,23.74,1.06093,0.10747,0.00000,93.0,
2026-10-09T14:35:11+07:00,OK,211.5,7.353,1541.6,107.3,1555.2,0.991,50.02,23.74,1.06165,0.10751,0.00000,93.0,
2026-10-09T14:35:13+07:00,OK,210.9,7.451,1558.2,76.7,1571.4,0.991,50.0,23.74,1.06252,0.10757,0.00000,94.0,
2026-10-09T14:35:15+07:00,OK,210.7,7.425,1552.7,74.9,1564.4,0.992,49.98,23.75,1.06337,0.10761,0.00000,93.0,
2026-10-09T14:35:17+07:00,OK,210.9,7.358,1540.2,74.9,1551.8,0.992,50.0,23.75,1.06423,0.10765,0.00000,93.0,
2026-10-09T14:35:19+07:00,OK,211.1,7.305,1530.4,77.9,1542.1,0.992,49.98,23.75,1.06509,0.10769,0.00000,78.0,
2026-10-09T14:35:21+07:00,OK,211.1,7.38,1546.1,76.8,1557.9,0.992,49.99,23.75,1.06594,0.10773,0.00000,93.0,
2026-10-09T14:35:23+07:00,OK,211.2,7.387,1546.6,78.1,1560.1,0.991,50.0,23.75,1.06680,0.10778,0.00000,78.0,
2026-10-09T14:35:25+07:00,OK,211.0,7.349,1538.0,76.7,1550.6,0.991,50.0,23.75,1.06766,0.10782,0.00000,94.0,
2026-10-09T14:35:27+07:00,OK,210.9,7.367,1539.0,76.6,1553.7,0.99,49.98,23.75,1.06851,0.10786,0.00000,93.0,
2026-10-09T14:35:29+07:00,OK,211.1,7.317,1532.5,75.2,1544.6,0.992,49.98,23.75,1.06937,0.10791,0.00000,78.0,
2026-10-09T14:35:31+07:00,OK,211.4,7.397,1552.0,75.8,1563.7,0.992,50.01,23.75,1.07023,0.10795,0.00000,78.0,
2026-10-09T14:35:33+07:00,OK,211.6,7.362,1546.9,79.0,1557.8,0.993,50.02,23.75,1.07109,0.10799,0.00000,78.0,
2026-10-09T14:35:35+07:00,OK,211.2,7.41,1562.7,76.9,1565.0,0.998,50.0,23.75,1.07195,0.10803,0.00000,94.0,
2026-10-09T14:35:37+07:00,OK,211.2,7.307,1530.9,76.8,1543.2,0.992,50.01,23.75,1.07280,0.10808,0.00000,93.0,
2026-10-09T14:35:39+07:00,OK,211.2,7.333,1534.6,77.9,1548.7,0.99,50.03,23.76,1.07366,0.10812,0.00000,93.0,
2026-10-09T14:35:41+07:00,OK,211.6,7.328,1538.0,76.0,1550.6,0.991,50.01,23.76,1.07451,0.10816,0.00000,93.0,
2026-10-09T14:35:43+07:00,OK,212.5,5.041,1052.5,67.5,1071.2,0.982,50.02,23.76,1.07523,0.10820,0.00000,78.0,
2026-10-09T14:35:45+07:00,OK,212.3,5.004,1043.4,64.4,1062.3,0.982,50.02,23.76,1.07582,0.10824,0.00000,78.0,
2026-10-09T14:35:47+07:00,OK,212.1,4.988,1039.9,64.3,1058.0,0.982,50.02,23.76,1.07639,0.10827,0.00000,78.0,
2026-10-09T14:35:49+07:00,OK,212.2,5.039,1047.6,64.4,1069.3,0.979,50.02,23.76,1.07697,0.10831,0.00000,93.0,
2026-10-09T14:35:51+07:00,OK,212.0,5.015,1041.8,65.3,1063.2,0.979,50.02,23.76,1.07755,0.10835,0.00000,78.0,
2026-10-09T14:35:53+07:00,OK,212.3,5.033,1051.5,64.0,1068.5,0.984,50.0,23.76,1.07813,0.10838,0.00000,93.0,
2026-10-09T14:35:55+07:00,OK,212.4,5.021,1049.7,62.8,1066.5,0.984,50.02,23.76,1.07872,0.10842,0.00000,94.0,
2026-10-09T14:35:57+07:00,OK,212.2,5.031,1049.7,64.4,1067.6,0.983,50.0,23.76,1.07930,0.10845,0.00000,93.0,
2026-10-09T14:35:59+07:00,OK,212.0,5.125,1067.8,62.0,1086.5,0.982,50.0,23.76,1.07989,0.10849,0.00000,109.0,
2026-10-09T14:36:01+07:00,OK,211.9,5.042,1050.6,62.8,1068.4,0.983,50.0,23.76,1.08047,0.10852,0.00000,125.0,
2026-10-09T14:36:03+07:00,OK,211.8,4.997,1036.2,64.9,1058.4,0.979,49.99,23.76,1.08105,0.10856,0.00000,93.0,
2026-10-09T14:36:05+07:00,OK,212.0,5.05,1054.3,61.6,1070.6,0.984,49.99,23.76,1.08164,0.10859,0.00000,78.0,
2026-10-09T14:36:07+07:00,OK,211.9,5.001,1041.7,63.6,1059.7,0.983,49.98,23.76,1.08222,0.10863,0.00000,78.0,
2026-10-09T14:36:09+07:00,OK,211.8,5.038,1050.4,63.3,1067.0,0.984,49.97,23.76,1.08280,0.10866,0.00000,94.0,
2026-10-09T14:36:11+07:00,OK,211.9,4.999,1040.0,65.9,1059.3,0.981,49.97,23.77,1.08338,0.10870,0.00000,109.0,
2026-10-09T14:36:13+07:00,OK,212.1,5.001,1044.2,65.1,1060.7,0.984,50.0,23.77,1.08396,0.10874,0.00000,110.0,
2026-10-09T14:36:15+07:00,OK,211.9,5.126,1069.7,61.3,1086.2,0.984,49.99,23.77,1.08455,0.10877,0.00000,94.0,
2026-10-09T14:36:17+07:00,OK,212.0,5.046,1051.1,64.6,1069.8,0.982,49.97,23.77,1.08514,0.10881,0.00000,78.0,
2026-10-09T14:36:19+07:00,OK,212.0,4.966,1032.9,67.3,1052.8,0.981,49.99,23.77,1.08571,0.10884,0.00000,93.0,
2026-10-09T14:36:21+07:00,OK,211.7,5.011,1046.2,62.4,1060.8,0.986,49.98,23.77,1.08629,0.10888,0.00000,94.0,
2026-10-09T14:36:23+07:00,OK,211.8,5.031,1047.7,64.7,1065.6,0.983,50.0,23.77,1.08688,0.10891,0.00000,78.0,
2026-10-09T14:36:25+07:00,OK,211.8,4.99,1037.5,64.6,1056.9,0.981,49.97,23.77,1.08746,0.10895,0.00000,94.0,
2026-10-09T14:36:27+07:00,OK,211.9,4.969,1032.9,67.1,1052.9,0.981,50.0,23.77,1.08803,0.10899,0.00000,78.0,
2026-10-09T14:36:29+07:00,OK,212.1,4.956,1032.0,67.9,1051.2,0.981,49.99,23.77,1.08860,0.10902,0.00000,78.0,
2026-10-09T14:36:31+07:00,OK,211.9,4.97,1034.7,67.4,1053.1,0.982,50.0,23.77,1.08918,0.10906,0.00000,78.0,
2026-10-09T14:36:33+07:00,OK,212.1,4.988,1039.0,66.8,1058.0,0.982,49.97,23.77,1.08975,0.10910,0.00000,78.0,
2026-10-09T14:36:35+07:00,OK,212.2,4.964,1034.1,66.7,1053.4,0.981,49.99,23.77,1.09033,0.10914,0.00000,78.0,
2026-10-09T14:36:37+07:00,OK,212.0,4.982,1036.1,66.0,1056.2,0.981,50.0,23.77,1.09091,0.10917,0.00000,94.0,
2026-10-09T14:36:39+07:00,OK,212.1,4.985,1038.7,66.6,1057.3,0.982,49.98,23.77,1.09148,0.10921,0.00000,78.0,
2026-10-09T14:36:41+07:00,OK,211.9,5.062,1044.4,64.6,1072.6,0.973,49.98,23.77,1.09206,0.10925,0.00000,78.0,
2026-10-09T14:36:43+07:00,OK,211.7,5.048,1051.3,64.7,1068.7,0.983,49.99,23.77,1.09264,0.10928,0.00000,94.0,
2026-10-09T14:36:45+07:00,OK,211.6,5.014,1041.0,65.3,1061.0,0.981,49.99,23.78,1.09322,0.10932,0.00000,93.0,
2026-10-09T14:36:47+07:00,OK,211.6,4.963,1030.6,66.4,1050.2,0.981,49.98,23.78,1.09379,0.10935,0.00000,93.0,
2026-10-09T14:36:49+07:00,OK,212.0,5.031,1045.0,66.3,1066.6,0.979,49.98,23.78,1.09437,0.10939,0.00000,93.0,
2026-10-09T14:36:51+07:00,OK,211.9,4.988,1037.1,67.2,1057.0,0.981,49.98,23.78,1.09495,0.10943,0.00000,78.0,
2026-10-09T14:36:53+07:00,OK,211.9,4.973,1035.4,67.0,1053.8,0.982,49.97,23.78,1.09553,0.10946,0.00000,93.0,
2026-10-09T14:36:55+07:00,OK,211.6,4.987,1036.7,65.5,1055.2,0.982,49.98,23.78,1.09611,0.10950,0.00000,78.0,
2026-10-09T14:36:57+07:00,OK,211.7,5.046,1049.9,63.5,1068.2,0.982,49.99,23.78,1.09669,0.10954,0.00000,94.0,
2026-10-09T14:36:59+07:00,OK,211.9,5.026,1044.7,64.7,1065.0,0.98,49.98,23.78,1.09727,0.10957,0.00000,78.0,
2026-10-09T14:37:01+07:00,OK,212.1,5.021,1044.5,64.0,1065.0,0.98,50.0,23.78,1.09785,0.10961,0.00000,94.0,
2026-10-09T14:37:03+07:00,OK,212.0,4.981,1036.8,66.4,1056.0,0.981,49.97,23.78,1.09843,0.10965,0.00000,78.0,
2026-10-09T14:37:05+07:00,OK,211.9,4.963,1033.7,66.3,1051.7,0.982,50.0,23.78,1.09900,0.10968,0.00000,78.0,
2026-10-09T14:37:07+07:00,OK,211.9,5.038,1052.5,62.1,1067.6,0.985,50.0,23.78,1.09958,0.10972,0.00000,94.0,
2026-10-09T14:37:09+07:00,OK,212.0,5.093,1060.5,63.7,1079.7,0.982,49.99,23.78,1.10016,0.10975,0.00000,93.0,
2026-10-09T14:37:11+07:00,OK,212.1,5.044,1050.4,63.8,1069.8,0.981,49.99,23.78,1.10075,0.10979,0.00000,78.0,
2026-10-09T14:37:13+07:00,OK,212.1,4.996,1042.8,64.4,1059.7,0.984,50.01,23.78,1.10134,0.10982,0.00000,78.0,
2026-10-09T14:37:15+07:00,OK,211.9,5.012,1042.6,66.0,1062.0,0.981,50.01,23.78,1.10191,0.10986,0.00000,78.0,
2026-10-09T14:37:17+07:00,OK,211.9,4.973,1035.2,66.9,1053.8,0.982,50.01,23.78,1.10249,0.10990,0.00000,93.0,
2026-10-09T14:37:19+07:00,OK,211.9,5.039,1047.5,65.3,1067.8,0.981,49.99,23.79,1.10307,0.10993,0.00000,78.0,
2026-10-09T14:37:21+07:00,OK,211.9,5.002,1040.5,65.7,1059.9,0.981,49.99,23.79,1.10365,0.10997,0.00000,94.0,
2026-10-09T14:37:23+07:00,OK,211.7,5.012,1040.6,66.1,1061.0,0.98,50.01,23.79,1.10422,0.11001,0.00000,93.0,
2026-10-09T14:37:25+07:00,OK,211.6,4.971,1033.5,65.2,1051.9,0.982,50.0,23.79,1.10480,0.11004,0.00000,78.0,
2026-10-09T14:37:27+07:00,OK,211.5,5.053,1048.5,63.8,1068.7,0.981,49.97,23.79,1.10538,0.11008,0.00000,94.0,
2026-10-09T14:37:29+07:00,OK,211.8,5.02,1044.8,65.0,1063.2,0.982,49.99,23.79,1.10596,0.11011,0.00000,110.0,
2026-10-09T14:37:31+07:00,OK,212.1,5.095,1060.1,65.6,1080.6,0.981,49.96,23.79,1.10654,0.11015,0.00000,93.0,
2026-10-09T14:37:33+07:00,OK,212.4,4.972,1036.9,67.8,1056.1,0.981,49.97,23.79,1.10713,0.11019,0.00000,93.0,
2026-10-09T14:37:35+07:00,OK,212.4,4.955,1032.6,68.6,1052.4,0.981,50.0,23.79,1.10771,0.11023,0.00000,78.0,
2026-10-09T14:37:37+07:00,OK,212.1,4.999,1040.9,65.9,1060.3,0.981,49.98,23.79,1.10828,0.11026,0.00000,94.0,
2026-10-09T14:37:39+07:00,OK,212.0,4.986,1037.3,66.2,1057.0,0.981,49.97,23.79,1.10885,0.11030,0.00000,125.0,
2026-10-09T14:37:41+07:00,OK,212.1,4.969,1035.5,66.9,1053.9,0.982,50.0,23.79,1.10943,0.11034,0.00000,93.0,
2026-10-09T14:37:43+07:00,OK,212.2,5.046,1054.0,64.1,1070.8,0.984,49.99,23.79,1.11001,0.11037,0.00000,93.0,
2026-10-09T14:37:45+07:00,OK,212.3,4.984,1038.2,65.8,1058.1,0.981,50.0,23.79,1.11059,0.11041,0.00000,93.0,
2026-10-09T14:37:47+07:00,OK,212.2,5.023,1048.1,62.9,1065.9,0.983,50.0,23.79,1.11117,0.11044,0.00000,93.0,
2026-10-09T14:37:49+07:00,OK,212.1,5.013,1046.5,62.2,1063.3,0.984,50.01,23.79,1.11175,0.11048,0.00000,78.0,
2026-10-09T14:37:51+07:00,OK,211.9,5.047,1050.6,63.3,1069.5,0.982,49.99,23.79,1.11234,0.11051,0.00000,93.0,
2026-10-09T14:37:53+07:00,OK,211.9,5.082,1061.3,62.3,1076.9,0.985,50.02,23.79,1.11293,0.11055,0.00000,94.0,
2026-10-09T14:37:55+07:00,OK,212.1,4.981,1038.4,63.6,1056.5,0.982,49.99,23.8,1.11351,0.11058,0.00000,93.0,
2026-10-09T14:37:57+07:00,OK,212.0,5.001,1040.4,65.8,1060.2,0.981,49.98,23.8,1.11409,0.11062,0.00000,94.0,
2026-10-09T14:37:59+07:00,OK,211.9,4.99,1037.7,66.9,1057.4,0.981,49.99,23.8,1.11466,0.11066,0.00000,78.0,
2026-10-09T14:38:01+07:00,OK,212.0,5.006,1042.7,65.1,1061.3,0.982,50.02,23.8,1.11524,0.11069,0.00000,93.0,
2026-10-09T14:38:03+07:00,OK,212.1,5.034,1051.4,64.2,1067.7,0.984,50.0,23.8,1.11582,0.11073,0.00000,78.0,
2026-10-09T14:38:05+07:00,OK,211.6,4.985,1035.1,64.6,1054.8,0.981,49.98,23.8,1.11640,0.11077,0.00000,93.0,
2026-10-09T14:38:07+07:00,OK,212.1,5.057,1052.5,63.1,1072.6,0.981,49.99,23.8,1.11698,0.11080,0.00000,93.0,
2026-10-09T14:38:09+07:00,OK,212.2,5.028,1048.4,63.9,1066.9,0.982,49.98,23.8,1.11757,0.11084,0.00000,78.0,
2026-10-09T14:38:11+07:00,OK,212.1,4.998,1040.8,66.2,1060.1,0.981,50.0,23.8,1.11814,0.11087,0.00000,78.0,
2026-10-09T14:38:13+07:00,OK,212.1,4.998,1041.5,64.5,1060.1,0.982,50.0,23.8,1.11873,0.11091,0.00000,94.0,
2026-10-09T14:38:15+07:00,OK,212.0,5.077,1060.2,60.7,1076.3,0.985,50.0,23.8,1.11931,0.11094,0.00000,93.0,
2026-10-09T14:38:17+07:00,OK,212.2,5.056,1052.9,63.0,1072.9,0.981,49.97,23.8,1.11990,0.11098,0.00000,78.0,
2026-10-09T14:38:19+07:00,OK,212.4,5.02,1047.5,65.4,1066.2,0.982,50.01,23.8,1.12048,0.11101,0.00000,78.0,
2026-10-09T14:38:21+07:00,OK,212.3,4.972,1035.6,66.7,1055.6,0.981,50.03,23.8,1.12105,0.11105,0.00000,93.0,
2026-10-09T14:38:23+07:00,OK,212.1,4.985,1039.3,66.0,1057.3,0.982,50.0,23.8,1.12164,0.11109,0.00000,78.0,
2026-10-09T14:38:25+07:00,OK,212.2,4.979,1038.1,65.1,1056.5,0.982,50.02,23.8,1.12221,0.11112,0.00000,78.0,
2026-10-09T14:38:27+07:00,OK,212.2,5.051,1054.2,62.6,1071.8,0.983,50.01,23.81,1.12279,0.11116,0.00000,94.0,
2026-10-09T14:38:29+07:00,OK,212.5,5.043,1047.1,64.9,1071.6,0.977,50.01,23.81,1.12337,0.11119,0.00000,78.0,
2026-10-09T14:38:31+07:00,OK,212.6,4.993,1040.0,66.2,1061.5,0.979,50.01,23.81,1.12396,0.11123,0.00000,94.0,
2026-10-09T14:38:33+07:00,OK,212.5,5.058,1056.2,66.6,1074.8,0.982,50.0,23.81,1.12454,0.11127,0.00000,78.0,
2026-10-09T14:38:35+07:00,OK,212.3,5.112,1069.3,62.4,1085.3,0.985,50.01,23.81,1.12513,0.11130,0.00000,78.0,
2026-10-09T14:38:37+07:00,OK,212.2,4.955,1033.2,65.1,1051.5,0.982,50.03,23.81,1.12571,0.11134,0.00000,94.0,
2026-10-09T14:38:39+07:00,OK,212.1,5.048,1050.4,64.7,1070.7,0.981,50.02,23.81,1.12629,0.11138,0.00000,93.0,
2026-10-09T14:38:41+07:00,OK,212.2,4.994,1041.9,65.4,1059.7,0.983,50.01,23.81,1.12687,0.11141,0.00000,93.0,
2026-10-09T14:38:43+07:00,OK,212.1,5.004,1043.2,65.6,1061.3,0.982,49.99,23.81,1.12745,0.11145,0.00000,78.0,
2026-10-09T14:38:45+07:00,OK,212.2,4.975,1037.7,67.2,1055.7,0.983,49.99,23.81,1.12803,0.11148,0.00000,78.0,
2026-10-09T14:38:47+07:00,OK,212.2,5.091,1058.0,66.4,1080.3,0.979,49.99,23.81,1.12861,0.11152,0.00000,94.0,
2026-10-09T14:38:49+07:00,OK,212.3,5.042,1050.8,66.4,1070.4,0.981,49.95,23.81,1.12919,0.11156,0.00000,93.0,
2026-10-09T14:38:51+07:00,OK,212.2,5.024,1049.7,63.6,1066.1,0.984,49.99,23.81,1.12978,0.11159,0.00000,93.0,
2026-10-09T14:38:53+07:00,OK,212.4,4.977,1037.7,68.1,1057.1,0.981,49.98,23.81,1.13036,0.11163,0.00000,109.0,
2026-10-09T14:38:55+07:00,OK,212.4,4.998,1042.3,66.8,1061.6,0.981,49.97,23.81,1.13094,0.11167,0.00000,109.0,
2026-10-09T14:38:57+07:00,OK,212.1,5.009,1043.5,66.3,1062.4,0.982,49.96,23.81,1.13152,0.11171,0.00000,93.0,
2026-10-09T14:38:59+07:00,OK,212.1,4.984,1040.9,66.6,1057.1,0.984,49.99,23.81,1.13210,0.11174,0.00000,78.0,
2026-10-09T14:39:01+07:00,OK,212.2,4.984,1040.2,67.2,1057.6,0.983,49.97,23.81,1.13268,0.11178,0.00000,78.0,
2026-10-09T14:39:03+07:00,OK,212.2,5.03,1046.1,67.5,1067.4,0.98,49.95,23.82,1.13325,0.11182,0.00000,93.0,
2026-10-09T14:39:05+07:00,OK,212.3,4.977,1035.8,69.2,1056.6,0.98,49.96,23.82,1.13383,0.11186,0.00000,109.0,
2026-10-09T14:39:07+07:00,OK,212.4,4.969,1035.7,67.8,1055.4,0.981,49.95,23.82,1.13441,0.11189,0.00000,110.0,
2026-10-09T14:39:09+07:00,OK,212.2,4.995,1041.1,66.9,1059.9,0.982,49.97,23.82,1.13499,0.11193,0.00000,78.0,
2026-10-09T14:39:11+07:00,OK,212.1,4.984,1038.0,68.0,1057.1,0.981,49.97,23.82,1.13556,0.11197,0.00000,78.0,
2026-10-09T14:39:13+07:00,OK,211.9,4.984,1037.7,67.0,1056.1,0.982,49.96,23.82,1.13614,0.11201,0.00000,94.0,
2026-10-09T14:39:15+07:00,OK,212.1,4.972,1036.3,66.2,1054.6,0.982,49.94,23.82,1.13671,0.11204,0.00000,93.0,
2026-10-09T14:39:17+07:00,OK,212.3,5.065,1052.8,67.5,1075.3,0.979,49.96,23.82,1.13729,0.11208,0.00000,93.0,
2026-10-09T14:39:19+07:00,OK,212.3,4.985,1039.5,66.8,1058.3,0.982,49.98,23.82,1.13787,0.11212,0.00000,93.0,
2026-10-09T14:39:21+07:00,OK,211.4,4.989,1036.0,66.4,1054.7,0.982,49.96,23.82,1.13845,0.11215,0.00000,93.0,
2026-10-09T14:39:23+07:00,OK,212.0,4.957,1031.9,66.7,1050.9,0.982,49.96,23.82,1.13903,0.11219,0.00000,78.0,
2026-10-09T14:39:25+07:00,OK,211.9,4.993,1041.0,65.3,1058.0,0.983,49.95,23.82,1.13961,0.11223,0.00000,78.0,
2026-10-09T14:39:27+07:00,OK,212.1,4.989,1039.3,66.8,1058.2,0.982,49.97,23.82,1.14018,0.11226,0.00000,78.0,
2026-10-09T14:39:29+07:00,OK,212.3,5.009,1044.1,66.3,1063.4,0.981,49.95,23.82,1.14076,0.11230,0.00000,93.0,
2026-10-09T14:39:31+07:00,OK,212.3,4.97,1035.7,67.8,1055.1,0.981,49.95,23.82,1.14134,0.11234,0.00000,94.0,
2026-10-09T14:39:33+07:00,OK,212.2,5.065,1055.0,64.1,1074.8,0.981,49.95,23.82,1.14192,0.11238,0.00000,78.0,
2026-10-09T14:39:35+07:00,OK,211.9,5.026,1044.3,65.5,1065.0,0.98,49.95,23.82,1.14250,0.11241,0.00000,78.0,
2026-10-09T14:39:37+07:00,OK,211.9,5.063,1053.7,65.1,1072.8,0.982,49.92,23.83,1.14309,0.11245,0.00000,78.0,
2026-10-09T14:39:39+07:00,OK,211.8,5.075,1058.4,64.4,1074.9,0.984,49.95,23.83,1.14367,0.11248,0.00000,78.0,
2026-10-09T14:39:41+07:00,OK,212.1,5.029,1046.1,66.7,1066.7,0.98,49.94,23.83,1.14426,0.11252,0.00000,78.0,
2026-10-09T14:39:43+07:00,OK,212.1,5.013,1044.6,65.9,1063.3,0.982,49.95,23.83,1.14484,0.11256,0.00000,78.0,
2026-10-09T14:39:45+07:00,OK,212.4,4.981,1040.3,67.9,1058.0,0.983,49.96,23.83,1.14541,0.11259,0.00000,93.0,
2026-10-09T14:39:47+07:00,OK,212.2,5.073,1057.1,65.8,1076.5,0.982,49.98,23.83,1.14600,0.11263,0.00000,93.0,
2026-10-09T14:39:49+07:00,OK,212.2,5.052,1051.0,66.6,1072.0,0.98,49.95,23.83,1.14658,0.11267,0.00000,93.0,
2026-10-09T14:39:51+07:00,OK,212.2,5.033,1049.5,66.7,1068.0,0.982,49.98,23.83,1.14716,0.11270,0.00000,93.0,
2026-10-09T14:39:53+07:00,OK,212.1,4.994,1040.6,66.4,1059.2,0.982,49.98,23.83,1.14775,0.11274,0.00000,78.0,
2026-10-09T14:39:55+07:00,OK,211.8,5.001,1041.2,65.3,1059.2,0.983,49.95,23.83,1.14833,0.11278,0.00000,94.0,
2026-10-09T14:39:57+07:00,OK,211.8,5.004,1040.7,65.7,1059.8,0.981,49.96,23.83,1.14890,0.11281,0.00000,93.0,
2026-10-09T14:39:59+07:00,OK,212.0,5.009,1041.0,67.0,1061.9,0.98,49.98,23.83,1.14948,0.11285,0.00000,94.0,
2026-10-09T14:40:01+07:00,OK,212.2,4.986,1037.9,67.7,1058.0,0.981,50.01,23.83,1.15006,0.11289,0.00000,93.0,
2026-10-09T14:40:03+07:00,OK,212.1,4.968,1035.1,67.5,1053.7,0.982,49.97,23.83,1.15064,0.11293,0.00000,78.0,
2026-10-09T14:40:05+07:00,OK,212.2,4.965,1035.9,66.9,1053.6,0.983,49.98,23.83,1.15121,0.11296,0.00000,94.0,
2026-10-09T14:40:07+07:00,OK,211.7,5.71,1192.3,66.0,1208.8,0.986,49.98,23.83,1.15183,0.11300,0.00000,78.0,
2026-10-09T14:40:09+07:00,OK,211.7,5.742,1198.0,64.7,1215.6,0.985,50.0,23.83,1.15249,0.11304,0.00000,78.0,
2026-10-09T14:40:11+07:00,OK,211.6,5.746,1197.6,63.5,1215.9,0.985,49.98,23.84,1.15316,0.11307,0.00000,78.0,
2026-10-09T14:40:13+07:00,OK,211.7,5.735,1196.5,62.9,1214.1,0.985,50.01,23.84,1.15382,0.11311,0.00000,93.0,
2026-10-09T14:40:15+07:00,OK,211.8,5.736,1197.2,65.3,1214.9,0.985,49.97,23.84,1.15449,0.11314,0.00000,93.0,
2026-10-09T14:40:17+07:00,OK,211.2,8.084,1697.1,105.1,1707.3,0.994,49.99,23.84,1.15530,0.11319,0.00000,78.0,
2026-10-09T14:40:19+07:00,OK,211.0,8.135,1702.3,77.5,1716.5,0.991,50.0,23.84,1.15624,0.11324,0.00000,94.0,
2026-10-09T14:40:21+07:00,OK,211.0,8.063,1689.4,77.7,1701.3,0.993,50.02,23.84,1.15718,0.11328,0.00000,109.0,
2026-10-09T14:40:23+07:00,OK,211.1,8.072,1691.3,76.9,1704.0,0.992,49.99,23.84,1.15811,0.11333,0.00000,93.0,
2026-10-09T14:40:25+07:00,OK,211.1,8.069,1693.1,75.0,1703.4,0.994,50.0,23.84,1.15905,0.11337,0.00000,93.0,
2026-10-09T14:40:27+07:00,OK,211.2,8.005,1677.9,78.4,1690.7,0.992,49.98,23.84,1.16000,0.11341,0.00000,94.0,
2026-10-09T14:40:29+07:00,OK,211.2,8.058,1691.9,76.0,1701.8,0.994,50.01,23.84,1.16093,0.11346,0.00000,93.0,
2026-10-09T14:40:31+07:00,OK,211.1,8.044,1685.7,75.6,1698.1,0.992,50.0,23.84,1.16187,0.11350,0.00000,109.0,
2026-10-09T14:40:33+07:00,OK,211.1,8.044,1686.8,74.6,1698.1,0.993,49.99,23.85,1.16281,0.11354,0.00000,110.0,
2026-10-09T14:40:35+07:00,OK,211.2,8.04,1685.4,75.9,1698.0,0.992,50.0,23.85,1.16374,0.11358,0.00000,78.0,
2026-10-09T14:40:37+07:00,OK,211.3,8.043,1686.6,79.1,1699.5,0.992,50.01,23.85,1.16468,0.11362,0.00000,94.0,
2026-10-09T14:40:39+07:00,OK,211.2,8.028,1683.5,78.8,1695.5,0.992,50.01,23.85,1.16561,0.11367,0.00000,78.0,
2026-10-09T14:40:41+07:00,OK,211.0,8.154,1708.3,76.0,1720.5,0.992,50.02,23.85,1.16656,0.11371,0.00000,78.0,
2026-10-09T14:40:43+07:00,OK,211.0,8.045,1686.8,76.1,1697.5,0.993,50.03,23.85,1.16750,0.11375,0.00000,78.0,
2026-10-09T14:40:45+07:00,OK,211.1,8.06,1688.6,75.6,1701.5,0.992,50.03,23.85,1.16844,0.11380,0.00000,94.0,
2026-10-09T14:40:47+07:00,OK,211.5,8.06,1693.2,77.7,1704.7,0.993,50.0,23.85,1.16938,0.11384,0.00000,78.0,
2026-10-09T14:40:49+07:00,OK,211.5,8.066,1693.6,78.0,1706.0,0.992,50.04,23.85,1.17032,0.11388,0.00000,94.0,
2026-10-09T14:40:51+07:00,OK,211.4,8.086,1697.4,76.4,1709.4,0.993,50.03,23.85,1.17126,0.11392,0.00000,78.0,
2026-10-09T14:40:53+07:00,OK,211.1,8.09,1694.1,76.6,1707.8,0.992,50.03,23.85,1.17221,0.11397,0.00000,78.0,
2026-10-09T14:40:55+07:00,OK,211.0,8.027,1681.2,76.3,1693.7,0.992,50.04,23.86,1.17314,0.11401,0.00000,78.0,
2026-10-09T14:40:57+07:00,OK,211.0,8.049,1686.5,75.8,1698.3,0.993,50.02,23.86,1.17408,0.11405,0.00000,78.0,
2026-10-09T14:40:59+07:00,OK,211.2,7.358,1542.9,75.1,1554.0,0.992,50.02,23.86,1.17498,0.11409,0.00000,78.0,
2026-10-09T14:41:01+07:00,OK,211.6,7.32,1537.2,77.5,1548.9,0.992,50.03,23.86,1.17583,0.11414,0.00000,94.0,
2026-10-09T14:41:03+07:00,OK,211.6,7.309,1533.6,78.0,1546.6,0.991,50.03,23.86,1.17668,0.11418,0.00000,93.0,
2026-10-09T14:41:05+07:00,OK,211.3,7.403,1550.1,76.7,1564.3,0.99,50.02,23.86,1.17754,0.11422,0.00000,94.0,
2026-10-09T14:41:07+07:00,OK,211.2,7.306,1530.5,78.2,1543.0,0.991,50.02,23.86,1.17839,0.11426,0.00000,93.0,
2026-10-09T14:41:09+07:00,OK,212.1,5.061,1053.1,65.7,1073.4,0.981,50.03,23.86,1.17911,0.11430,0.00000,78.0,
2026-10-09T14:41:11+07:00,OK,212.1,5.014,1047.5,64.2,1063.5,0.985,50.01,23.86,1.17970,0.11434,0.00000,78.0,
2026-10-09T14:41:13+07:00,OK,212.3,5.021,1048.6,62.9,1066.0,0.983,50.0,23.86,1.18028,0.11438,0.00000,78.0,
2026-10-09T14:41:15+07:00,OK,212.2,4.993,1040.0,64.0,1059.5,0.981,50.02,23.86,1.18086,0.11441,0.00000,93.0,
2026-10-09T14:41:17+07:00,OK,212.1,5.036,1047.9,62.7,1068.1,0.981,50.01,23.86,1.18144,0.11445,0.00000,78.0,
2026-10-09T14:41:19+07:00,OK,212.2,5.023,1046.2,65.3,1065.9,0.981,50.02,23.86,1.18202,0.11448,0.00000,93.0,
2026-10-09T14:41:21+07:00,OK,212.0,4.966,1035.1,65.6,1052.8,0.983,50.02,23.86,1.18259,0.11452,0.00000,93.0,
2026-10-09T14:41:23+07:00,OK,212.1,4.963,1035.6,65.5,1052.7,0.983,50.01,23.87,1.18317,0.11456,0.00000,94.0,
2026-10-09T14:41:25+07:00,OK,212.1,5.009,1045.4,63.5,1062.4,0.983,50.02,23.87,1.18375,0.11459,0.00000,93.0,
2026-10-09T14:41:27+07:00,OK,212.0,5.149,1074.8,61.7,1091.6,0.984,50.01,23.87,1.18434,0.11463,0.00000,93.0,
2026-10-09T14:41:29+07:00,OK,211.8,5.19,1082.4,62.0,1099.2,0.984,50.0,23.87,1.18494,0.11466,0.00000,93.0,
2026-10-09T14:41:31+07:00,OK,211.9,5.162,1078.2,61.5,1093.8,0.985,50.02,23.87,1.18554,0.11469,0.00000,93.0,
2026-10-09T14:41:33+07:00,OK,212.1,4.997,1041.3,65.1,1059.9,0.982,49.99,23.87,1.18613,0.11473,0.00000,78.0,
2026-10-09T14:41:35+07:00,OK,212.4,5.014,1047.1,65.8,1065.0,0.983,49.99,23.87,1.18671,0.11477,0.00000,94.0,
2026-10-09T14:41:37+07:00,OK,212.3,5.024,1045.7,65.5,1066.6,0.98,50.0,23.87,1.18729,0.11480,0.00000,93.0,
2026-10-09T14:41:39+07:00,OK,212.2,5.021,1045.7,65.5,1065.5,0.981,49.99,23.87,1.18787,0.11484,0.00000,78.0,
2026-10-09T14:41:41+07:00,OK,212.1,5.032,1047.3,63.5,1067.3,0.981,49.98,23.87,1.18845,0.11487,0.00000,93.0,
2026-10-09T14:41:43+07:00,OK,211.9,5.054,1052.4,65.0,1070.9,0.982,49.99,23.87,1.18904,0.11491,0.00000,78.0,
2026-10-09T14:41:45+07:00,OK,212.0,5.031,1047.3,66.3,1066.6,0.981,49.96,23.87,1.18962,0.11495,0.00000,78.0,
2026-10-09T14:41:47+07:00,OK,212.3,5.106,1066.4,65.5,1084.0,0.983,49.96,23.87,1.19021,0.11498,0.00000,94.0,
2026-10-09T14:41:49+07:00,OK,212.4,5.057,1052.6,66.3,1074.1,0.979,49.98,23.87,1.19079,0.11502,0.00000,109.0,
2026-10-09T14:41:51+07:00,OK,212.0,5.042,1049.5,66.0,1068.9,0.981,49.98,23.87,1.19138,0.11506,0.00000,110.0,
2026-10-09T14:41:53+07:00,OK,212.1,5.0,1041.0,65.6,1060.5,0.981,49.98,23.87,1.19196,0.11509,0.00000,94.0,
2026-10-09T14:41:55+07:00,OK,211.9,5.019,1043.8,66.0,1063.5,0.981,49.95,23.87,1.19254,0.11513,0.00000,93.0,
2026-10-09T14:41:57+07:00,OK,212.2,5.017,1045.4,65.9,1064.6,0.981,49.98,23.88,1.19312,0.11517,0.00000,94.0,
2026-10-09T14:41:59+07:00,OK,212.3,5.004,1042.8,66.2,1062.3,0.981,49.97,23.88,1.19370,0.11520,0.00000,109.0,
2026-10-09T14:42:01+07:00,OK,212.3,5.011,1043.7,64.1,1063.8,0.981,49.97,23.88,1.19428,0.11524,0.00000,110.0,
2026-10-09T14:42:03+07:00,OK,212.1,5.01,1042.8,63.9,1062.6,0.981,49.98,23.88,1.19485,0.11527,0.00000,93.0,
2026-10-09T14:42:05+07:00,OK,212.1,4.99,1038.9,65.2,1058.4,0.981,49.96,23.88,1.19544,0.11531,0.00000,78.0,
2026-10-09T14:42:07+07:00,OK,211.9,4.979,1037.5,65.5,1055.1,0.983,49.97,23.88,1.19601,0.11535,0.00000,93.0,
2026-10-09T14:42:09+07:00,OK,212.3,5.004,1045.5,64.1,1062.3,0.984,49.96,23.88,1.19659,0.11538,0.00000,94.0,
2026-10-09T14:42:11+07:00,OK,212.4,5.048,1050.9,65.6,1072.2,0.98,49.96,23.88,1.19717,0.11542,0.00000,78.0,
2026-10-09T14:42:13+07:00,OK,212.4,4.993,1039.7,66.1,1060.5,0.98,49.97,23.88,1.19776,0.11546,0.00000,94.0,
2026-10-09T14:42:15+07:00,OK,210.6,9.496,1931.8,136.5,1999.9,0.965,49.98,23.88,1.19857,0.11551,0.00000,93.0,
2026-10-09T14:42:17+07:00,OK,212.1,5.305,1102.1,128.6,1125.2,0.979,49.97,23.88,1.19942,0.11559,0.00000,93.0,
2026-10-09T14:42:19+07:00,OK,212.2,5.32,1105.2,127.3,1128.9,0.979,50.0,23.88,1.20003,0.11566,0.00000,93.0,
2026-10-09T14:42:21+07:00,OK,211.9,5.311,1103.5,125.3,1125.4,0.98,50.0,23.88,1.20065,0.11573,0.00000,94.0,
2026-10-09T14:42:23+07:00,OK,212.0,5.344,1109.9,124.6,1132.9,0.979,50.0,23.88,1.20126,0.11580,0.00000,78.0,
2026-10-09T14:42:25+07:00,OK,211.8,5.311,1102.1,123.9,1124.9,0.979,50.01,23.88,1.20188,0.11587,0.00000,78.0,
2026-10-09T14:42:27+07:00,OK,211.8,5.309,1103.7,124.2,1124.4,0.981,50.01,23.88,1.20249,0.11593,0.00000,94.0,
2026-10-09T14:42:29+07:00,OK,212.0,5.341,1111.0,124.7,1132.3,0.981,49.99,23.89,1.20310,0.11600,0.00000,93.0,
2026-10-09T14:42:31+07:00,OK,212.2,5.308,1102.9,125.9,1126.4,0.979,50.0,23.89,1.20372,0.11607,0.00000,78.0,
2026-10-09T14:42:33+07:00,OK,212.3,5.305,1102.3,128.1,1126.3,0.978,50.02,23.89,1.20433,0.11614,0.00000,78.0,
2026-10-09T14:42:35+07:00,OK,212.3,5.363,1117.0,125.0,1138.6,0.981,50.01,23.89,1.20495,0.11621,0.00000,78.0,
2026-10-09T14:42:37+07:00,OK,211.9,5.342,1106.4,124.3,1132.0,0.977,50.02,23.89,1.20557,0.11628,0.00000,78.0,
2026-10-09T14:42:39+07:00,OK,212.1,5.353,1109.5,126.1,1135.4,0.977,50.02,23.89,1.20618,0.11635,0.00000,94.0,
2026-10-09T14:42:41+07:00,OK,212.1,5.323,1105.1,125.2,1129.0,0.978,50.01,23.89,1.20679,0.11642,0.00000,93.0,
2026-10-09T14:42:43+07:00,OK,212.1,5.286,1098.8,125.6,1121.2,0.98,50.01,23.89,1.20741,0.11649,0.00000,93.0,
2026-10-09T14:42:45+07:00,OK,212.2,5.284,1097.7,127.0,1121.3,0.979,50.04,23.89,1.20802,0.11656,0.00000,78.0,
2026-10-09T14:42:47+07:00,OK,210.2,11.205,2213.8,322.7,2355.3,0.939,50.03,23.89,1.20894,0.11669,0.00000,78.0,
2026-10-09T14:42:49+07:00,OK,212.3,5.325,1107.4,132.5,1130.5,0.979,50.03,23.89,1.20986,0.11681,0.00000,78.0,
2026-10-09T14:42:51+07:00,OK,211.2,8.06,1641.5,248.8,1702.3,0.964,50.03,23.89,1.21063,0.11692,0.00000,94.0,
2026-10-09T14:42:53+07:00,OK,212.2,5.257,1093.9,131.8,1115.5,0.98,50.05,23.89,1.21138,0.11702,0.00000,93.0,
2026-10-09T14:42:55+07:00,OK,212.2,5.421,1129.0,125.3,1150.3,0.981,50.03,23.89,1.21200,0.11710,0.00000,93.0,
2026-10-09T14:42:57+07:00,OK,212.3,5.266,1094.1,126.2,1118.0,0.978,50.0,23.89,1.21262,0.11717,0.00000,78.0,
2026-10-09T14:42:59+07:00,OK,212.1,5.247,1089.5,126.0,1112.9,0.979,50.03,23.89,1.21323,0.11724,0.00000,78.0,
2026-10-09T14:43:01+07:00,OK,212.1,5.265,1091.8,125.6,1116.7,0.977,50.02,23.9,1.21383,0.11731,0.00000,78.0,
2026-10-09T14:43:03+07:00,OK,212.2,5.287,1099.0,125.2,1121.9,0.979,50.03,23.9,1.21444,0.11738,0.00000,93.0,
2026-10-09T14:43:05+07:00,OK,212.4,5.27,1096.1,127.0,1119.3,0.979,50.02,23.9,1.21505,0.11745,0.00000,78.0,
2026-10-09T14:43:07+07:00,OK,212.2,5.365,1113.7,125.5,1138.5,0.978,50.03,23.9,1.21566,0.11752,0.00000,78.0,
2026-10-09T14:43:09+07:00,OK,212.4,5.255,1093.3,126.8,1116.2,0.979,50.03,23.9,1.21628,0.11759,0.00000,94.0,
2026-10-09T14:43:11+07:00,OK,212.3,5.265,1093.7,127.0,1117.8,0.978,50.02,23.9,1.21688,0.11766,0.00000,93.0,
2026-10-09T14:43:13+07:00,OK,212.5,5.262,1093.1,127.6,1118.2,0.977,50.02,23.9,1.21749,0.11773,0.00000,94.0,
2026-10-09T14:43:15+07:00,OK,212.1,5.27,1093.5,127.3,1117.8,0.978,50.02,23.9,1.21810,0.11780,0.00000,109.0,
2026-10-09T14:43:17+07:00,OK,212.1,5.249,1090.8,126.8,1113.3,0.979,50.02,23.9,1.21871,0.11787,0.00000,110.0,
2026-10-09T14:43:19+07:00,OK,212.3,5.233,1089.9,127.2,1111.0,0.981,50.02,23.9,1.21931,0.11794,0.00000,94.0,
2026-10-09T14:43:21+07:00,OK,212.4,5.318,1104.8,127.0,1129.5,0.978,50.03,23.9,1.21992,0.11801,0.00000,78.0,
2026-10-09T14:43:23+07:00,OK,212.3,5.41,1124.3,125.9,1148.5,0.978,50.02,23.9,1.22054,0.11808,0.00000,94.0,
2026-10-09T14:43:25+07:00,OK,212.3,5.29,1101.5,125.5,1123.1,0.98,50.02,23.9,1.22116,0.11815,0.00000,94.0,
2026-10-09T14:43:27+07:00,OK,212.2,5.36,1113.4,125.5,1137.4,0.978,50.02,23.9,1.22177,0.11822,0.00000,125.0,
2026-10-09T14:43:29+07:00,OK,212.0,5.294,1097.7,126.4,1122.3,0.978,50.0,23.9,1.22238,0.11829,0.00000,78.0,
2026-10-09T14:43:31+07:00,OK,212.1,5.276,1095.5,126.8,1119.0,0.978,50.01,23.9,1.22300,0.11836,0.00000,78.0,
2026-10-09T14:43:33+07:00,OK,212.1,5.278,1096.8,127.1,1119.5,0.979,50.0,23.91,1.22361,0.11843,0.00000,94.0,
2026-10-09T14:43:35+07:00,OK,212.2,5.304,1102.3,127.5,1125.5,0.979,50.01,23.91,1.22421,0.11850,0.00000,93.0,
2026-10-09T14:43:37+07:00,OK,211.9,5.283,1095.1,126.7,1119.5,0.978,50.0,23.91,1.22482,0.11857,0.00000,93.0,
2026-10-09T14:43:39+07:00,OK,212.1,5.313,1102.5,126.1,1126.9,0.978,50.0,23.91,1.22543,0.11864,0.00000,93.0,
2026-10-09T14:43:41+07:00,OK,211.8,5.301,1101.0,124.4,1122.8,0.98,50.0,23.91,1.22605,0.11871,0.00000,78.0,
2026-10-09T14:43:43+07:00,OK,212.4,5.295,1100.4,128.3,1124.7,0.978,50.0,23.91,1.22666,0.11878,0.00000,94.0,
2026-10-09T14:43:45+07:00,OK,212.4,5.284,1098.6,127.2,1122.3,0.978,49.99,23.91,1.22727,0.11885,0.00000,93.0,
2026-10-09T14:43:47+07:00,OK,212.2,5.282,1096.0,127.3,1120.8,0.977,50.01,23.91,1.22788,0.11892,0.00000,93.0,
2026-10-09T14:43:49+07:00,OK,212.1,5.341,1105.9,127.8,1132.8,0.976,50.01,23.91,1.22849,0.11899,0.00000,93.0,
2026-10-09T14:43:51+07:00,OK,212.1,5.363,1110.6,128.0,1137.5,0.976,50.01,23.91,1.22911,0.11907,0.00000,93.0,
2026-10-09T14:43:53+07:00,OK,212.1,5.305,1103.2,127.6,1125.2,0.98,50.0,23.91,1.22973,0.11914,0.00000,78.0,
2026-10-09T14:43:55+07:00,OK,211.9,5.294,1098.3,126.7,1121.8,0.979,50.02,23.91,1.23034,0.11921,0.00000,78.0,
2026-10-09T14:43:57+07:00,OK,212.0,5.285,1098.6,126.0,1120.4,0.98,50.02,23.91,1.23095,0.11928,0.00000,78.0,
2026-10-09T14:43:59+07:00,OK,210.4,10.828,2010.5,234.9,2278.2,0.882,50.01,23.91,1.23181,0.11938,0.00000,94.0,
2026-10-09T14:44:01+07:00,OK,211.0,7.676,1604.0,148.5,1619.6,0.99,50.0,23.91,1.23281,0.11948,0.00000,78.0,
2026-10-09T14:44:03+07:00,OK,211.2,7.619,1593.5,139.9,1609.1,0.99,50.0,23.92,1.23370,0.11956,0.00000,172.0,
2026-10-09T14:44:05+07:00,OK,211.4,7.649,1591.3,141.4,1617.0,0.984,49.98,23.92,1.23458,0.11964,0.00000,93.0,
2026-10-09T14:44:07+07:00,OK,211.8,5.318,1100.8,132.2,1126.4,0.977,49.99,23.92,1.23533,0.11972,0.00000,78.0,
2026-10-09T14:44:09+07:00,OK,211.9,5.303,1099.9,127.9,1123.7,0.978,49.99,23.92,1.23594,0.11979,0.00000,94.0,
2026-10-09T14:44:11+07:00,OK,211.8,5.325,1104.8,127.5,1127.8,0.979,49.98,23.92,1.23656,0.11986,0.00000,94.0,
2026-10-09T14:44:13+07:00,OK,211.8,5.329,1103.9,127.7,1128.7,0.978,49.98,23.92,1.23717,0.11993,0.00000,78.0,
2026-10-09T14:44:15+07:00,OK,212.1,5.326,1104.3,128.2,1129.6,0.977,49.98,23.92,1.23778,0.12000,0.00000,94.0,
2026-10-09T14:44:17+07:00,OK,212.0,5.311,1101.6,127.1,1125.9,0.978,49.99,23.92,1.23839,0.12007,0.00000,93.0,
2026-10-09T14:44:19+07:00,OK,211.9,5.327,1105.9,125.9,1128.8,0.979,49.98,23.92,1.23901,0.12014,0.00000,94.0,
2026-10-09T14:44:21+07:00,OK,211.9,5.306,1101.5,126.9,1124.3,0.979,49.98,23.92,1.23962,0.12021,0.00000,93.0,
2026-10-09T14:44:23+07:00,OK,212.1,5.306,1100.4,128.8,1125.4,0.977,49.96,23.92,1.24023,0.12029,0.00000,93.0,
2026-10-09T14:44:25+07:00,OK,212.0,5.284,1096.1,129.0,1120.2,0.978,49.98,23.92,1.24084,0.12036,0.00000,94.0,
2026-10-09T14:44:27+07:00,OK,211.9,5.311,1100.7,128.4,1125.4,0.978,49.98,23.92,1.24145,0.12043,0.00000,78.0,
2026-10-09T14:44:29+07:00,OK,211.8,5.283,1096.7,128.2,1118.9,0.98,49.97,23.92,1.24206,0.12050,0.00000,78.0,
2026-10-09T14:44:31+07:00,OK,211.5,5.379,1115.6,126.4,1137.7,0.98,49.96,23.92,1.24268,0.12057,0.00000,78.0,
2026-10-09T14:44:33+07:00,OK,211.5,5.37,1114.3,124.6,1135.8,0.981,49.95,23.92,1.24330,0.12064,0.00000,94.0,
2026-10-09T14:44:35+07:00,OK,211.5,5.361,1110.9,126.0,1133.9,0.979,49.97,23.93,1.24391,0.12071,0.00000,93.0,
2026-10-09T14:44:37+07:00,OK,211.5,5.322,1102.8,126.8,1125.6,0.979,49.96,23.93,1.24453,0.12078,0.00000,78.0,
2026-10-09T14:44:39+07:00,OK,211.6,5.418,1114.0,124.6,1146.4,0.971,49.98,23.93,1.24515,0.12085,0.00000,94.0,
2026-10-09T14:44:41+07:00,OK,211.5,5.335,1105.0,126.0,1128.4,0.979,49.96,23.93,1.24576,0.12092,0.00000,125.0,
2026-10-09T14:44:43+07:00,OK,211.6,5.305,1102.0,125.7,1122.5,0.981,49.97,23.93,1.24637,0.12099,0.00000,93.0,
2026-10-09T14:44:45+07:00,OK,211.6,5.314,1100.0,127.5,1124.4,0.978,49.98,23.93,1.24698,0.12106,0.00000,93.0,
2026-10-09T14:44:47+07:00,OK,211.7,5.344,1106.6,126.4,1131.3,0.978,50.0,23.93,1.24760,0.12113,0.00000,78.0,
2026-10-09T14:44:49+07:00,OK,211.5,5.319,1104.3,124.1,1125.0,0.981,49.99,23.93,1.24822,0.12120,0.00000,78.0,
2026-10-09T14:44:51+07:00,OK,211.6,5.318,1101.4,127.0,1125.3,0.978,49.98,23.93,1.24883,0.12127,0.00000,94.0,
2026-10-09T14:44:53+07:00,OK,211.7,5.33,1102.8,126.8,1128.4,0.977,50.0,23.93,1.24944,0.12134,0.00000,110.0,
2026-10-09T14:44:55+07:00,OK,211.8,5.356,1108.4,126.2,1134.4,0.977,50.02,23.93,1.25005,0.12141,0.00000,78.0,
2026-10-09T14:44:57+07:00,OK,211.9,5.333,1106.3,126.5,1130.1,0.979,50.01,23.93,1.25067,0.12148,0.00000,93.0,
2026-10-09T14:44:59+07:00,OK,211.8,5.347,1108.2,126.4,1132.5,0.978,50.01,23.93,1.25129,0.12155,0.00000,78.0,
2026-10-09T14:45:01+07:00,OK,211.5,5.352,1105.8,125.7,1131.9,0.976,50.02,23.93,1.25190,0.12162,0.00000,94.0,
2026-10-09T14:45:03+07:00,OK,211.4,5.326,1101.1,125.4,1125.9,0.977,50.03,23.93,1.25251,0.12169,0.00000,78.0,
2026-10-09T14:45:05+07:00,OK,211.4,5.349,1105.8,124.8,1130.8,0.977,50.02,23.93,1.25312,0.12176,0.00000,93.0,
2026-10-09T14:45:07+07:00,OK,211.6,5.299,1098.1,125.3,1121.3,0.979,50.01,23.94,1.25374,0.12183,0.00000,78.0,
2026-10-09T14:45:09+07:00,OK,211.5,5.344,1106.5,124.4,1130.3,0.979,50.04,23.94,1.25436,0.12190,0.00000,78.0,
2026-10-09T14:45:11+07:00,OK,211.5,5.317,1101.8,123.5,1124.5,0.979,50.03,23.94,1.25496,0.12197,0.00000,93.0,
2026-10-09T14:45:13+07:00,OK,211.6,5.312,1099.4,125.3,1124.0,0.978,50.03,23.94,1.25558,0.12204,0.00000,78.0,
2026-10-09T14:45:15+07:00,OK,211.7,5.393,1119.7,123.2,1141.7,0.98,50.03,23.94,1.25619,0.12211,0.00000,94.0,
2026-10-09T14:45:17+07:00,OK,211.6,5.3,1097.8,125.3,1121.5,0.978,50.04,23.94,1.25681,0.12218,0.00000,78.0,
2026-10-09T14:45:19+07:00,OK,211.8,5.336,1106.8,124.2,1130.2,0.979,50.05,23.94,1.25742,0.12224,0.00000,78.0,
2026-10-09T14:45:21+07:00,OK,211.5,5.317,1101.2,123.4,1124.5,0.979,50.04,23.94,1.25803,0.12231,0.00000,78.0,
2026-10-09T14:45:23+07:00,OK,211.4,5.315,1100.3,123.5,1123.6,0.979,50.06,23.94,1.25865,0.12238,0.00000,94.0,
2026-10-09T14:45:25+07:00,OK,211.3,5.474,1132.2,121.7,1156.7,0.978,50.05,23.94,1.25926,0.12245,0.00000,93.0,
2026-10-09T14:45:27+07:00,OK,211.4,5.303,1097.6,123.5,1121.1,0.979,50.04,23.94,1.25988,0.12252,0.00000,93.0,
2026-10-09T14:45:29+07:00,OK,211.6,5.303,1097.9,124.8,1122.1,0.978,50.06,23.94,1.26049,0.12259,0.00000,93.0,
2026-10-09T14:45:31+07:00,OK,211.6,5.339,1104.8,123.9,1129.7,0.977,50.03,23.94,1.26111,0.12266,0.00000,78.0,
2026-10-09T14:45:33+07:00,OK,211.7,5.316,1101.2,123.3,1125.4,0.978,50.05,23.94,1.26172,0.12273,0.00000,94.0,
2026-10-09T14:45:35+07:00,OK,211.6,5.343,1106.1,123.7,1130.6,0.978,50.04,23.94,1.26233,0.12279,0.00000,78.0,
2026-10-09T14:45:37+07:00,OK,211.5,5.267,1091.2,125.2,1114.0,0.979,50.04,23.94,1.26294,0.12286,0.00000,78.0,
2026-10-09T14:45:39+07:00,OK,211.5,5.314,1099.5,123.6,1123.9,0.978,50.05,23.95,1.26355,0.12293,0.00000,125.0,
2026-10-09T14:45:41+07:00,OK,211.5,5.34,1106.1,123.4,1129.4,0.979,50.05,23.95,1.26416,0.12300,0.00000,78.0,
2026-10-09T14:45:43+07:00,OK,211.6,5.294,1097.0,125.1,1120.2,0.979,50.05,23.95,1.26478,0.12307,0.00000,94.0,
2026-10-09T14:45:45+07:00,OK,211.6,5.06,1050.4,73.9,1070.7,0.981,50.04,23.95,1.26537,0.12312,0.00000,78.0,
2026-10-09T14:45:47+07:00,OK,211.6,5.014,1043.1,63.8,1061.0,0.983,50.02,23.95,1.26595,0.12316,0.00000,93.0,
2026-10-09T14:45:49+07:00,OK,211.5,5.028,1043.8,63.4,1063.4,0.981,50.03,23.95,1.26653,0.12320,0.00000,94.0,
2026-10-09T14:45:51+07:00,OK,211.4,5.021,1044.1,63.2,1061.4,0.983,50.02,23.95,1.26711,0.12323,0.00000,93.0,
2026-10-09T14:45:53+07:00,OK,211.6,5.102,1062.5,61.7,1079.6,0.984,50.04,23.95,1.26770,0.12327,0.00000,78.0,
2026-10-09T14:45:55+07:00,OK,211.7,5.04,1047.1,64.2,1067.0,0.981,50.04,23.95,1.26829,0.12330,0.00000,78.0,
2026-10-09T14:45:57+07:00,OK,212.2,4.988,1038.6,65.3,1058.5,0.981,50.04,23.95,1.26886,0.12334,0.00000,78.0,
2026-10-09T14:45:59+07:00,OK,212.0,5.013,1044.8,62.2,1062.8,0.983,50.05,23.95,1.26944,0.12337,0.00000,94.0,
2026-10-09T14:46:01+07:00,OK,211.8,5.032,1046.9,62.5,1065.8,0.982,50.03,23.95,1.27002,0.12341,0.00000,93.0,
2026-10-09T14:46:03+07:00,OK,212.0,5.061,1055.3,62.9,1072.9,0.983,50.04,23.95,1.27060,0.12344,0.00000,93.0,
2026-10-09T14:46:05+07:00,OK,212.2,5.038,1049.3,63.4,1069.1,0.981,50.04,23.95,1.27119,0.12348,0.00000,93.0,
2026-10-09T14:46:07+07:00,OK,212.3,5.049,1052.4,63.9,1071.9,0.981,50.04,23.95,1.27178,0.12351,0.00000,94.0,
2026-10-09T14:46:09+07:00,OK,212.4,5.009,1042.6,65.0,1063.9,0.979,50.03,23.95,1.27236,0.12355,0.00000,110.0,
2026-10-09T14:46:11+07:00,OK,212.0,5.077,1054.6,63.3,1076.3,0.979,50.04,23.95,1.27294,0.12359,0.00000,93.0,
2026-10-09T14:46:13+07:00,OK,212.0,5.0,1039.1,64.5,1060.0,0.98,50.04,23.96,1.27352,0.12362,0.00000,93.0,
2026-10-09T14:46:15+07:00,OK,212.1,4.997,1040.7,63.6,1059.9,0.981,50.03,23.96,1.27410,0.12366,0.00000,93.0,
2026-10-09T14:46:17+07:00,OK,212.5,5.046,1054.8,63.8,1072.3,0.983,50.04,23.96,1.27468,0.12369,0.00000,94.0,
2026-10-09T14:46:19+07:00,OK,212.5,4.958,1035.5,65.5,1053.6,0.982,50.03,23.96,1.27526,0.12373,0.00000,110.0,
2026-10-09T14:46:21+07:00,OK,212.4,4.976,1039.3,64.6,1056.9,0.983,50.03,23.96,1.27584,0.12376,0.00000,78.0,
2026-10-09T14:46:23+07:00,OK,212.4,4.969,1036.0,65.1,1055.4,0.981,50.05,23.96,1.27642,0.12380,0.00000,94.0,
2026-10-09T14:46:25+07:00,OK,212.3,4.976,1037.7,63.5,1056.4,0.982,50.02,23.96,1.27699,0.12384,0.00000,93.0,
2026-10-09T14:46:27+07:00,OK,212.4,5.03,1049.5,63.5,1068.4,0.982,50.04,23.96,1.27757,0.12387,0.00000,78.0,
2026-10-09T14:46:29+07:00,OK,212.4,5.005,1043.4,63.8,1063.1,0.981,50.02,23.96,1.27815,0.12391,0.00000,93.0,
2026-10-09T14:46:31+07:00,OK,212.2,4.957,1034.4,65.5,1051.9,0.983,50.02,23.96,1.27873,0.12394,0.00000,78.0,
2026-10-09T14:46:33+07:00,OK,211.6,5.726,1194.0,63.7,1211.6,0.985,50.03,23.96,1.27935,0.12398,0.00000,78.0,
2026-10-09T14:46:35+07:00,OK,211.7,5.715,1190.5,63.5,1209.9,0.984,50.03,23.96,1.28001,0.12401,0.00000,94.0,
2026-10-09T14:46:37+07:00,OK,211.8,5.732,1196.1,62.8,1214.0,0.985,50.04,23.96,1.28067,0.12405,0.00000,93.0,
2026-10-09T14:46:39+07:00,OK,211.8,5.723,1195.3,63.5,1212.1,0.986,50.03,23.96,1.28133,0.12408,0.00000,93.0,
2026-10-09T14:46:41+07:00,OK,212.0,5.7,1192.0,63.2,1208.4,0.986,50.04,23.96,1.28200,0.12412,0.00000,94.0,
2026-10-09T14:46:43+07:00,OK,211.8,5.684,1188.4,64.2,1203.9,0.987,50.03,23.96,1.28266,0.12415,0.00000,93.0,
2026-10-09T14:46:45+07:00,OK,211.8,5.715,1191.1,64.4,1210.4,0.984,50.05,23.96,1.28332,0.12419,0.00000,78.0,
2026-10-09T14:46:47+07:00,OK,211.7,5.819,1216.4,60.5,1231.9,0.987,50.02,23.97,1.28399,0.12423,0.00000,94.0,
2026-10-09T14:46:49+07:00,OK,211.6,5.716,1191.3,63.1,1209.5,0.984,50.03,23.97,1.28466,0.12426,0.00000,93.0,
2026-10-09T14:46:51+07:00,OK,211.8,5.711,1193.9,62.5,1209.6,0.987,50.06,23.97,1.28532,0.12429,0.00000,93.0,
2026-10-09T14:46:53+07:00,OK,211.8,5.801,1213.4,61.4,1228.7,0.987,50.04,23.97,1.28599,0.12433,0.00000,93.0,
2026-10-09T14:46:55+07:00,OK,211.8,5.725,1197.2,61.5,1212.6,0.987,50.03,23.97,1.28666,0.12436,0.00000,78.0,
2026-10-09T14:46:57+07:00,OK,211.9,5.774,1206.2,61.1,1223.5,0.985,50.04,23.97,1.28733,0.12440,0.00000,93.0,
2026-10-09T14:46:59+07:00,OK,211.9,5.739,1195.9,63.1,1216.1,0.983,50.03,23.97,1.28800,0.12443,0.00000,78.0,
2026-10-09T14:47:01+07:00,OK,211.9,5.731,1199.1,61.4,1214.4,0.987,50.04,23.97,1.28866,0.12447,0.00000,78.0,
2026-10-09T14:47:03+07:00,OK,212.0,5.737,1196.6,62.7,1216.2,0.983,50.04,23.97,1.28933,0.12450,0.00000,78.0,
2026-10-09T14:47:05+07:00,OK,211.7,5.752,1200.7,59.5,1217.7,0.986,50.03,23.97,1.28999,0.12453,0.00000,94.0,
2026-10-09T14:47:07+07:00,OK,211.8,5.699,1190.0,62.4,1207.0,0.985,50.05,23.97,1.29065,0.12457,0.00000,93.0,
2026-10-09T14:47:09+07:00,OK,211.9,5.699,1190.4,63.6,1207.6,0.985,50.03,23.97,1.29131,0.12460,0.00000,78.0,
2026-10-09T14:47:11+07:00,OK,212.0,5.728,1200.0,62.4,1214.3,0.988,50.04,23.97,1.29198,0.12464,0.00000,94.0,
2026-10-09T14:47:13+07:00,OK,212.1,5.754,1204.7,60.9,1220.4,0.987,50.03,23.97,1.29265,0.12467,0.00000,93.0,
2026-10-09T14:47:15+07:00,OK,212.2,5.727,1199.3,62.8,1215.3,0.986,50.03,23.97,1.29331,0.12471,0.00000,78.0,
2026-10-09T14:47:17+07:00,OK,212.1,5.761,1204.6,61.8,1221.9,0.985,50.02,23.98,1.29399,0.12474,0.00000,94.0,
2026-10-09T14:47:19+07:00,OK,212.0,5.752,1200.6,62.7,1219.4,0.984,50.02,23.98,1.29465,0.12478,0.00000,78.0,
2026-10-09T14:47:21+07:00,OK,212.0,5.732,1198.1,64.0,1215.2,0.986,50.01,23.98,1.29532,0.12481,0.00000,78.0,
2026-10-09T14:47:23+07:00,OK,211.4,8.042,1688.3,94.5,1700.1,0.993,50.02,23.98,1.29612,0.12486,0.00000,78.0,
2026-10-09T14:47:25+07:00,OK,212.6,4.962,1037.2,67.7,1054.9,0.983,50.01,23.98,1.29688,0.12490,0.00000,94.0,
2026-10-09T14:47:27+07:00,OK,212.0,5.023,1045.8,63.9,1064.9,0.982,50.02,23.98,1.29745,0.12494,0.00000,93.0,
2026-10-09T14:47:29+07:00,OK,212.0,5.002,1041.2,63.1,1060.4,0.981,50.0,23.98,1.29803,0.12497,0.00000,93.0,
2026-10-09T14:47:31+07:00,OK,211.9,5.003,1040.2,63.6,1060.1,0.981,50.0,23.98,1.29862,0.12501,0.00000,78.0,
2026-10-09T14:47:33+07:00,OK,211.9,5.014,1041.3,63.5,1062.5,0.98,50.02,23.98,1.29919,0.12504,0.00000,94.0,
2026-10-09T14:47:35+07:00,OK,212.0,4.966,1034.0,63.9,1052.8,0.982,50.01,23.98,1.29977,0.12508,0.00000,109.0,
2026-10-09T14:47:37+07:00,OK,211.9,4.965,1034.5,63.4,1052.1,0.983,50.02,23.98,1.30035,0.12511,0.00000,110.0,
2026-10-09T14:47:39+07:00,OK,211.8,4.987,1038.7,61.6,1056.2,0.983,50.0,23.98,1.30092,0.12515,0.00000,93.0,
2026-10-09T14:47:41+07:00,OK,211.8,4.975,1035.2,62.9,1053.7,0.982,50.02,23.98,1.30149,0.12518,0.00000,93.0,
2026-10-09T14:47:43+07:00,OK,211.9,5.068,1054.5,62.6,1073.9,0.981,50.01,23.98,1.30207,0.12522,0.00000,93.0,
2026-10-09T14:47:45+07:00,OK,212.1,5.003,1042.5,64.1,1061.1,0.982,50.01,23.98,1.30266,0.12525,0.00000,94.0,
2026-10-09T14:47:47+07:00,OK,212.0,4.995,1040.9,62.7,1058.9,0.983,50.04,23.99,1.30323,0.12529,0.00000,140.0,
2026-10-09T14:47:49+07:00,OK,211.9,5.026,1046.0,61.8,1065.0,0.982,50.03,23.99,1.30381,0.12532,0.00000,93.0,
2026-10-09T14:47:51+07:00,OK,211.8,5.005,1039.2,63.1,1060.1,0.98,50.04,23.99,1.30440,0.12536,0.00000,94.0,
2026-10-09T14:47:53+07:00,OK,211.7,4.989,1035.5,61.6,1056.2,0.98,50.02,23.99,1.30497,0.12539,0.00000,78.0,
2026-10-09T14:47:55+07:00,OK,211.9,5.064,1052.2,60.2,1073.1,0.98,50.03,23.99,1.30555,0.12543,0.00000,78.0,
2026-10-09T14:47:57+07:00,OK,211.7,4.996,1039.1,62.0,1057.7,0.982,50.04,23.99,1.30613,0.12546,0.00000,78.0,
2026-10-09T14:47:59+07:00,OK,211.6,5.024,1045.5,61.8,1063.1,0.983,50.01,23.99,1.30671,0.12549,0.00000,93.0,
2026-10-09T14:48:01+07:00,OK,211.4,5.067,1044.4,61.5,1071.2,0.975,50.04,23.99,1.30729,0.12553,0.00000,94.0,
2026-10-09T14:48:03+07:00,OK,211.6,4.987,1037.6,63.5,1055.2,0.983,50.01,23.99,1.30787,0.12556,0.00000,93.0,
2026-10-09T14:48:05+07:00,OK,211.9,4.992,1037.8,63.6,1057.8,0.981,50.03,23.99,1.30845,0.12560,0.00000,78.0,
2026-10-09T14:48:07+07:00,OK,211.9,4.988,1036.9,63.6,1057.0,0.981,50.03,23.99,1.30903,0.12563,0.00000,78.0,
2026-10-09T14:48:09+07:00,OK,212.0,5.013,1042.2,64.2,1062.8,0.98,50.01,23.99,1.30960,0.12567,0.00000,94.0,
2026-10-09T14:48:11+07:00,OK,211.7,4.991,1036.6,63.8,1056.6,0.981,50.02,23.99,1.31018,0.12570,0.00000,78.0,
2026-10-09T14:48:13+07:00,OK,211.7,4.989,1036.9,63.8,1056.2,0.981,50.01,23.99,1.31076,0.12574,0.00000,94.0,
2026-10-09T14:48:15+07:00,OK,211.9,4.986,1037.5,63.4,1056.5,0.982,50.03,23.99,1.31133,0.12578,0.00000,78.0,
2026-10-09T14:48:17+07:00,OK,212.1,4.994,1040.1,63.9,1059.2,0.981,50.04,23.99,1.31191,0.12581,0.00000,94.0,
2026-10-09T14:48:19+07:00,OK,212.0,4.998,1040.8,63.5,1059.6,0.982,50.02,23.99,1.31248,0.12585,0.00000,78.0,
2026-10-09T14:48:21+07:00,OK,212.1,4.99,1040.6,63.0,1058.4,0.983,50.03,23.99,1.31307,0.12588,0.00000,78.0,
2026-10-09T14:48:23+07:00,OK,211.8,4.967,1033.4,63.4,1052.0,0.982,50.03,24.0,1.31364,0.12592,0.00000,94.0,
2026-10-09T14:48:25+07:00,OK,211.9,4.973,1035.8,62.3,1053.8,0.983,50.02,24.0,1.31422,0.12595,0.00000,94.0,
2026-10-09T14:48:27+07:00,OK,212.3,4.99,1040.8,63.8,1059.4,0.982,50.01,24.0,1.31479,0.12599,0.00000,78.0,
2026-10-09T14:48:29+07:00,OK,211.9,5.02,1046.2,62.2,1063.7,0.983,50.01,24.0,1.31537,0.12602,0.00000,94.0,
2026-10-09T14:48:31+07:00,OK,212.0,4.965,1034.9,63.8,1052.6,0.983,50.03,24.0,1.31595,0.12606,0.00000,93.0,
2026-10-09T14:48:33+07:00,OK,211.9,4.987,1040.0,61.9,1056.7,0.984,50.03,24.0,1.31652,0.12609,0.00000,93.0,
2026-10-09T14:48:35+07:00,OK,211.8,4.999,1041.1,60.7,1058.8,0.983,50.04,24.0,1.31711,0.12613,0.00000,94.0,
2026-10-09T14:48:37+07:00,OK,211.8,4.974,1033.2,62.2,1053.5,0.98,50.03,24.0,1.31768,0.12616,0.00000,93.0,
2026-10-09T14:48:39+07:00,OK,212.1,4.994,1040.1,63.3,1059.2,0.981,50.05,24.0,1.31825,0.12619,0.00000,93.0,
2026-10-09T14:48:41+07:00,OK,211.2,7.296,1519.8,151.9,1540.9,0.986,50.02,24.0,1.31897,0.12625,0.00000,78.0,
2026-10-09T14:48:43+07:00,OK,212.1,4.996,1040.5,67.9,1059.7,0.981,50.03,24.0,1.31968,0.12632,0.00000,94.0,
2026-10-09T14:48:45+07:00,OK,212.0,4.963,1033.3,63.5,1052.2,0.982,50.03,24.0,1.32025,0.12635,0.00000,93.0,
2026-10-09T14:48:47+07:00,OK,211.9,4.992,1037.8,63.8,1057.8,0.981,50.04,24.0,1.32083,0.12639,0.00000,78.0,
2026-10-09T14:48:49+07:00,OK,211.7,4.977,1035.2,63.3,1053.6,0.982,50.02,24.0,1.32141,0.12642,0.00000,78.0,
2026-10-09T14:48:51+07:00,OK,211.8,4.972,1036.4,63.8,1053.1,0.984,50.04,24.0,1.32198,0.12646,0.00000,78.0,
2026-10-09T14:48:53+07:00,OK,211.9,4.975,1036.3,65.0,1054.2,0.983,50.04,24.0,1.32256,0.12649,0.00000,78.0,
2026-10-09T14:48:55+07:00,OK,212.2,4.988,1040.0,64.0,1058.5,0.982,50.03,24.0,1.32313,0.12653,0.00000,93.0,
2026-10-09T14:48:57+07:00,OK,212.2,4.991,1040.1,63.7,1059.1,0.982,50.04,24.01,1.32371,0.12657,0.00000,78.0,
2026-10-09T14:48:59+07:00,OK,212.3,5.085,1057.2,63.6,1079.5,0.979,50.02,24.01,1.32430,0.12660,0.00000,94.0,
2026-10-09T14:49:01+07:00,OK,212.3,5.019,1046.2,63.3,1065.5,0.981,50.02,24.01,1.32488,0.12664,0.00000,94.0,
2026-10-09T14:49:03+07:00,OK,212.2,5.007,1043.7,63.8,1062.5,0.982,50.03,24.01,1.32546,0.12667,0.00000,110.0,
2026-10-09T14:49:05+07:00,OK,212.3,5.043,1051.0,63.9,1070.6,0.981,50.04,24.01,1.32604,0.12671,0.00000,78.0,
2026-10-09T14:49:07+07:00,OK,212.4,4.993,1041.8,64.6,1060.5,0.982,50.03,24.01,1.32663,0.12674,0.00000,78.0,
2026-10-09T14:49:09+07:00,OK,212.4,5.014,1047.0,64.5,1065.0,0.983,50.04,24.01,1.32721,0.12678,0.00000,94.0,
2026-10-09T14:49:11+07:00,OK,212.4,5.012,1045.7,64.6,1064.5,0.982,50.02,24.01,1.32778,0.12681,0.00000,109.0,
2026-10-09T14:49:13+07:00,OK,212.6,5.022,1048.3,63.8,1067.7,0.981,50.05,24.01,1.32836,0.12685,0.00000,109.0,
2026-10-09T14:49:15+07:00,OK,212.6,5.004,1042.9,65.3,1063.9,0.98,50.03,24.01,1.32895,0.12689,0.00000,110.0,
2026-10-09T14:49:17+07:00,OK,213.0,5.004,1044.6,66.0,1065.9,0.98,50.01,24.01,1.32952,0.12692,0.00000,93.0,
2026-10-09T14:49:19+07:00,OK,212.9,5.009,1046.2,66.1,1066.4,0.981,50.05,24.01,1.33011,0.12696,0.00000,93.0,
2026-10-09T14:49:21+07:00,OK,213.1,5.009,1048.8,66.7,1067.4,0.982,50.02,24.01,1.33069,0.12700,0.00000,93.0,
2026-10-09T14:49:23+07:00,OK,213.1,4.993,1044.8,67.6,1064.0,0.981,50.03,24.01,1.33127,0.12703,0.00000,93.0,
2026-10-09T14:49:25+07:00,OK,213.2,4.992,1048.2,64.7,1064.3,0.984,50.02,24.01,1.33185,0.12707,0.00000,93.0,
2026-10-09T14:49:27+07:00,OK,213.5,5.013,1051.8,64.6,1070.3,0.982,50.01,24.01,1.33244,0.12711,0.00000,78.0,
2026-10-09T14:49:29+07:00,OK,213.5,5.041,1057.5,66.7,1076.3,0.982,50.0,24.01,1.33302,0.12714,0.00000,93.0,
2026-10-09T14:49:31+07:00,OK,213.6,4.993,1047.4,67.6,1066.5,0.982,50.02,24.02,1.33360,0.12718,0.00000,78.0,
2026-10-09T14:49:33+07:00,OK,213.5,4.998,1047.8,68.0,1067.1,0.982,50.02,24.02,1.33419,0.12722,0.00000,78.0,
2026-10-09T14:49:35+07:00,OK,211.8,10.115,2009.8,252.9,2142.4,0.938,50.02,24.02,1.33503,0.12731,0.00000,93.0,
2026-10-09T14:49:37+07:00,OK,212.6,7.341,1549.1,90.2,1560.7,0.992,50.0,24.02,1.33603,0.12740,0.00000,94.0,
2026-10-09T14:49:39+07:00,OK,212.8,7.293,1538.4,84.3,1552.0,0.991,50.02,24.02,1.33689,0.12745,0.00000,78.0,
2026-10-09T14:49:41+07:00,OK,212.8,7.324,1545.3,81.3,1558.5,0.991,50.02,24.02,1.33774,0.12750,0.00000,78.0,
2026-10-09T14:49:43+07:00,OK,212.6,7.301,1538.8,82.6,1552.2,0.991,50.02,24.02,1.33860,0.12754,0.00000,94.0,
2026-10-09T14:49:45+07:00,OK,212.6,7.36,1551.2,81.5,1564.7,0.991,50.02,24.02,1.33946,0.12759,0.00000,78.0,
2026-10-09T14:49:47+07:00,OK,212.6,7.265,1532.5,82.0,1544.5,0.992,50.04,24.02,1.34032,0.12763,0.00000,78.0,
2026-10-09T14:49:49+07:00,OK,212.7,7.277,1535.6,83.4,1547.8,0.992,50.02,24.02,1.34117,0.12768,0.00000,78.0,
2026-10-09T14:49:51+07:00,OK,212.8,7.312,1541.8,83.1,1556.0,0.99,50.02,24.02,1.34202,0.12772,0.00000,93.0,
2026-10-09T14:49:53+07:00,OK,212.7,7.245,1528.1,84.1,1541.0,0.991,50.03,24.02,1.34288,0.12777,0.00000,78.0,
2026-10-09T14:49:55+07:00,OK,212.6,7.271,1532.3,82.2,1545.8,0.991,50.03,24.03,1.34373,0.12782,0.00000,94.0,
2026-10-09T14:49:57+07:00,OK,212.5,7.299,1537.8,81.7,1551.0,0.991,50.04,24.03,1.34457,0.12786,0.00000,93.0,
2026-10-09T14:49:59+07:00,OK,212.6,7.244,1528.1,82.4,1540.1,0.992,50.01,24.03,1.34542,0.12791,0.00000,93.0,
2026-10-09T14:50:01+07:00,OK,212.7,7.254,1531.5,82.9,1542.9,0.992,50.01,24.03,1.34627,0.12795,0.00000,93.0,
2026-10-09T14:50:03+07:00,OK,212.7,7.282,1537.3,83.3,1548.9,0.992,50.03,24.03,1.34713,0.12800,0.00000,78.0,
2026-10-09T14:50:05+07:00,OK,212.5,7.237,1525.8,82.9,1537.9,0.992,50.03,24.03,1.34798,0.12805,0.00000,78.0,
2026-10-09T14:50:07+07:00,OK,212.6,7.261,1530.8,82.8,1543.7,0.991,50.03,24.03,1.34883,0.12809,0.00000,94.0,
2026-10-09T14:50:09+07:00,OK,212.5,7.248,1527.4,82.9,1540.2,0.991,50.03,24.03,1.34968,0.12814,0.00000,93.0,
2026-10-09T14:50:11+07:00,OK,212.7,7.258,1530.7,83.1,1543.8,0.991,50.04,24.03,1.35052,0.12818,0.00000,93.0,
2026-10-09T14:50:13+07:00,OK,212.8,7.232,1526.4,83.1,1539.0,0.991,50.03,24.03,1.35137,0.12823,0.00000,93.0,
2026-10-09T14:50:15+07:00,OK,212.5,7.267,1531.0,82.0,1544.2,0.991,50.03,24.03,1.35222,0.12828,0.00000,93.0,
2026-10-09T14:50:17+07:00,OK,212.4,7.242,1526.3,81.5,1538.2,0.992,50.02,24.03,1.35307,0.12832,0.00000,93.0,
2026-10-09T14:50:19+07:00,OK,212.5,7.235,1525.6,82.8,1537.4,0.992,50.02,24.04,1.35393,0.12837,0.00000,78.0,
2026-10-09T14:50:21+07:00,OK,212.5,7.246,1527.7,82.2,1539.8,0.992,50.01,24.04,1.35477,0.12841,0.00000,93.0,
2026-10-09T14:50:23+07:00,OK,212.5,7.243,1527.5,82.1,1539.1,0.992,50.03,24.04,1.35562,0.12846,0.00000,78.0,
2026-10-09T14:50:25+07:00,OK,212.4,7.231,1524.3,80.9,1535.9,0.992,50.02,24.04,1.35646,0.12850,0.00000,93.0,
2026-10-09T14:50:27+07:00,OK,212.4,7.333,1542.9,80.9,1557.5,0.99,50.01,24.04,1.35732,0.12855,0.00000,94.0,
2026-10-09T14:50:29+07:00,OK,212.3,7.279,1532.6,81.7,1545.3,0.991,50.04,24.04,1.35818,0.12859,0.00000,94.0,
2026-10-09T14:50:31+07:00,OK,212.7,7.291,1537.2,81.8,1550.8,0.991,50.03,24.04,1.35903,0.12864,0.00000,110.0,
2026-10-09T14:50:33+07:00,OK,212.7,7.261,1531.1,83.0,1544.4,0.991,50.03,24.04,1.35988,0.12869,0.00000,78.0,
2026-10-09T14:50:35+07:00,OK,212.9,7.234,1527.8,83.0,1540.1,0.992,50.04,24.04,1.36074,0.12873,0.00000,78.0,
2026-10-09T14:50:37+07:00,OK,212.6,7.234,1526.3,82.7,1537.9,0.992,50.02,24.04,1.36157,0.12878,0.00000,93.0,
2026-10-09T14:50:39+07:00,OK,212.8,7.256,1531.6,83.2,1544.1,0.991,50.01,24.04,1.36243,0.12882,0.00000,94.0,
2026-10-09T14:50:41+07:00,OK,212.7,7.241,1527.9,82.9,1540.2,0.992,50.03,24.04,1.36328,0.12887,0.00000,110.0,
2026-10-09T14:50:43+07:00,OK,212.8,7.235,1527.4,82.8,1539.6,0.992,50.04,24.05,1.36412,0.12892,0.00000,93.0,
2026-10-09T14:50:45+07:00,OK,212.8,7.232,1526.2,82.6,1539.0,0.991,50.02,24.05,1.36498,0.12896,0.00000,78.0,
2026-10-09T14:50:47+07:00,OK,212.6,7.254,1529.5,81.8,1542.2,0.991,50.03,24.05,1.36583,0.12901,0.00000,78.0,
2026-10-09T14:50:49+07:00,OK,212.8,7.245,1529.9,83.1,1541.7,0.992,50.02,24.05,1.36667,0.12905,0.00000,93.0,
2026-10-09T14:50:51+07:00,OK,212.8,7.238,1528.0,83.1,1540.2,0.992,50.0,24.05,1.36753,0.12910,0.00000,78.0,
2026-10-09T14:50:53+07:00,OK,212.8,7.23,1527.0,83.2,1538.5,0.992,50.04,24.05,1.36837,0.12915,0.00000,78.0,
2026-10-09T14:50:55+07:00,OK,213.0,7.242,1528.9,83.7,1542.5,0.991,50.02,24.05,1.36922,0.12919,0.00000,93.0,
2026-10-09T14:50:57+07:00,OK,212.9,7.232,1527.3,84.0,1539.7,0.992,50.01,24.05,1.37007,0.12924,0.00000,78.0,
2026-10-09T14:50:59+07:00,OK,212.9,7.239,1528.0,83.5,1541.2,0.991,50.02,24.05,1.37092,0.12929,0.00000,78.0,
2026-10-09T14:51:01+07:00,OK,212.9,7.241,1528.5,83.7,1541.6,0.991,50.02,24.05,1.37177,0.12933,0.00000,94.0,
2026-10-09T14:51:03+07:00,OK,212.9,7.262,1533.2,82.6,1546.1,0.991,50.03,24.05,1.37262,0.12938,0.00000,78.0,
2026-10-09T14:51:05+07:00,OK,213.1,7.223,1527.6,84.0,1539.2,0.992,50.03,24.06,1.37347,0.12942,0.00000,78.0,
2026-10-09T14:51:07+07:00,OK,213.1,7.216,1526.2,84.0,1537.7,0.992,50.02,24.06,1.37432,0.12947,0.00000,78.0,
2026-10-09T14:51:09+07:00,OK,213.0,7.232,1528.5,84.1,1540.4,0.992,50.02,24.06,1.37517,0.12952,0.00000,94.0,
2026-10-09T14:51:11+07:00,OK,213.0,7.236,1528.5,83.7,1541.3,0.991,50.04,24.06,1.37601,0.12956,0.00000,78.0,
2026-10-09T14:51:13+07:00,OK,213.1,7.229,1527.8,83.1,1540.5,0.991,50.02,24.06,1.37686,0.12961,0.00000,78.0,
2026-10-09T14:51:15+07:00,OK,213.3,7.223,1528.3,83.8,1540.7,0.992,50.01,24.06,1.37771,0.12966,0.00000,94.0,
2026-10-09T14:51:17+07:00,OK,213.0,7.301,1541.6,83.3,1555.1,0.991,50.02,24.06,1.37856,0.12970,0.00000,93.0,
2026-10-09T14:51:19+07:00,OK,212.7,7.235,1526.8,84.2,1538.9,0.992,50.02,24.06,1.37942,0.12975,0.00000,78.0,
2026-10-09T14:51:21+07:00,OK,212.7,7.249,1530.2,82.0,1541.9,0.992,50.02,24.06,1.38027,0.12980,0.00000,94.0,
2026-10-09T14:51:23+07:00,OK,212.5,7.265,1531.7,82.7,1543.8,0.992,50.03,24.06,1.38111,0.12984,0.00000,93.0,
2026-10-09T14:51:25+07:00,OK,212.7,7.245,1528.6,83.6,1541.0,0.991,50.01,24.06,1.38197,0.12989,0.00000,78.0,
2026-10-09T14:51:27+07:00,OK,212.7,7.253,1529.4,84.1,1542.7,0.991,50.01,24.06,1.38282,0.12993,0.00000,94.0,
2026-10-09T14:51:29+07:00,OK,212.9,7.255,1531.2,83.8,1544.6,0.991,50.0,24.07,1.38366,0.12998,0.00000,93.0,
2026-10-09T14:51:31+07:00,OK,212.7,7.27,1533.4,83.3,1546.3,0.991,50.01,24.07,1.38452,0.13003,0.00000,78.0,
2026-10-09T14:51:33+07:00,OK,212.7,7.25,1530.5,83.0,1542.1,0.992,50.01,24.07,1.38537,0.13007,0.00000,78.0,
2026-10-09T14:51:35+07:00,OK,212.8,7.243,1529.5,83.5,1541.3,0.992,50.0,24.07,1.38622,0.13012,0.00000,78.0,
2026-10-09T14:51:37+07:00,OK,212.9,7.242,1528.9,84.3,1541.8,0.991,50.0,24.07,1.38707,0.13017,0.00000,94.0,
2026-10-09T14:51:39+07:00,OK,213.0,7.286,1539.2,81.9,1551.9,0.991,50.0,24.07,1.38792,0.13021,0.00000,93.0,
2026-10-09T14:51:41+07:00,OK,212.5,7.277,1533.4,81.8,1546.4,0.991,50.0,24.07,1.38878,0.13026,0.00000,78.0,
2026-10-09T14:51:43+07:00,OK,212.5,7.274,1532.5,82.2,1545.7,0.991,50.01,24.07,1.38963,0.13030,0.00000,94.0,
2026-10-09T14:51:45+07:00,OK,212.7,7.253,1530.7,82.6,1542.7,0.992,50.02,24.07,1.39047,0.13035,0.00000,93.0,
2026-10-09T14:51:47+07:00,OK,213.0,7.258,1533.9,83.6,1546.0,0.992,50.01,24.07,1.39132,0.13040,0.00000,78.0,
2026-10-09T14:51:49+07:00,OK,212.8,7.256,1531.9,82.6,1544.1,0.992,50.02,24.07,1.39217,0.13044,0.00000,93.0,
2026-10-09T14:51:51+07:00,OK,212.6,7.277,1533.8,81.4,1547.1,0.991,50.03,24.07,1.39303,0.13049,0.00000,78.0,
2026-10-09T14:51:53+07:00,OK,212.6,7.275,1532.9,81.2,1546.7,0.991,50.03,24.08,1.39388,0.13053,0.00000,93.0,
2026-10-09T14:51:55+07:00,OK,212.7,7.256,1530.1,81.6,1543.4,0.991,50.03,24.08,1.39474,0.13058,0.00000,94.0,
2026-10-09T14:51:57+07:00,OK,212.6,7.29,1536.9,81.0,1549.9,0.991,50.04,24.08,1.39559,0.13062,0.00000,110.0,
2026-10-09T14:51:59+07:00,OK,212.4,7.396,1556.9,78.9,1570.9,0.991,50.03,24.08,1.39644,0.13067,0.00000,93.0,
2026-10-09T14:52:01+07:00,OK,212.5,7.326,1544.2,80.6,1556.8,0.991,50.02,24.08,1.39731,0.13071,0.00000,78.0,
2026-10-09T14:52:03+07:00,OK,212.3,7.377,1552.5,78.8,1566.1,0.991,50.01,24.08,1.39817,0.13076,0.00000,78.0,
2026-10-09T14:52:05+07:00,OK,212.4,7.261,1530.1,80.6,1542.2,0.992,50.03,24.08,1.39902,0.13080,0.00000,94.0,
2026-10-09T14:52:07+07:00,OK,212.4,7.269,1531.9,80.2,1543.9,0.992,50.02,24.08,1.39987,0.13084,0.00000,125.0,
2026-10-09T14:52:09+07:00,OK,212.6,7.287,1535.4,81.1,1549.2,0.991,50.04,24.08,1.40072,0.13089,0.00000,78.0,
2026-10-09T14:52:11+07:00,OK,212.8,7.268,1532.6,81.5,1546.6,0.99,50.02,24.08,1.40158,0.13094,0.00000,94.0,
2026-10-09T14:52:13+07:00,OK,212.7,7.265,1532.5,81.4,1545.3,0.991,50.0,24.08,1.40242,0.13098,0.00000,93.0,
2026-10-09T14:52:15+07:00,OK,212.8,7.293,1538.3,80.8,1552.0,0.991,50.02,24.09,1.40328,0.13103,0.00000,93.0,
2026-10-09T14:52:17+07:00,OK,212.8,7.233,1527.2,80.6,1539.2,0.992,50.04,24.09,1.40414,0.13107,0.00000,78.0,
2026-10-09T14:52:19+07:00,OK,213.0,7.245,1531.1,81.1,1543.2,0.992,50.01,24.09,1.40499,0.13112,0.00000,78.0,
2026-10-09T14:52:21+07:00,OK,212.8,7.27,1534.1,80.7,1547.1,0.991,50.04,24.09,1.40584,0.13116,0.00000,94.0,
2026-10-09T14:52:23+07:00,OK,212.7,7.322,1543.2,81.2,1557.4,0.99,50.02,24.09,1.40668,0.13120,0.00000,78.0,
2026-10-09T14:52:25+07:00,OK,212.8,7.245,1529.6,81.5,1541.7,0.992,50.04,24.09,1.40754,0.13125,0.00000,94.0,
2026-10-09T14:52:27+07:00,OK,212.8,7.254,1532.1,81.6,1543.7,0.992,50.06,24.09,1.40839,0.13130,0.00000,93.0,
2026-10-09T14:52:29+07:00,OK,212.9,7.311,1544.0,81.2,1556.5,0.991,50.04,24.09,1.40925,0.13134,0.00000,78.0,
2026-10-09T14:52:31+07:00,OK,212.8,7.245,1530.0,81.4,1541.7,0.992,50.03,24.09,1.41010,0.13139,0.00000,94.0,
2026-10-09T14:52:33+07:00,OK,212.7,7.255,1530.7,81.1,1543.1,0.991,50.04,24.09,1.41095,0.13143,0.00000,78.0,
2026-10-09T14:52:35+07:00,OK,212.6,7.249,1528.9,80.5,1541.1,0.992,50.05,24.09,1.41180,0.13148,0.00000,94.0,
2026-10-09T14:52:37+07:00,OK,212.7,7.247,1529.0,81.2,1541.4,0.991,50.06,24.09,1.41265,0.13152,0.00000,93.0,
2026-10-09T14:52:39+07:00,OK,212.8,7.253,1531.5,80.8,1543.4,0.992,50.03,24.1,1.41350,0.13157,0.00000,93.0,
2026-10-09T14:52:41+07:00,OK,212.8,7.246,1530.7,80.8,1541.9,0.992,50.05,24.1,1.41435,0.13161,0.00000,93.0,
2026-10-09T14:52:43+07:00,OK,212.9,7.244,1530.3,81.4,1542.2,0.992,50.05,24.1,1.41520,0.13166,0.00000,78.0,
2026-10-09T14:52:45+07:00,OK,212.9,7.251,1531.2,81.7,1543.7,0.991,50.02,24.1,1.41606,0.13170,0.00000,78.0,
2026-10-09T14:52:47+07:00,OK,212.7,7.256,1531.2,80.8,1543.4,0.992,50.04,24.1,1.41690,0.13175,0.00000,93.0,
2026-10-09T14:52:49+07:00,OK,212.7,7.603,1600.1,144.6,1617.2,0.989,50.05,24.1,1.41777,0.13181,0.00000,93.0,
2026-10-09T14:52:51+07:00,OK,212.6,7.559,1591.6,142.7,1607.0,0.99,50.03,24.1,1.41866,0.13189,0.00000,93.0,
2026-10-09T14:52:53+07:00,OK,212.4,7.558,1590.0,141.4,1605.3,0.99,50.04,24.1,1.41954,0.13197,0.00000,93.0,
2026-10-09T14:52:55+07:00,OK,212.4,7.58,1593.8,142.1,1610.0,0.989,50.06,24.1,1.42043,0.13205,0.00000,78.0,
2026-10-09T14:52:57+07:00,OK,212.5,7.564,1590.5,142.7,1607.4,0.989,50.03,24.1,1.42131,0.13213,0.00000,94.0,
2026-10-09T14:52:59+07:00,OK,212.6,7.578,1594.2,143.0,1611.1,0.989,50.02,24.1,1.42219,0.13220,0.00000,93.0,
2026-10-09T14:53:01+07:00,OK,212.4,7.569,1591.3,141.6,1607.7,0.989,50.04,24.1,1.42308,0.13228,0.00000,78.0,
2026-10-09T14:53:03+07:00,OK,212.5,7.593,1597.7,141.7,1613.5,0.99,50.03,24.11,1.42397,0.13236,0.00000,78.0,
2026-10-09T14:53:05+07:00,OK,212.6,7.551,1589.6,142.6,1605.3,0.99,50.03,24.11,1.42485,0.13244,0.00000,93.0,
2026-10-09T14:53:07+07:00,OK,212.6,7.551,1589.6,143.2,1605.3,0.99,50.03,24.11,1.42573,0.13252,0.00000,93.0,
2026-10-09T14:53:09+07:00,OK,212.6,7.564,1591.6,142.6,1608.1,0.989,50.05,24.11,1.42662,0.13260,0.00000,93.0,
2026-10-09T14:53:11+07:00,OK,212.6,7.605,1600.6,139.9,1616.8,0.989,50.04,24.11,1.42751,0.13268,0.00000,94.0,
2026-10-09T14:53:13+07:00,OK,212.6,7.542,1588.5,141.4,1603.4,0.99,50.03,24.11,1.42839,0.13276,0.00000,78.0,
2026-10-09T14:53:15+07:00,OK,212.6,7.609,1602.6,142.3,1617.7,0.99,50.02,24.11,1.42928,0.13284,0.00000,94.0,
2026-10-09T14:53:17+07:00,OK,212.1,8.287,1743.0,141.4,1757.7,0.991,50.02,24.11,1.43021,0.13291,0.00000,78.0,
2026-10-09T14:53:19+07:00,OK,211.9,8.395,1761.2,139.4,1778.9,0.99,50.03,24.11,1.43118,0.13299,0.00000,94.0,
2026-10-09T14:53:21+07:00,OK,211.9,8.321,1747.4,139.7,1763.2,0.991,50.02,24.11,1.43215,0.13307,0.00000,109.0,
2026-10-09T14:53:23+07:00,OK,211.8,8.287,1739.2,138.7,1755.2,0.99,50.03,24.11,1.43313,0.13315,0.00000,94.0,
2026-10-09T14:53:25+07:00,OK,211.9,8.281,1740.5,139.2,1754.7,0.991,50.02,24.12,1.43409,0.13323,0.00000,110.0,
2026-10-09T14:53:27+07:00,OK,212.0,8.281,1741.4,140.1,1755.6,0.991,50.02,24.12,1.43506,0.13330,0.00000,94.0,
2026-10-09T14:53:29+07:00,OK,212.1,8.336,1752.5,139.7,1768.1,0.991,50.01,24.12,1.43603,0.13338,0.00000,78.0,
2026-10-09T14:53:31+07:00,OK,211.8,8.302,1744.1,138.4,1758.4,0.991,50.02,24.12,1.43700,0.13346,0.00000,94.0,
2026-10-09T14:53:33+07:00,OK,211.8,8.29,1740.2,139.0,1755.8,0.991,50.01,24.12,1.43797,0.13353,0.00000,94.0,
2026-10-09T14:53:35+07:00,OK,211.7,8.331,1747.8,138.0,1763.7,0.991,50.02,24.12,1.43894,0.13361,0.00000,110.0,
2026-10-09T14:53:37+07:00,OK,211.8,8.3,1742.0,139.4,1757.9,0.99,50.03,24.12,1.43990,0.13369,0.00000,78.0,
2026-10-09T14:53:39+07:00,OK,212.0,8.302,1745.0,140.1,1760.0,0.991,50.02,24.12,1.44088,0.13377,0.00000,78.0,
2026-10-09T14:53:41+07:00,OK,211.8,8.294,1742.3,139.4,1756.7,0.991,50.02,24.12,1.44185,0.13384,0.00000,78.0,
2026-10-09T14:53:43+07:00,OK,211.6,8.287,1739.2,138.1,1753.5,0.991,50.05,24.12,1.44281,0.13392,0.00000,78.0,
2026-10-09T14:53:45+07:00,OK,211.7,8.318,1744.3,139.0,1760.9,0.99,50.01,24.13,1.44378,0.13400,0.00000,78.0,
2026-10-09T14:53:47+07:00,OK,211.6,8.302,1741.2,139.3,1756.7,0.991,50.02,24.13,1.44475,0.13408,0.00000,94.0,
2026-10-09T14:53:49+07:00,OK,211.9,8.295,1743.1,140.5,1757.7,0.991,50.02,24.13,1.44572,0.13415,0.00000,78.0,
2026-10-09T14:53:51+07:00,OK,212.0,8.309,1745.4,140.2,1761.5,0.99,50.0,24.13,1.44669,0.13423,0.00000,94.0,
2026-10-09T14:53:53+07:00,OK,211.9,8.287,1740.9,140.4,1756.0,0.991,50.02,24.13,1.44765,0.13431,0.00000,93.0,
2026-10-09T14:53:55+07:00,OK,211.9,8.295,1741.4,139.7,1757.7,0.99,50.03,24.13,1.44861,0.13439,0.00000,93.0,
2026-10-09T14:53:57+07:00,OK,211.7,8.304,1742.7,137.5,1758.0,0.991,50.01,24.13,1.44958,0.13446,0.00000,93.0,
2026-10-09T14:53:59+07:00,OK,211.9,8.398,1765.6,135.7,1779.5,0.992,50.01,24.13,1.45056,0.13454,0.00000,93.0,
2026-10-09T14:54:01+07:00,OK,211.9,8.319,1745.8,140.4,1762.8,0.99,50.01,24.13,1.45153,0.13462,0.00000,93.0,
2026-10-09T14:54:03+07:00,OK,212.0,8.283,1740.2,140.6,1756.0,0.991,50.01,24.13,1.45250,0.13469,0.00000,93.0,
2026-10-09T14:54:05+07:00,OK,211.7,8.356,1752.3,139.6,1769.0,0.99,50.01,24.14,1.45348,0.13477,0.00000,78.0,
2026-10-09T14:54:07+07:00,OK,211.8,8.3,1742.0,139.4,1757.9,0.99,50.01,24.14,1.45445,0.13485,0.00000,94.0,
2026-10-09T14:54:09+07:00,OK,211.9,7.557,1585.8,140.8,1601.3,0.99,50.01,24.14,1.45537,0.13493,0.00000,78.0,
2026-10-09T14:54:11+07:00,OK,211.8,7.559,1584.6,140.3,1601.0,0.989,50.01,24.14,1.45625,0.13501,0.00000,94.0,
2026-10-09T14:54:13+07:00,OK,212.0,7.552,1584.0,140.3,1601.0,0.989,50.0,24.14,1.45713,0.13508,0.00000,93.0,
2026-10-09T14:54:15+07:00,OK,212.0,7.54,1582.5,140.7,1598.5,0.99,50.03,24.14,1.45801,0.13516,0.00000,93.0,
2026-10-09T14:54:17+07:00,OK,211.9,7.548,1584.4,140.6,1599.4,0.99,50.01,24.14,1.45889,0.13524,0.00000,93.0,
2026-10-09T14:54:19+07:00,OK,212.1,7.573,1590.3,141.0,1606.2,0.99,50.01,24.14,1.45977,0.13532,0.00000,93.0,
2026-10-09T14:54:21+07:00,OK,212.1,7.552,1585.4,140.7,1601.8,0.989,50.02,24.14,1.46065,0.13540,0.00000,93.0,
2026-10-09T14:54:23+07:00,OK,212.3,7.584,1593.1,141.4,1610.1,0.989,50.02,24.14,1.46153,0.13547,0.00000,93.0,
2026-10-09T14:54:25+07:00,OK,212.0,7.549,1585.0,140.3,1600.4,0.99,50.02,24.14,1.46242,0.13555,0.00000,94.0,
2026-10-09T14:54:27+07:00,OK,212.2,7.557,1588.4,141.5,1603.6,0.99,50.01,24.15,1.46330,0.13563,0.00000,78.0,
2026-10-09T14:54:29+07:00,OK,212.2,7.588,1593.1,140.6,1610.2,0.989,50.02,24.15,1.46419,0.13571,0.00000,94.0,
2026-10-09T14:54:31+07:00,OK,212.3,7.637,1603.1,141.0,1621.3,0.988,50.02,24.15,1.46508,0.13579,0.00000,94.0,
2026-10-09T14:54:33+07:00,OK,212.4,7.559,1589.3,142.2,1605.5,0.989,50.03,24.15,1.46596,0.13587,0.00000,78.0,
2026-10-09T14:54:35+07:00,OK,212.5,7.595,1597.8,143.0,1613.9,0.99,50.03,24.15,1.46685,0.13595,0.00000,94.0,
2026-10-09T14:54:37+07:00,OK,212.6,7.549,1588.3,143.6,1604.9,0.989,50.02,24.15,1.46773,0.13603,0.00000,78.0,
2026-10-09T14:54:39+07:00,OK,212.2,7.559,1587.8,143.0,1604.0,0.989,50.0,24.15,1.46862,0.13610,0.00000,94.0,
2026-10-09T14:54:41+07:00,OK,212.4,7.533,1583.8,144.1,1600.0,0.989,50.01,24.15,1.46950,0.13618,0.00000,94.0,
2026-10-09T14:54:43+07:00,OK,212.6,7.531,1585.5,143.4,1601.1,0.99,50.01,24.15,1.47037,0.13626,0.00000,93.0,
2026-10-09T14:54:45+07:00,OK,212.7,7.537,1587.3,145.0,1603.1,0.99,50.01,24.15,1.47126,0.13634,0.00000,94.0,
2026-10-09T14:54:47+07:00,OK,212.7,7.554,1590.5,145.5,1606.7,0.989,50.02,24.15,1.47213,0.13642,0.00000,93.0,
2026-10-09T14:54:49+07:00,OK,212.9,7.525,1585.3,145.4,1602.1,0.989,50.01,24.15,1.47302,0.13651,0.00000,94.0,
2026-10-09T14:54:51+07:00,OK,212.5,7.564,1589.7,143.5,1607.4,0.989,50.01,24.16,1.47390,0.13659,0.00000,110.0,
2026-10-09T14:54:53+07:00,OK,212.4,7.512,1579.4,143.5,1595.5,0.989,50.01,24.16,1.47478,0.13667,0.00000,93.0,
2026-10-09T14:54:55+07:00,OK,212.4,7.533,1583.1,143.6,1600.0,0.989,50.01,24.16,1.47566,0.13675,0.00000,78.0,
2026-10-09T14:54:57+07:00,OK,212.7,7.532,1584.3,144.6,1602.1,0.988,50.01,24.16,1.47654,0.13683,0.00000,94.0,
2026-10-09T14:54:59+07:00,OK,212.8,7.573,1594.0,145.9,1611.5,0.989,50.0,24.16,1.47742,0.13691,0.00000,109.0,
2026-10-09T14:55:01+07:00,OK,212.7,7.546,1588.5,145.4,1605.0,0.989,50.01,24.16,1.47830,0.13699,0.00000,109.0,
2026-10-09T14:55:03+07:00,OK,212.5,7.523,1582.8,144.5,1598.6,0.99,50.03,24.16,1.47919,0.13707,0.00000,110.0,
2026-10-09T14:55:05+07:00,OK,212.5,7.543,1585.8,144.5,1602.9,0.989,50.0,24.16,1.48006,0.13715,0.00000,93.0,
2026-10-09T14:55:07+07:00,OK,212.5,7.566,1590.2,144.6,1607.8,0.989,49.99,24.16,1.48095,0.13723,0.00000,78.0,
2026-10-09T14:55:09+07:00,OK,212.6,7.519,1581.8,145.5,1598.5,0.989,50.0,24.16,1.48183,0.13731,0.00000,78.0,
2026-10-09T14:55:11+07:00,OK,212.6,7.499,1578.2,145.5,1594.3,0.989,49.99,24.16,1.48271,0.13739,0.00000,78.0,
2026-10-09T14:55:13+07:00,OK,212.6,7.492,1577.4,145.2,1592.8,0.99,49.98,24.17,1.48359,0.13747,0.00000,94.0,
2026-10-09T14:55:15+07:00,OK,212.6,7.495,1577.9,145.4,1593.4,0.99,49.99,24.17,1.48447,0.13755,0.00000,78.0,
2026-10-09T14:55:17+07:00,OK,212.7,7.518,1582.0,146.3,1599.1,0.989,50.0,24.17,1.48534,0.13763,0.00000,94.0,
2026-10-09T14:55:19+07:00,OK,212.7,7.536,1585.1,145.7,1602.9,0.988,49.99,24.17,1.48622,0.13771,0.00000,78.0,
2026-10-09T14:55:21+07:00,OK,212.8,7.499,1579.6,145.3,1595.8,0.989,50.0,24.17,1.48710,0.13779,0.00000,78.0,
2026-10-09T14:55:23+07:00,OK,211.9,7.484,1571.3,144.0,1585.9,0.99,50.0,24.17,1.48798,0.13787,0.00000,94.0,
2026-10-09T14:55:25+07:00,OK,212.4,7.486,1574.4,143.9,1590.0,0.99,49.99,24.17,1.48885,0.13795,0.00000,78.0,
2026-10-09T14:55:27+07:00,OK,212.2,7.495,1574.7,143.4,1590.4,0.99,49.99,24.17,1.48973,0.13803,0.00000,78.0,
2026-10-09T14:55:29+07:00,OK,212.3,7.561,1587.8,140.7,1605.2,0.989,49.98,24.17,1.49060,0.13811,0.00000,94.0,
2026-10-09T14:55:31+07:00,OK,212.4,7.494,1575.0,143.2,1591.7,0.989,49.99,24.17,1.49148,0.13819,0.00000,78.0,
2026-10-09T14:55:33+07:00,OK,212.5,7.497,1576.7,144.0,1593.1,0.989,49.98,24.17,1.49236,0.13827,0.00000,94.0,
2026-10-09T14:55:35+07:00,OK,212.5,7.488,1575.4,144.1,1591.2,0.99,49.99,24.18,1.49323,0.13835,0.00000,93.0,
2026-10-09T14:55:37+07:00,OK,212.5,7.564,1590.6,143.5,1607.4,0.989,49.99,24.18,1.49411,0.13843,0.00000,78.0,
2026-10-09T14:55:39+07:00,OK,212.4,7.487,1574.7,143.9,1590.2,0.99,49.99,24.18,1.49499,0.13851,0.00000,94.0,
2026-10-09T14:55:41+07:00,OK,212.5,7.504,1577.7,143.6,1594.6,0.989,50.02,24.18,1.49586,0.13859,0.00000,93.0,
2026-10-09T14:55:43+07:00,OK,212.5,7.5,1576.8,143.8,1593.8,0.989,49.98,24.18,1.49674,0.13867,0.00000,78.0,
2026-10-09T14:55:45+07:00,OK,212.6,7.475,1572.2,144.6,1589.2,0.989,50.02,24.18,1.49762,0.13875,0.00000,78.0,
2026-10-09T14:55:47+07:00,OK,212.4,7.478,1572.2,144.3,1588.3,0.989,50.0,24.18,1.49849,0.13883,0.00000,78.0,
2026-10-09T14:55:49+07:00,OK,212.3,7.476,1571.6,143.5,1587.2,0.99,49.99,24.18,1.49937,0.13891,0.00000,78.0,
2026-10-09T14:55:51+07:00,OK,212.2,7.472,1570.2,143.0,1585.6,0.99,50.01,24.18,1.50024,0.13899,0.00000,78.0,
2026-10-09T14:55:53+07:00,OK,212.6,7.462,1570.4,143.2,1586.4,0.989,50.01,24.18,1.50111,0.13907,0.00000,94.0,
2026-10-09T14:55:55+07:00,OK,212.4,7.481,1572.6,143.6,1589.0,0.989,50.0,24.18,1.50198,0.13915,0.00000,78.0,
2026-10-09T14:55:57+07:00,OK,212.5,7.488,1574.5,143.7,1591.2,0.989,50.01,24.18,1.50285,0.13923,0.00000,93.0,
2026-10-09T14:55:59+07:00,OK,212.5,7.549,1586.8,143.3,1604.2,0.989,50.0,24.19,1.50374,0.13931,0.00000,78.0,
2026-10-09T14:56:01+07:00,OK,212.5,7.477,1573.0,143.7,1588.9,0.99,49.99,24.19,1.50461,0.13939,0.00000,94.0,
2026-10-09T14:56:03+07:00,OK,212.5,7.483,1574.6,143.5,1590.1,0.99,50.0,24.19,1.50549,0.13947,0.00000,78.0,
2026-10-09T14:56:05+07:00,OK,212.8,7.483,1576.7,145.5,1592.4,0.99,49.99,24.19,1.50636,0.13955,0.00000,78.0,
2026-10-09T14:56:07+07:00,OK,212.7,7.24,1526.7,89.4,1539.9,0.991,50.0,24.19,1.50723,0.13962,0.00000,78.0,
2026-10-09T14:56:09+07:00,OK,212.9,7.211,1522.4,83.4,1535.2,0.991,50.0,24.19,1.50807,0.13966,0.00000,78.0,
2026-10-09T14:56:11+07:00,OK,212.8,7.194,1518.3,82.7,1530.9,0.991,50.01,24.19,1.50892,0.13971,0.00000,94.0,
2026-10-09T14:56:13+07:00,OK,213.5,4.943,1036.4,74.3,1055.3,0.982,50.01,24.19,1.50962,0.13975,0.00000,93.0,
2026-10-09T14:56:15+07:00,OK,212.9,7.206,1523.4,110.5,1534.2,0.993,50.02,24.19,1.51034,0.13980,0.00000,94.0,
2026-10-09T14:56:17+07:00,OK,213.0,7.207,1523.9,84.4,1535.1,0.992,50.01,24.19,1.51118,0.13986,0.00000,94.0,
2026-10-09T14:56:19+07:00,OK,213.8,4.911,1031.8,71.9,1050.0,0.982,50.01,24.19,1.51189,0.13990,0.00000,110.0,
2026-10-09T14:56:21+07:00,OK,213.5,4.903,1029.8,70.6,1046.8,0.983,50.02,24.19,1.51246,0.13994,0.00000,93.0,
2026-10-09T14:56:23+07:00,OK,213.6,4.993,1047.0,70.4,1066.5,0.981,50.02,24.2,1.51304,0.13998,0.00000,78.0,
2026-10-09T14:56:25+07:00,OK,213.7,4.929,1033.7,71.4,1053.3,0.981,50.0,24.2,1.51362,0.14002,0.00000,94.0,
2026-10-09T14:56:27+07:00,OK,213.7,4.905,1028.8,71.2,1048.2,0.981,50.02,24.2,1.51419,0.14006,0.00000,109.0,
2026-10-09T14:56:29+07:00,OK,213.6,4.903,1028.6,71.5,1047.3,0.982,50.02,24.2,1.51477,0.14010,0.00000,110.0,
2026-10-09T14:56:31+07:00,OK,213.8,4.904,1030.3,70.4,1048.5,0.982,50.01,24.2,1.51533,0.14014,0.00000,78.0,
2026-10-09T14:56:33+07:00,OK,213.8,4.978,1046.2,70.2,1064.3,0.983,50.01,24.2,1.51592,0.14018,0.00000,78.0,
2026-10-09T14:56:35+07:00,OK,214.0,4.906,1032.5,71.6,1049.9,0.983,50.0,24.2,1.51649,0.14022,0.00000,94.0,
2026-10-09T14:56:37+07:00,OK,214.0,4.911,1032.7,71.7,1051.0,0.982,49.99,24.2,1.51706,0.14026,0.00000,93.0,
2026-10-09T14:56:39+07:00,OK,214.0,4.917,1032.7,71.5,1052.2,0.981,50.01,24.2,1.51764,0.14030,0.00000,78.0,
2026-10-09T14:56:41+07:00,OK,214.1,4.926,1035.5,71.3,1054.7,0.981,50.0,24.2,1.51821,0.14034,0.00000,94.0,
2026-10-09T14:56:43+07:00,OK,214.1,4.911,1033.5,71.3,1051.4,0.982,50.01,24.2,1.51878,0.14038,0.00000,78.0,
2026-10-09T14:56:45+07:00,OK,214.1,4.914,1034.8,72.0,1052.1,0.983,50.01,24.2,1.51936,0.14042,0.00000,94.0,
2026-10-09T14:56:47+07:00,OK,214.1,4.937,1038.9,71.8,1057.0,0.982,50.01,24.2,1.51994,0.14046,0.00000,78.0,
2026-10-09T14:56:49+07:00,OK,214.0,4.911,1032.6,71.5,1051.0,0.982,50.01,24.2,1.52051,0.14050,0.00000,93.0,
2026-10-09T14:56:51+07:00,OK,214.0,4.914,1031.5,71.6,1051.6,0.98,49.99,24.2,1.52108,0.14053,0.00000,93.0,
2026-10-09T14:56:53+07:00,OK,213.9,4.906,1030.7,70.3,1049.4,0.982,50.04,24.2,1.52166,0.14057,0.00000,78.0,
2026-10-09T14:56:55+07:00,OK,214.0,4.919,1034.2,71.1,1052.7,0.982,50.01,24.2,1.52224,0.14061,0.00000,94.0,
2026-10-09T14:56:57+07:00,OK,214.0,4.897,1030.7,71.7,1048.0,0.983,50.0,24.21,1.52280,0.14065,0.00000,93.0,
2026-10-09T14:56:59+07:00,OK,213.9,4.897,1030.7,71.5,1047.5,0.984,50.01,24.21,1.52338,0.14069,0.00000,78.0,
2026-10-09T14:57:01+07:00,OK,213.9,4.898,1030.2,71.5,1047.7,0.983,50.01,24.21,1.52395,0.14073,0.00000,78.0,
2026-10-09T14:57:03+07:00,OK,213.9,4.912,1032.3,71.8,1050.7,0.982,50.0,24.21,1.52453,0.14077,0.00000,94.0,
2026-10-09T14:57:05+07:00,OK,213.9,4.909,1031.4,71.5,1050.0,0.982,50.0,24.21,1.52510,0.14081,0.00000,93.0,
2026-10-09T14:57:07+07:00,OK,213.7,4.863,1020.0,65.3,1039.2,0.981,50.0,24.21,1.52567,0.14085,0.00000,93.0,
2026-10-09T14:57:09+07:00,OK,213.6,4.857,1020.2,64.7,1037.5,0.983,50.01,24.21,1.52624,0.14089,0.00000,94.0,
2026-10-09T14:57:11+07:00,OK,213.7,4.873,1024.4,65.1,1041.4,0.983,49.99,24.21,1.52680,0.14092,0.00000,93.0,
2026-10-09T14:57:13+07:00,OK,213.7,4.85,1019.5,65.3,1036.4,0.983,49.99,24.21,1.52737,0.14096,0.00000,78.0,
2026-10-09T14:57:15+07:00,OK,213.8,4.836,1016.4,66.4,1033.9,0.983,50.0,24.21,1.52794,0.14100,0.00000,78.0,
2026-10-09T14:57:17+07:00,OK,213.8,4.83,1014.8,66.4,1032.7,0.982,50.0,24.21,1.52850,0.14103,0.00000,94.0,
2026-10-09T14:57:19+07:00,OK,213.9,4.853,1018.4,65.6,1038.1,0.981,50.0,24.21,1.52906,0.14107,0.00000,93.0,
2026-10-09T14:57:21+07:00,OK,213.1,4.84,1012.7,65.5,1031.4,0.981,50.0,24.21,1.52963,0.14111,0.00000,93.0,
2026-10-09T14:57:23+07:00,OK,213.8,4.822,1013.1,65.4,1030.9,0.982,50.02,24.21,1.53019,0.14114,0.00000,78.0,
2026-10-09T14:57:25+07:00,OK,213.8,4.82,1014.0,64.9,1030.5,0.983,50.01,24.21,1.53076,0.14118,0.00000,94.0,
2026-10-09T14:57:27+07:00,OK,213.6,4.809,1010.9,65.3,1027.2,0.984,50.01,24.21,1.53131,0.14121,0.00000,93.0,
2026-10-09T14:57:29+07:00,OK,213.6,4.873,1022.7,63.8,1040.9,0.982,50.01,24.21,1.53188,0.14125,0.00000,93.0,
2026-10-09T14:57:31+07:00,OK,213.6,4.934,1038.2,59.3,1053.9,0.985,50.02,24.21,1.53246,0.14128,0.00000,78.0,
2026-10-09T14:57:33+07:00,OK,213.8,4.987,1048.0,60.7,1066.2,0.982,50.0,24.22,1.53303,0.14132,0.00000,93.0,
2026-10-09T14:57:35+07:00,OK,213.9,4.914,1030.6,62.7,1051.1,0.98,50.02,24.22,1.53361,0.14135,0.00000,78.0,
2026-10-09T14:57:37+07:00,OK,214.0,4.954,1041.1,64.0,1060.2,0.982,50.02,24.22,1.53418,0.14139,0.00000,93.0,
2026-10-09T14:57:39+07:00,OK,214.0,5.001,1048.8,64.2,1070.2,0.98,50.05,24.22,1.53477,0.14142,0.00000,93.0,
2026-10-09T14:57:41+07:00,OK,214.0,4.924,1031.9,64.1,1053.7,0.979,50.03,24.22,1.53535,0.14146,0.00000,78.0,
2026-10-09T14:57:43+07:00,OK,213.9,4.912,1029.8,63.6,1050.7,0.98,50.02,24.22,1.53592,0.14149,0.00000,94.0,
2026-10-09T14:57:45+07:00,OK,214.0,4.912,1029.3,64.9,1051.2,0.979,50.02,24.22,1.53649,0.14153,0.00000,94.0,
2026-10-09T14:57:47+07:00,OK,214.1,4.9,1028.1,64.2,1049.1,0.98,50.03,24.22,1.53706,0.14157,0.00000,110.0,
2026-10-09T14:57:49+07:00,OK,213.9,4.843,1016.7,64.7,1035.9,0.981,50.01,24.22,1.53763,0.14160,0.00000,78.0,
2026-10-09T14:57:51+07:00,OK,213.8,4.837,1016.4,64.3,1034.2,0.982,50.02,24.22,1.53820,0.14164,0.00000,78.0,
2026-10-09T14:57:53+07:00,OK,213.8,4.836,1017.2,64.4,1033.9,0.983,50.03,24.22,1.53876,0.14167,0.00000,94.0,
2026-10-09T14:57:55+07:00,OK,213.8,4.906,1030.9,63.5,1048.9,0.982,50.05,24.22,1.53933,0.14171,0.00000,109.0,
2026-10-09T14:57:57+07:00,OK,213.8,4.845,1019.0,64.6,1035.9,0.983,50.03,24.22,1.53990,0.14174,0.00000,110.0,
2026-10-09T14:57:59+07:00,OK,213.5,4.836,1015.3,64.7,1032.5,0.983,50.01,24.22,1.54046,0.14178,0.00000,93.0,
2026-10-09T14:58:01+07:00,OK,213.5,4.842,1015.9,63.8,1033.8,0.982,50.01,24.22,1.54102,0.14182,0.00000,93.0,
2026-10-09T14:58:03+07:00,OK,213.4,4.846,1015.7,63.4,1034.1,0.982,50.02,24.22,1.54159,0.14185,0.00000,78.0,
2026-10-09T14:58:05+07:00,OK,213.4,4.88,1023.3,63.0,1041.4,0.982,50.04,24.22,1.54216,0.14189,0.00000,94.0,
2026-10-09T14:58:07+07:00,OK,213.4,4.835,1015.8,64.1,1031.8,0.984,50.03,24.22,1.54272,0.14192,0.00000,78.0,
2026-10-09T14:58:09+07:00,OK,213.5,4.841,1016.7,63.6,1033.6,0.983,50.01,24.23,1.54329,0.14196,0.00000,93.0,
2026-10-09T14:58:11+07:00,OK,213.2,4.848,1015.7,62.9,1033.6,0.982,50.02,24.23,1.54386,0.14199,0.00000,78.0,
2026-10-09T14:58:13+07:00,OK,213.3,4.847,1015.6,63.9,1033.9,0.982,50.02,24.23,1.54442,0.14203,0.00000,94.0,
2026-10-09T14:58:15+07:00,OK,213.3,4.854,1018.2,63.5,1035.4,0.983,50.0,24.23,1.54498,0.14206,0.00000,78.0,
2026-10-09T14:58:17+07:00,OK,213.4,4.835,1015.7,63.3,1031.8,0.984,50.03,24.23,1.54555,0.14210,0.00000,94.0,
2026-10-09T14:58:19+07:00,OK,213.4,4.837,1015.8,63.5,1032.2,0.984,50.01,24.23,1.54611,0.14213,0.00000,93.0,
2026-10-09T14:58:21+07:00,OK,213.2,4.831,1013.8,62.9,1030.0,0.984,50.01,24.23,1.54668,0.14217,0.00000,78.0,
2026-10-09T14:58:23+07:00,OK,213.1,4.86,1016.9,62.6,1035.7,0.981,50.02,24.23,1.54724,0.14220,0.00000,94.0,
2026-10-09T14:58:25+07:00,OK,213.1,4.859,1016.8,63.4,1035.5,0.982,50.02,24.23,1.54781,0.14224,0.00000,78.0,
2026-10-09T14:58:27+07:00,OK,213.2,4.838,1013.6,64.0,1031.5,0.982,50.02,24.23,1.54837,0.14227,0.00000,94.0,
2026-10-09T14:58:29+07:00,OK,213.1,4.821,1011.6,63.3,1027.4,0.984,50.03,24.23,1.54893,0.14231,0.00000,93.0,
2026-10-09T14:58:31+07:00,OK,213.1,4.847,1016.2,62.9,1032.9,0.983,50.03,24.23,1.54949,0.14234,0.00000,93.0,
2026-10-09T14:58:33+07:00,OK,213.2,4.836,1014.0,63.6,1031.0,0.983,50.03,24.23,1.55006,0.14238,0.00000,78.0,
2026-10-09T14:58:35+07:00,OK,213.3,4.937,1032.2,63.5,1053.1,0.98,49.99,24.23,1.55063,0.14241,0.00000,94.0,
2026-10-09T14:58:37+07:00,OK,213.5,4.845,1016.2,64.2,1034.4,0.982,50.03,24.23,1.55119,0.14245,0.00000,78.0,
2026-10-09T14:58:39+07:00,OK,213.2,4.85,1017.4,63.5,1034.0,0.983,50.01,24.23,1.55176,0.14249,0.00000,94.0,
2026-10-09T14:58:41+07:00,OK,213.2,4.865,1020.2,62.1,1037.2,0.983,50.01,24.23,1.55232,0.14252,0.00000,93.0,
2026-10-09T14:58:43+07:00,OK,213.3,4.854,1017.7,63.8,1035.4,0.983,50.02,24.24,1.55289,0.14255,0.00000,93.0,
2026-10-09T14:58:45+07:00,OK,213.3,4.845,1016.0,62.7,1033.4,0.983,50.0,24.24,1.55346,0.14259,0.00000,93.0,
2026-10-09T14:58:47+07:00,OK,213.3,4.852,1016.3,63.3,1034.9,0.982,50.0,24.24,1.55402,0.14263,0.00000,78.0,
2026-10-09T14:58:49+07:00,OK,213.2,4.916,1029.1,63.3,1048.1,0.981,49.99,24.24,1.55459,0.14266,0.00000,94.0,
2026-10-09T14:58:51+07:00,OK,213.2,4.835,1013.6,63.7,1030.8,0.983,49.99,24.24,1.55516,0.14270,0.00000,78.0,
2026-10-09T14:58:53+07:00,OK,213.3,4.83,1013.6,63.8,1030.2,0.983,50.0,24.24,1.55572,0.14273,0.00000,94.0,
2026-10-09T14:58:55+07:00,OK,213.6,4.846,1017.8,64.5,1035.1,0.983,49.98,24.24,1.55629,0.14277,0.00000,78.0,
2026-10-09T14:58:57+07:00,OK,213.6,4.832,1014.5,64.8,1032.1,0.982,50.0,24.24,1.55685,0.14280,0.00000,78.0,
2026-10-09T14:58:59+07:00,OK,213.6,4.847,1016.6,63.3,1035.3,0.981,50.01,24.24,1.55742,0.14284,0.00000,94.0,
2026-10-09T14:59:01+07:00,OK,213.3,4.837,1013.2,63.9,1031.7,0.982,49.99,24.24,1.55798,0.14287,0.00000,94.0,
2026-10-09T14:59:03+07:00,OK,213.4,4.841,1014.4,64.7,1033.1,0.981,49.99,24.24,1.55854,0.14291,0.00000,93.0,
2026-10-09T14:59:05+07:00,OK,213.3,4.876,1021.6,63.7,1040.1,0.982,49.99,24.24,1.55910,0.14294,0.00000,93.0,
2026-10-09T14:59:07+07:00,OK,213.8,4.818,1013.5,64.8,1030.1,0.983,50.0,24.24,1.55967,0.14298,0.00000,93.0,
2026-10-09T14:59:09+07:00,OK,213.7,4.849,1019.1,64.5,1036.2,0.983,49.98,24.24,1.56024,0.14302,0.00000,78.0,
2026-10-09T14:59:11+07:00,OK,213.7,4.901,1029.7,63.5,1047.3,0.983,49.99,24.24,1.56081,0.14305,0.00000,94.0,
2026-10-09T14:59:13+07:00,OK,213.6,4.997,1044.2,95.3,1067.4,0.978,50.02,24.24,1.56138,0.14310,0.00000,125.0,
2026-10-09T14:59:15+07:00,OK,213.7,4.874,1022.7,66.0,1041.6,0.981,49.97,24.24,1.56196,0.14314,0.00000,78.0,
2026-10-09T14:59:17+07:00,OK,213.7,4.824,1013.3,65.4,1030.9,0.983,50.01,24.25,1.56252,0.14318,0.00000,93.0,
2026-10-09T14:59:19+07:00,OK,213.8,4.828,1013.6,65.0,1032.2,0.981,50.0,24.25,1.56309,0.14321,0.00000,78.0,
2026-10-09T14:59:21+07:00,OK,213.7,4.846,1016.9,64.6,1035.6,0.982,50.0,24.25,1.56365,0.14325,0.00000,109.0,
2026-10-09T14:59:23+07:00,OK,213.6,4.829,1013.1,64.7,1031.5,0.982,49.98,24.25,1.56421,0.14329,0.00000,125.0,
2026-10-09T14:59:25+07:00,OK,213.6,4.873,1021.5,64.6,1040.9,0.981,49.98,24.25,1.56477,0.14332,0.00000,93.0,
2026-10-09T14:59:27+07:00,OK,213.7,4.83,1015.1,64.2,1032.2,0.983,49.99,24.25,1.56534,0.14336,0.00000,93.0,
2026-10-09T14:59:29+07:00,OK,213.6,4.863,1020.4,64.4,1038.7,0.982,50.02,24.25,1.56591,0.14339,0.00000,93.0,
2026-10-09T14:59:31+07:00,OK,213.6,4.846,1017.1,64.3,1035.1,0.982,49.99,24.25,1.56648,0.14343,0.00000,78.0,
2026-10-09T14:59:33+07:00,OK,213.5,4.893,1024.2,64.2,1044.7,0.98,50.0,24.25,1.56704,0.14346,0.00000,93.0,
2026-10-09T14:59:35+07:00,OK,213.5,4.927,1030.6,63.5,1051.9,0.979,50.01,24.25,1.56761,0.14350,0.00000,93.0,
2026-10-09T14:59:37+07:00,OK,213.4,4.838,1014.8,64.3,1032.4,0.982,49.99,24.25,1.56818,0.14354,0.00000,93.0,
2026-10-09T14:59:39+07:00,OK,213.2,4.829,1013.3,64.0,1029.5,0.984,50.02,24.25,1.56875,0.14357,0.00000,94.0,
2026-10-09T14:59:41+07:00,OK,213.1,4.855,1017.2,63.3,1034.6,0.983,49.98,24.25,1.56931,0.14361,0.00000,78.0,
2026-10-09T14:59:43+07:00,OK,213.2,4.842,1014.7,64.1,1032.3,0.982,50.02,24.25,1.56987,0.14364,0.00000,78.0,
2026-10-09T14:59:45+07:00,OK,213.4,4.885,1022.2,64.4,1042.5,0.98,49.98,24.25,1.57044,0.14368,0.00000,78.0,
2026-10-09T14:59:47+07:00,OK,213.4,4.84,1014.4,64.0,1032.9,0.982,49.97,24.25,1.57101,0.14371,0.00000,94.0,
2026-10-09T14:59:49+07:00,OK,213.3,4.837,1014.5,63.8,1031.7,0.983,49.99,24.25,1.57156,0.14375,0.00000,78.0,
2026-10-09T14:59:51+07:00,OK,213.3,4.852,1017.5,64.2,1034.9,0.983,49.99,24.25,1.57213,0.14378,0.00000,78.0,
2026-10-09T14:59:53+07:00,OK,213.0,4.838,1014.2,63.8,1030.5,0.984,49.97,24.26,1.57270,0.14382,0.00000,94.0,
2026-10-09T14:59:55+07:00,OK,213.2,4.876,1022.7,63.3,1039.6,0.983,50.0,24.26,1.57326,0.14385,0.00000,93.0,
2026-10-09T14:59:57+07:00,OK,213.2,4.941,1034.4,62.7,1053.4,0.981,50.01,24.26,1.57383,0.14389,0.00000,93.0,
2026-10-09T14:59:59+07:00,OK,213.3,4.855,1017.1,63.5,1035.6,0.982,49.99,24.26,1.57440,0.14392,0.00000,93.0,
2026-10-09T15:00:01+07:00,OK,213.3,4.882,1022.2,63.3,1041.3,0.981,49.99,24.26,1.57497,0.14396,0.00000,93.0,
2026-10-09T15:00:03+07:00,OK,213.1,5.575,1171.1,63.5,1188.0,0.985,50.0,24.26,1.57558,0.14400,0.00000,93.0,
2026-10-09T15:00:05+07:00,OK,213.1,5.614,1179.4,63.1,1196.3,0.985,50.0,24.26,1.57623,0.14403,0.00000,93.0,
2026-10-09T15:00:07+07:00,OK,213.4,5.565,1172.8,63.4,1187.6,0.987,50.0,24.26,1.57689,0.14407,0.00000,78.0,
2026-10-09T15:00:09+07:00,OK,213.5,5.583,1176.0,63.7,1192.0,0.986,49.99,24.26,1.57754,0.14410,0.00000,78.0,
2026-10-09T15:00:11+07:00,OK,213.4,5.604,1177.4,63.8,1195.9,0.984,50.0,24.26,1.57819,0.14414,0.00000,94.0,
2026-10-09T15:00:13+07:00,OK,213.2,5.6,1177.3,63.2,1193.9,0.986,50.0,24.26,1.57884,0.14417,0.00000,78.0,
2026-10-09T15:00:15+07:00,OK,213.1,5.601,1175.1,62.9,1193.6,0.984,50.0,24.26,1.57950,0.14421,0.00000,78.0,
2026-10-09T15:00:17+07:00,OK,213.5,5.571,1173.4,63.2,1189.4,0.986,50.01,24.26,1.58015,0.14424,0.00000,78.0,
2026-10-09T15:00:19+07:00,OK,213.6,5.591,1178.3,63.6,1194.2,0.986,50.01,24.26,1.58081,0.14428,0.00000,78.0,
2026-10-09T15:00:21+07:00,OK,213.3,5.603,1178.5,63.2,1195.1,0.986,50.01,24.26,1.58146,0.14431,0.00000,78.0,
2026-10-09T15:00:23+07:00,OK,213.0,5.583,1173.7,61.8,1189.2,0.987,50.01,24.26,1.58211,0.14435,0.00000,93.0,
2026-10-09T15:00:25+07:00,OK,213.0,5.609,1177.3,61.6,1194.7,0.985,50.02,24.27,1.58277,0.14438,0.00000,78.0,
2026-10-09T15:00:27+07:00,OK,213.1,5.647,1184.9,62.0,1203.4,0.984,50.01,24.27,1.58342,0.14442,0.00000,94.0,
2026-10-09T15:00:29+07:00,OK,212.6,5.612,1176.7,61.8,1193.1,0.986,50.01,24.27,1.58408,0.14445,0.00000,94.0,
2026-10-09T15:00:31+07:00,OK,213.1,5.602,1177.3,62.1,1193.8,0.986,50.01,24.27,1.58473,0.14448,0.00000,93.0,
2026-10-09T15:00:33+07:00,OK,212.9,5.588,1173.2,62.5,1189.7,0.986,50.01,24.27,1.58538,0.14452,0.00000,93.0,
2026-10-09T15:00:35+07:00,OK,212.8,5.592,1174.5,62.4,1190.0,0.987,50.02,24.27,1.58604,0.14455,0.00000,78.0,
2026-10-09T15:00:37+07:00,OK,212.8,5.624,1177.9,62.2,1196.8,0.984,50.01,24.27,1.58669,0.14459,0.00000,94.0,
2026-10-09T15:00:39+07:00,OK,213.0,5.608,1178.1,62.2,1194.5,0.986,50.01,24.27,1.58735,0.14462,0.00000,94.0,
2026-10-09T15:00:41+07:00,OK,213.0,5.607,1177.1,62.8,1194.3,0.985,50.0,24.27,1.58800,0.14466,0.00000,110.0,
2026-10-09T15:00:43+07:00,OK,213.2,5.624,1181.6,62.2,1199.0,0.985,50.01,24.27,1.58865,0.14469,0.00000,93.0,
2026-10-09T15:00:45+07:00,OK,213.2,5.584,1174.7,63.1,1190.5,0.986,50.01,24.27,1.58931,0.14473,0.00000,93.0,
2026-10-09T15:00:47+07:00,OK,213.0,5.622,1176.2,62.1,1197.5,0.982,50.01,24.27,1.58996,0.14476,0.00000,78.0,
2026-10-09T15:00:49+07:00,OK,213.0,5.582,1174.6,61.5,1189.0,0.987,50.01,24.27,1.59062,0.14480,0.00000,94.0,
2026-10-09T15:00:51+07:00,OK,213.2,5.575,1173.1,63.3,1188.6,0.987,50.01,24.27,1.59126,0.14483,0.00000,125.0,
2026-10-09T15:00:53+07:00,OK,213.7,4.855,1018.4,65.6,1037.5,0.981,50.0,24.27,1.59188,0.14487,0.00000,78.0,
2026-10-09T15:00:55+07:00,OK,213.6,4.837,1015.3,65.3,1033.2,0.982,49.99,24.27,1.59244,0.14490,0.00000,93.0,
2026-10-09T15:00:57+07:00,OK,213.5,4.84,1015.8,64.7,1033.3,0.983,49.99,24.28,1.59300,0.14494,0.00000,93.0,
2026-10-09T15:00:59+07:00,OK,211.5,10.966,2176.4,254.0,2319.3,0.938,50.02,24.28,1.59390,0.14503,0.00000,78.0,
2026-10-09T15:01:01+07:00,OK,212.6,7.824,1597.6,163.4,1663.4,0.96,50.0,24.28,1.59494,0.14514,0.00000,78.0,
2026-10-09T15:01:03+07:00,OK,213.7,4.834,1016.1,69.6,1033.0,0.983,49.99,24.28,1.59567,0.14521,0.00000,94.0,
2026-10-09T15:01:05+07:00,OK,213.7,4.833,1015.3,65.1,1032.8,0.983,50.0,24.28,1.59623,0.14525,0.00000,78.0,
2026-10-09T15:01:07+07:00,OK,213.8,4.882,1024.6,63.9,1043.8,0.981,50.0,24.28,1.59680,0.14528,0.00000,93.0,
2026-10-09T15:01:09+07:00,OK,213.6,4.834,1014.7,64.2,1032.5,0.982,50.0,24.28,1.59737,0.14532,0.00000,78.0,
2026-10-09T15:01:11+07:00,OK,213.7,4.825,1014.6,63.8,1031.1,0.983,50.03,24.28,1.59793,0.14535,0.00000,93.0,
2026-10-09T15:01:13+07:00,OK,213.6,4.869,1023.3,64.8,1040.0,0.983,50.01,24.28,1.59849,0.14539,0.00000,93.0,
2026-10-09T15:01:15+07:00,OK,213.8,4.825,1015.4,65.0,1031.6,0.984,50.01,24.28,1.59906,0.14542,0.00000,93.0,
2026-10-09T15:01:17+07:00,OK,213.9,4.833,1017.5,65.0,1033.8,0.984,50.02,24.28,1.59962,0.14546,0.00000,93.0,
2026-10-09T15:01:19+07:00,OK,213.9,4.883,1025.3,64.9,1044.5,0.981,50.03,24.28,1.60020,0.14550,0.00000,78.0,
2026-10-09T15:01:21+07:00,OK,213.5,4.848,1017.0,63.8,1035.0,0.982,50.04,24.28,1.60076,0.14553,0.00000,78.0,
2026-10-09T15:01:23+07:00,OK,213.7,4.837,1016.3,63.8,1033.7,0.983,50.02,24.28,1.60133,0.14557,0.00000,78.0,
2026-10-09T15:01:25+07:00,OK,213.7,4.841,1017.5,64.0,1034.5,0.983,50.02,24.28,1.60189,0.14560,0.00000,78.0,
2026-10-09T15:01:27+07:00,OK,213.9,4.825,1015.8,64.7,1032.1,0.984,50.02,24.28,1.60246,0.14564,0.00000,94.0,
2026-10-09T15:01:29+07:00,OK,213.9,4.874,1025.3,63.0,1042.5,0.983,50.02,24.29,1.60302,0.14568,0.00000,78.0,
2026-10-09T15:01:31+07:00,OK,214.0,4.832,1016.3,64.2,1034.0,0.982,50.03,24.29,1.60359,0.14571,0.00000,94.0,
2026-10-09T15:01:33+07:00,OK,213.9,4.841,1017.0,64.5,1035.5,0.982,50.02,24.29,1.60416,0.14575,0.00000,78.0,
2026-10-09T15:01:35+07:00,OK,213.8,4.839,1017.0,63.6,1034.6,0.983,50.01,24.29,1.60472,0.14578,0.00000,94.0,
2026-10-09T15:01:37+07:00,OK,213.7,4.835,1016.5,62.6,1033.2,0.983,50.02,24.29,1.60528,0.14582,0.00000,93.0,
2026-10-09T15:01:39+07:00,OK,213.8,4.879,1025.1,64.0,1043.1,0.982,50.01,24.29,1.60585,0.14585,0.00000,93.0,
2026-10-09T15:01:41+07:00,OK,213.8,4.833,1016.6,64.0,1033.3,0.983,50.02,24.29,1.60642,0.14589,0.00000,78.0,
2026-10-09T15:01:43+07:00,OK,214.0,4.832,1016.5,64.3,1034.0,0.983,50.02,24.29,1.60699,0.14592,0.00000,78.0,
2026-10-09T15:01:45+07:00,OK,214.0,4.844,1018.2,64.2,1036.6,0.982,50.03,24.29,1.60755,0.14596,0.00000,78.0,
2026-10-09T15:01:47+07:00,OK,213.9,4.823,1014.2,63.8,1031.6,0.983,50.03,24.29,1.60812,0.14599,0.00000,78.0,
2026-10-09T15:01:49+07:00,OK,214.3,4.845,1021.3,64.3,1038.3,0.983,50.05,24.29,1.60868,0.14603,0.00000,78.0,
2026-10-09T15:01:51+07:00,OK,214.3,4.823,1017.3,64.9,1033.6,0.984,50.05,24.29,1.60925,0.14607,0.00000,78.0,
2026-10-09T15:01:53+07:00,OK,214.0,4.814,1014.3,64.3,1030.2,0.984,50.05,24.29,1.60981,0.14610,0.00000,93.0,
2026-10-09T15:01:55+07:00,OK,213.9,4.834,1016.0,64.4,1034.0,0.982,50.04,24.29,1.61037,0.14614,0.00000,78.0,
2026-10-09T15:01:57+07:00,OK,213.9,4.825,1013.5,64.1,1032.1,0.982,50.03,24.29,1.61094,0.14617,0.00000,94.0,
2026-10-09T15:01:59+07:00,OK,213.8,4.852,1018.9,63.7,1037.4,0.982,50.03,24.29,1.61150,0.14621,0.00000,78.0,
2026-10-09T15:02:01+07:00,OK,213.9,4.838,1017.3,64.2,1034.8,0.983,50.03,24.29,1.61207,0.14624,0.00000,94.0,
2026-10-09T15:02:03+07:00,OK,213.8,4.832,1016.7,64.2,1033.1,0.984,50.03,24.29,1.61263,0.14628,0.00000,94.0,
2026-10-09T15:02:05+07:00,OK,214.0,4.884,1028.0,64.0,1045.2,0.983,50.03,24.3,1.61320,0.14632,0.00000,109.0,
2026-10-09T15:02:07+07:00,OK,213.9,4.816,1013.8,64.0,1030.1,0.984,50.02,24.3,1.61376,0.14635,0.00000,125.0,
2026-10-09T15:02:09+07:00,OK,214.0,4.819,1015.1,63.6,1031.3,0.984,50.03,24.3,1.61433,0.14639,0.00000,93.0,
2026-10-09T15:02:11+07:00,OK,213.9,4.844,1018.5,64.0,1036.1,0.983,50.06,24.3,1.61490,0.14642,0.00000,78.0,
2026-10-09T15:02:13+07:00,OK,213.8,4.855,1019.9,63.9,1038.0,0.982,50.05,24.3,1.61546,0.14646,0.00000,94.0,
2026-10-09T15:02:15+07:00,OK,214.0,4.976,1042.6,63.9,1064.9,0.979,50.03,24.3,1.61604,0.14649,0.00000,94.0,
2026-10-09T15:02:17+07:00,OK,213.9,4.85,1018.9,64.1,1037.4,0.982,50.02,24.3,1.61661,0.14653,0.00000,109.0,
2026-10-09T15:02:19+07:00,OK,214.1,4.857,1022.2,64.8,1039.9,0.983,50.04,24.3,1.61718,0.14656,0.00000,110.0,
2026-10-09T15:02:21+07:00,OK,214.1,4.871,1025.7,63.8,1042.9,0.983,50.05,24.3,1.61775,0.14660,0.00000,78.0,
2026-10-09T15:02:23+07:00,OK,214.1,4.843,1020.2,64.9,1036.9,0.983,50.04,24.3,1.61831,0.14664,0.00000,94.0,
2026-10-09T15:02:25+07:00,OK,214.7,4.847,1023.3,65.9,1040.7,0.983,50.04,24.3,1.61888,0.14667,0.00000,93.0,
2026-10-09T15:02:27+07:00,OK,214.9,4.841,1022.6,66.9,1040.3,0.982,50.04,24.3,1.61945,0.14671,0.00000,78.0,
2026-10-09T15:02:29+07:00,OK,214.8,4.831,1019.9,65.6,1037.7,0.982,50.04,24.3,1.62002,0.14675,0.00000,78.0,
2026-10-09T15:02:31+07:00,OK,214.6,4.866,1024.9,65.6,1044.2,0.981,50.04,24.3,1.62058,0.14678,0.00000,78.0,
2026-10-09T15:02:33+07:00,OK,214.6,4.837,1019.4,65.9,1038.0,0.982,50.04,24.3,1.62115,0.14682,0.00000,78.0,
2026-10-09T15:02:35+07:00,OK,214.8,4.822,1018.5,66.7,1035.8,0.983,50.03,24.3,1.62172,0.14686,0.00000,78.0,
2026-10-09T15:02:37+07:00,OK,214.8,4.82,1018.9,66.9,1035.3,0.984,50.03,24.3,1.62228,0.14689,0.00000,94.0,
2026-10-09T15:02:39+07:00,OK,214.6,4.877,1029.1,64.7,1046.6,0.983,50.04,24.3,1.62285,0.14693,0.00000,93.0,
2026-10-09T15:02:41+07:00,OK,214.7,4.824,1019.1,66.4,1035.7,0.983,50.05,24.31,1.62342,0.14697,0.00000,93.0,
2026-10-09T15:02:43+07:00,OK,214.6,4.844,1022.0,66.1,1039.5,0.983,50.03,24.31,1.62399,0.14700,0.00000,93.0,
2026-10-09T15:02:45+07:00,OK,214.5,4.847,1021.8,65.6,1039.7,0.982,50.03,24.31,1.62456,0.14704,0.00000,78.0,
2026-10-09T15:02:47+07:00,OK,214.6,4.826,1017.5,65.8,1035.7,0.982,50.03,24.31,1.62512,0.14708,0.00000,78.0,
2026-10-09T15:02:49+07:00,OK,214.6,4.873,1026.9,65.4,1045.7,0.982,50.03,24.31,1.62569,0.14711,0.00000,94.0,
2026-10-09T15:02:51+07:00,OK,214.6,4.833,1019.8,66.2,1037.2,0.983,50.04,24.31,1.62626,0.14715,0.00000,93.0,
2026-10-09T15:02:53+07:00,OK,215.3,3.094,635.2,74.6,666.1,0.953,50.03,24.31,1.62672,0.14719,0.00000,94.0,
2026-10-09T15:02:55+07:00,OK,215.2,3.107,637.1,75.5,668.6,0.952,50.03,24.31,1.62707,0.14723,0.00000,93.0,
2026-10-09T15:02:57+07:00,OK,215.3,3.11,638.9,75.3,669.6,0.954,50.03,24.31,1.62743,0.14727,0.00000,78.0,
2026-10-09T15:02:59+07:00,OK,215.4,3.137,643.3,76.2,675.7,0.952,50.05,24.31,1.62778,0.14731,0.00000,94.0,
2026-10-09T15:03:01+07:00,OK,215.2,3.118,639.0,75.1,671.0,0.952,50.04,24.31,1.62814,0.14736,0.00000,78.0,
2026-10-09T15:03:03+07:00,OK,215.1,3.147,642.3,75.7,676.9,0.948,50.02,24.31,1.62850,0.14740,0.00000,94.0,
2026-10-09T15:03:05+07:00,OK,215.1,3.146,643.1,75.1,676.7,0.95,50.01,24.31,1.62885,0.14744,0.00000,78.0,
2026-10-09T15:03:07+07:00,OK,215.4,3.097,636.2,76.6,667.1,0.953,50.01,24.31,1.62921,0.14748,0.00000,94.0,
2026-10-09T15:03:09+07:00,OK,215.4,3.196,653.5,75.8,688.4,0.949,50.03,24.31,1.62956,0.14752,0.00000,93.0,
2026-10-09T15:03:11+07:00,OK,215.4,3.109,639.6,75.7,669.7,0.955,50.02,24.31,1.62993,0.14757,0.00000,78.0,
2026-10-09T15:03:13+07:00,OK,215.3,3.139,641.8,76.4,675.8,0.949,50.03,24.31,1.63028,0.14761,0.00000,78.0,
2026-10-09T15:03:15+07:00,OK,215.0,3.088,633.6,75.2,663.9,0.954,50.03,24.31,1.63063,0.14765,0.00000,93.0,
2026-10-09T15:03:17+07:00,OK,215.2,3.097,635.1,76.0,666.5,0.953,50.01,24.31,1.63099,0.14769,0.00000,93.0,
2026-10-09T15:03:19+07:00,OK,215.2,3.486,708.8,146.6,750.2,0.944,50.02,24.31,1.63136,0.14775,0.00000,93.0,
2026-10-09T15:03:21+07:00,OK,215.0,3.502,716.1,139.6,752.9,0.951,50.01,24.31,1.63176,0.14783,0.00000,78.0,
2026-10-09T15:03:23+07:00,OK,214.8,3.444,700.2,137.2,739.8,0.946,50.02,24.31,1.63215,0.14791,0.00000,78.0,
2026-10-09T15:03:25+07:00,OK,214.8,3.559,726.1,136.5,764.5,0.949,50.01,24.31,1.63255,0.14799,0.00000,94.0,
2026-10-09T15:03:27+07:00,OK,214.9,3.427,696.2,138.2,736.5,0.945,50.02,24.32,1.63294,0.14806,0.00000,78.0,
2026-10-09T15:03:29+07:00,OK,214.8,3.479,709.7,136.6,747.3,0.949,50.02,24.32,1.63333,0.14814,0.00000,78.0,
2026-10-09T15:03:31+07:00,OK,214.9,3.548,720.7,137.2,762.5,0.945,50.0,24.32,1.63373,0.14822,0.00000,94.0,
2026-10-09T15:03:33+07:00,OK,214.9,3.451,702.6,138.8,741.6,0.947,50.01,24.32,1.63413,0.14829,0.00000,94.0,
2026-10-09T15:03:35+07:00,OK,214.9,3.453,703.6,138.2,742.0,0.948,50.03,24.32,1.63452,0.14837,0.00000,110.0,
